empresa;local_id;local_nombre;local_region;local_comuna;local_direccion;local_rpm;local_convenio;laboratorio;fecha_emision;fecha_muestreo;tipo_muestreo;tipo_monitoreo;aceites_grasas;ph;dbo5;dqo;fosforo;nitrogeno_amoniacal;poder_espumogeno;solidos_sedimentables;solidos_suspendidos_totales;volumen_de_descarga_diaria;volumen_de_descarga_mensual;aluminio;arsenico;boro;cadmio;cianuro;zinc;cobre;cromo_total;cromo_hexavalente;hidrocarburos_totales;MANGANESO  (MG/L);mercurio;niquel;plomo;sulfatos;sulfuros;TEMPERATURA    (C°)
RENDIC;344;CURICO ALAMEDA;VII - Maule;Curicó;Estado 43;4530.0;SIN CONVENIO;;;2023-04-20 00:00:00;RESUMEN;CONTROL DIRECTO;5.0;7.56;275.0;;9.63;41.9;18.3;;147.75;;;;;;;;;;;;;;;;;;;11.6
MAYORISTA;3143;M10 TEMUCO IV;IX - Araucanía;Temuco;Francisco Salazar 01650;4422.0;CONVENIO;AGQ;;2023-07-07 00:00:00;RESUMEN;CONTROL DIRECTO;16.0;7.7;33.3;;0.6;21.0;2.0;0.4;60.0;1.44;43.199999999999996;;;;;;;;;;;;;;;;;14.15
RENDIC;750;CAÑETE;VIII - Biobío;Cañete;Saavedra 525;0.0;SIN CONVENIO;BIODIVERSA;;2023-09-12 00:00:00;RESUMEN;CONTROL DIRECTO;11.0;6.88;259.0;;6.14;13.6;2.0;0.5;37.67;0;0.0;;;;;;;;;;;;;;;;;10.6
RENDIC;980;MAIPU EL ROSAL;RM - Santiago;Maipú;Av. El Rosal 6361;0.0;SIN CONVENIO;HIDROLAB;;2023-10-02 00:00:00;RESUMEN;CONTROL DIRECTO;3.16;7.05;322.0;;5.8;69.2;2.0;0.2;65.0;0;0.0;;;;;;;;;;;;;;;;;22.5
RENDIC;911;MAIPU 4 PONIENTE;RM - Santiago;Maipú;4 Poniente 1197;0.0;SIN CONVENIO;HIDROLAB;;2023-10-10 00:00:00;RESUMEN;CONTROL DIRECTO;14.5;6.55;338.0;;1.8;0.5;2.0;0.4;182.0;0;0.0;;;;;;;;;;;;;;;;;25
RENDIC;911;MAIPU 4 PONIENTE;RM - Santiago;Maipú;4 Poniente 1197;0.0;SIN CONVENIO;HIDROLAB;;2023-10-11 00:00:00;RESUMEN;CONTROL DIRECTO;7.76;7.19;344.0;;15.9;0.89;2.0;0.3;128.0;0;0.0;;;;;;;;;;;;;;;;;19.9
RENDIC;910;MAIPU CAMINO MELIPILLA;RM - Santiago;Maipú;Camino Melipilla 16850;0.0;SIN CONVENIO;HIDROLAB;;2023-10-13 00:00:00;RESUMEN;CONTROL DIRECTO;2.82;7.08;195.0;;9.4;46.3;2.0;0.1;30.0;0;0.0;;;;;;;;;;;;;;;;;23
RENDIC;911;MAIPU 4 PONIENTE;RM - Santiago;Maipú;4 Poniente 1197;0.0;SIN CONVENIO;HIDROLAB;;2023-10-13 00:00:00;RESUMEN;CONTROL DIRECTO;5.47;6.62;393.0;;5.2;1.97;2.0;0.2;88.0;0;0.0;;;;;;;;;;;;;;;;;19.4
RENDIC;442;COYHAIQUE;XI - Aysén;Coyhaique;Lautaro 331;1320.0;SIN CONVENIO;BIODIVERSA;;2023-10-23 00:00:00;RESUMEN;CONTROL DIRECTO;94.4;8.28;1945.0;;33.6;29.0;2.0;5.5;1395.0;36.2;1086.0;;;;;;;;;;;;;;;;;11.16
RENDIC;87;JUAN MARTINEZ;I - Tarapacá;Iquique;M. Rodriguez 964;0.0;CONVENIO;SGS;;2023-11-07 00:00:00;RESUMEN;CONTROL DIRECTO;6.0;6.78;278.0;;25.3;36.89;4.0;0.8;72.0;4.6;138.0;;;;;;;;;;;;;;;;;23.64
RENDIC;80;ANGOL I;IX - Araucanía;Angol;Av. O'Higgins 1257;0.0;SIN CONVENIO;AGQ;;2023-11-10 00:00:00;RESUMEN;CONTROL DIRECTO;39.0;7.46;447.0;;28.4;59.6;4.0;3.3;540.0;4.32;129.60000000000002;;;;;;;;;;;;;;;;;19.95
RENDIC;7;VALLENAR I;III - Atacama;Vallenar;Brasil 663;0.0;CONVENIO;BIODIVERSA;;2023-11-14 00:00:00;RESUMEN;CONTROL DIRECTO;1.15;8.08;84.0;;4.34;47.85;15.3;1.3;124.0;1.728;51.839999999999996;;;;;;;;;;;;;;;;0.1;18.6
RENDIC;14;COPIAPO;III - Atacama;Copiapó;Av. Henrriquez N° 523;0.0;CONVENIO;BIODIVERSA;;2023-11-20 00:00:00;RESUMEN;CONTROL DIRECTO;9.28;6.99;380.0;;8.13;24.85;16.7;0.9;126.0;7.488;224.64000000000001;;;;;;;;;;;;;;;;0.3;22.2
RENDIC;600;ALTO HOSPICIO II;I - Tarapacá;Alto Hospicio;Ruta A16 3350;0.0;SIN CONVENIO;SGS;;2023-11-21 00:00:00;RESUMEN;CONTROL DIRECTO;8.0;7.82;766.0;;9.7;118.56;41.0;0.6;286.0;11.1;333.0;;;;;;;;;;;;;;;;;26.53
RENDIC;472;CALDERA I;III - Atacama;Caldera;Batallon Atacama 319;0.0;CONVENIO;BIODIVERSA;;2023-11-22 00:00:00;RESUMEN;CONTROL DIRECTO;3.6;7.8;169.0;;7.57;44.4;7.0;0.9;119.0;1.152;34.559999999999995;;;;;;;;;;;;;;;;0.1;21.7
RENDIC;532;CURACAUTIN;IX - Araucanía;Curacautin;"O""Higgins 515";0.0;CONVENIO;AGQ;;2023-11-27 00:00:00;RESUMEN;CONTROL DIRECTO;4.88;8.07;195.0;;9.2;50.6;12.0;20;118.0;1.01;30.3;;;;;;;;;;;;;;;;;21
RENDIC;22;ATACAMA;III - Atacama;Copiapó;Los Carreras 2242;2666.0;CONVENIO;BIODIVERSA;;2023-11-28 00:00:00;RESUMEN;CONTROL DIRECTO;20.78;6.9;510.0;;18.0;47.3;7.0;1.8;101.0;64.512;1935.3600000000001;;;;;;;;;;;;;;;;1.0;20.9
RENDIC;32;CHAÑARCILLO;III - Atacama;Copiapó;Chacabuco Nº 231;0.0;CONVENIO;BIODIVERSA;;2023-11-29 00:00:00;RESUMEN;CONTROL DIRECTO;15.53;6.8;177.0;;8.84;77.5;21.0;0.9;97.0;260.006;7800.179999999999;;;;;;;;;;;;;;;;0.1;19.9
RENDIC;7;VALLENAR I;III - Atacama;Vallenar;Brasil 663;0.0;CONVENIO;CESMEC;;2023-12-01 00:00:00;RESUMEN;AUTOCONTROL;34.0;7.08;225.0;;6.4;29.5;4.0;0.5;178.0;5.3;159.0;;;;;;;;;;;;;;;;;19.3
RENDIC;87;JUAN MARTINEZ;I - Tarapacá;Iquique;M. Rodriguez 964;0.0;CONVENIO;SGS;;2023-12-11 00:00:00;RESUMEN;CONTROL DIRECTO;9.0;7.43;332.0;;8.5;53.74;23.0;10.1;206.0;8.9;267.0;;;;;;;;;;;;;;;;;25.44
RENDIC;778;ORIENTE;X - Los Lagos;Osorno;Julio Buschman 2223;2867.0;CONVENIO;CESMEC;;2023-12-12 00:00:00;RESUMEN;CONTROL DIRECTO;37.0;8.04;428.0;;12.4;54.95;2.0;0.5;114.0;6.3;189.0;;;;;;;;;;;;;;;;;9.3
RENDIC;544;PURRANQUE;X - Los Lagos;Purranque;Eleuterio Ramirez 549;0.0;SIN CONVENIO;CESMEC;;2023-12-20 00:00:00;RESUMEN;CONTROL DIRECTO;14.0;7.7;27.0;;1.6;1.47;2.0;0.5;15.0;16.2;486.0;;;;;;;;;;;;;;;;;15.1
RENDIC;576;CASTRO I;X - Los Lagos;Castro;O'Higgins 711;3875.0;SIN CONVENIO;CESMEC;;2023-12-22 00:00:00;RESUMEN;CONTROL DIRECTO;38.0;7.46;131.0;;9.0;13.67;2.0;1;170.0;0;0.0;;;;;;;;;;;;;;;;;16.4
RENDIC;777;CENTRAL;X - Los Lagos;Osorno;Patricio Lynch 1278;3684.0;CONVENIO;CESMEC;;2023-12-29 00:00:00;RESUMEN;CONTROL DIRECTO;15.0;7.3;273.0;;9.0;5.99;4.0;0.5;67.0;1.8;54.0;;;;;;;;;;;;;;;;;14.7
RENDIC;32;CHAÑARCILLO;III - Atacama;Copiapó;Chacabuco Nº 231;0.0;CONVENIO;CESMEC;;2024-01-03 00:00:00;RESUMEN;AUTOCONTROL;11.0;6.5;629.0;;49.8;70.2;8.0;12;434.0;4;120.0;;;;;;;;;;;;;;;;;21.64
RENDIC;86;BILBAO;I - Tarapacá;Iquique;Fco.Bilbao 3545;4049.0;CONVENIO;SGS;;2024-01-03 00:00:00;RESUMEN;CONTROL DIRECTO;9.0;6.82;805.0;;5.3;6.79;2.0;1.3;110.0;24.4;732.0;;;;;;;;;;;;;;;;;25.66
RENDIC;86;BILBAO;I - Tarapacá;Iquique;Fco.Bilbao 3545;4049.0;CONVENIO;SGS;;2024-01-04 00:00:00;RESUMEN;CONTROL DIRECTO;7.0;6.9;991.0;;5.5;12.71;2.0;2;127.0;24.9;747.0;;;;;;;;;;;;;;;;;26.3
RENDIC;23;LOS CARRERAS;III - Atacama;Copiapó;Los Carrera 479;0.0;SIN CONVENIO;CESMEC;;2024-01-05 00:00:00;RESUMEN;AUTOCONTROL;31.0;6.2;395.0;;6.8;19.4;20.0;0.6;73.0;0;0.0;;;;;;;;;;;;;;;;;23.3
RENDIC;472;CALDERA I;III - Atacama;Caldera;Batallon Atacama 319;0.0;CONVENIO;CESMEC;;2024-01-08 00:00:00;RESUMEN;AUTOCONTROL;48.0;6.0;459.0;;12.2;32.0;3.0;0.7;204.0;CESMEC;;;;;;;;;;;;;;;;;;24.9
RENDIC;103;VIVAR;I - Tarapacá;Iquique;Vivar 786;4420.0;CONVENIO;SGS;;2024-01-08 00:00:00;RESUMEN;CONTROL DIRECTO;7.0;7.27;100.0;;7.7;34.55;13.0;0.6;722.0;7.5;225.0;;;;;;;;;;;;;;;;;24.96
RENDIC;16;VALLENAR II;III - Atacama;Vallenar;Arturo Prat 2350;0.0;TERMINADO;CESMEC;;2024-01-09 00:00:00;RESUMEN;AUTOCONTROL;96.0;;221.0;;3.4;5.0;24.0;1.5;121.0;CESMEC;;;;;;;;;;;;;;;;;;
RENDIC;87;JUAN MARTINEZ;I - Tarapacá;Iquique;M. Rodriguez 964;0.0;CONVENIO;SGS;;2024-01-09 00:00:00;RESUMEN;CONTROL DIRECTO;9.0;6.94;979.0;;22.2;64.66;8.0;30;770.0;5;150.0;;;;;;;;;;;;;;;;;25.11
RENDIC;14;COPIAPO;III - Atacama;Copiapó;Av. Henrriquez N° 523;0.0;CONVENIO;BIODIVERSA;;2024-01-09 00:00:00;RESUMEN;CONTROL DIRECTO;0.4;22.5;219.0;;6.12;12.4;14.0;0.9;33.0;2.88;86.39999999999999;;;;;;;;;;;;;;;;0.1;6.8
RENDIC;85;AMUNATEGUI;I - Tarapacá;Iquique;Amunategui 902;0.0;CONVENIO;SGS;;2024-01-09 00:00:00;RESUMEN;CONTROL DIRECTO;9.0;6.99;583.0;;13.4;20.98;10.0;18;1003.0;3.2;96.0;;;;;;;;;;;;;;;;;25.17
RENDIC;85;AMUNATEGUI;I - Tarapacá;Iquique;Amunategui 902;0.0;CONVENIO;SGS;;2024-01-10 00:00:00;RESUMEN;CONTROL DIRECTO;9.0;7.29;572.0;;15.1;8.66;5.0;5;303.0;6.3;189.0;;;;;;;;;;;;;;;;;24.16
MAYORISTA;3014;M10 SAN FERNANDO;VI - O'Higgins;San Fernando;Chillan 745;1298.0;TERMINADO;CESMEC;;2024-01-11 00:00:00;RESUMEN;AUTOCONTROL;13.0;7.2;186.0;;7.1;52.9;29.0;0.5;40.0;1;30.0;;;;;;;;;;;;;;;;;21.7
MAYORISTA;3143;M10 TEMUCO IV;IX - Araucanía;Temuco;Francisco Salazar 01650;4422.0;CONVENIO;AGQ;;2024-01-12 00:00:00;RESUMEN;CONTROL DIRECTO;0.5;7.68;13.7;;1.77;6.78;5.0;0.1;31.0;3.96;118.8;;;;;;;;;;;;;;;;;19.25
RENDIC;9139;CD LO AGUIRRE;RM - Santiago;Pudahuel;CAMINO LO AGUIRRE SUR 537;3552.0;SIN CONVENIO;CESMEC;;2024-01-15 00:00:00;RESUMEN;AUTOCONTROL;8.0;7.6;135.0;;4.7;38.25;3.0;1;81.0;138.6;4158.0;;;;;;;;;;10.0;;;;;;;22.9
MAYORISTA;3022;M10 TEMUCO II;IX - Araucanía;Temuco;Pedro De Valdivia 2285;3721.0;CONVENIO;AGQ;;2024-01-15 00:00:00;RESUMEN;CONTROL DIRECTO;15.0;7.23;639.0;;18.8;21.3;2.0;10;680.0;1.08;32.400000000000006;;;;;;;;;;;;;;;;;18.15
RENDIC;34;LA CHIMBA;II - Antofagasta;Antofagasta;Pedro Aguirre Cerda 8700;0.0;SIN CONVENIO;CESMEC;;2024-01-16 00:00:00;RESUMEN;AUTOCONTROL;47.0;7.03;311.0;;7.6;27.1;26.0;0.5;60.0;2.88;86.39999999999999;;;;;;;;;;;;;;;;;19.6
RENDIC;961;LA CHIMBA II;II - Antofagasta;Antofagasta;Av. Pedro Aguirre Cerda 11385;0.0;SIN CONVENIO;CESMEC;;2024-01-16 00:00:00;RESUMEN;AUTOCONTROL;75.0;5.75;241.0;;11.1;36.2;26.0;0.5;100.0;0;0.0;;;;;;;;;;;;;;;;;21.2
RENDIC;555;GRANEROS;VI - O'Higgins;Graneros;Obispo Rafael Lira 042;4574.0;SIN CONVENIO;CESMEC;;2024-01-18 00:00:00;RESUMEN;AUTOCONTROL;20.0;7.4;173.0;;4.0;29.2;3.0;1.5;113.0;1.3;39.0;;;;;;;;;;;;;;;;;21.5
RENDIC;472;CALDERA I;III - Atacama;Caldera;Batallon Atacama 319;0.0;CONVENIO;BIODIVERSA;;2024-01-18 00:00:00;RESUMEN;CONTROL DIRECTO;0.78;;2690.0;;10.13;25.45;108.0;0.9;100.0;;0.0;;;;;;;;;;;;;;;;0.4;
RENDIC;461;ZENTENO AUSTRAL;XII - Magallanes;Punta Arenas;Capitan Guillermo 05;3736.0;SIN CONVENIO;HIDROLAB;;2024-01-18 00:00:00;RESUMEN;CONTROL DIRECTO;1.6;8.16;411.0;;4.1;5.14;2.0;0.2;81.0;0;0.0;;;;;;;;;;;;;;;;;21.6
RENDIC;29;GRAN VIA;II - Antofagasta;Antofagasta;Av. Angamos 0159;0.0;SIN CONVENIO;CESMEC;;2024-01-19 00:00:00;RESUMEN;AUTOCONTROL;24.0;6.93;31.0;;2.4;5.0;10.0;0.5;23.0;6.3;189.0;;;;;;;;;;;;;;;;;23.2
RENDIC;777;CENTRAL;X - Los Lagos;Osorno;Patricio Lynch 1278;3684.0;CONVENIO;ANAM;;2024-01-19 00:00:00;RESUMEN;CONTROL DIRECTO;22.0;7.19;494.0;;13.2;0.93;6.0;0.5;86.0;1.6;48.0;;;;;;;;;;;;;;;;;19.2
RENDIC;519;TRAIGUEN;IX - Araucanía;Traiguén;Santa Cruz 1170;0.0;CONVENIO;AGQ;;2024-01-19 00:00:00;RESUMEN;CONTROL DIRECTO;20.0;6.505;290.0;;13.0;17.4;2.0;4.5;180.0;0.72;21.599999999999998;;;;;;;;;;;;;;;;;19.3
RENDIC;532;CURACAUTIN;IX - Araucanía;Curacautin;"O""Higgins 515";0.0;CONVENIO;AGQ;;2024-01-22 00:00:00;RESUMEN;CONTROL DIRECTO;0.5;8.07;219.0;;3.6;312.0;25.0;0.1;40.0;1.01;30.3;;;;;;;;;;;;;;;;;19.6
RENDIC;106;LOS MOLLES;I - Tarapacá;Iquique;Santiago Polanco 2251;4050.0;CONVENIO;SGS;;2024-01-22 00:00:00;RESUMEN;CONTROL DIRECTO;8.0;7.34;375.0;;6.5;57.49;22.0;0.5;94.0;3.1;93.0;;;;;;;;;;;;;;;;;24.26
RENDIC;923;SANTA MARIA ARICA;XV - Arica y Parinacota;Arica;AV.STA. MARIA  2465;0.0;SIN CONVENIO;SGS;;2024-01-22 00:00:00;RESUMEN;CONTROL DIRECTO;5.0;6.75;28.0;;1.5;8.5;2.0;1.4;54.0;3.5;105.0;;;;;;;;;;;;;;;;;23.88
RENDIC;778;ORIENTE;X - Los Lagos;Osorno;Julio Buschman 2223;2867.0;CONVENIO;ANAM;;2024-01-23 00:00:00;RESUMEN;CONTROL DIRECTO;55.0;7.98;425.0;;12.7;33.02;2.0;0.5;93.0;10.5;315.0;;;;;;;;;;;;;;;;;16.2
RENDIC;32;CHAÑARCILLO;III - Atacama;Copiapó;Chacabuco Nº 231;0.0;CONVENIO;BIODIVERSA;;2024-01-23 00:00:00;RESUMEN;CONTROL DIRECTO;7.0;;583.0;;9.83;69.0;37.0;1.2;103.0;;0.0;;;;;;;;;;;;;;;;0.1;
RENDIC;22;ATACAMA;III - Atacama;Copiapó;Los Carreras 2242;2666.0;CONVENIO;BIODIVERSA;;2024-01-23 00:00:00;RESUMEN;CONTROL DIRECTO;2.0;;665.0;;10.05;52.5;25.0;1.4;100.0;;0.0;;;;;;;;;;;;;;;;0.2;
RENDIC;106;LOS MOLLES;I - Tarapacá;Iquique;Santiago Polanco 2251;4050.0;CONVENIO;SGS;;2024-01-23 00:00:00;RESUMEN;CONTROL DIRECTO;7.0;6.85;375.0;;7.0;40.72;30.0;0.5;98.0;3;90.0;;;;;;;;;;;;;;;;;23.86
RENDIC;86;BILBAO;I - Tarapacá;Iquique;Fco.Bilbao 3545;4049.0;CONVENIO;SGS;;2024-01-23 00:00:00;RESUMEN;CONTROL DIRECTO;6.0;6.84;635.0;;12.6;29.54;10.0;0.5;66.0;30.7;921.0;;;;;;;;;;;;;;;;;27.87
RENDIC;362;LAS TRANQUERAS;RM - Santiago;Vitacura;Vitacura 8400;0.0;SIN CONVENIO;AGUAS ANDINAS;;2024-01-25 00:00:00;RESUMEN;CONTROL DIRECTO;47.0;8.99;277.0;;11.45;66.56;0.8;10;230.0;4;120.0;;;;;;;;;;;;;;;;;16.8
RENDIC;87;JUAN MARTINEZ;I - Tarapacá;Iquique;M. Rodriguez 964;0.0;CONVENIO;SGS;;2024-01-25 00:00:00;RESUMEN;CONTROL DIRECTO;2.0;6.89;78.0;;3.7;50.15;2.0;0.6;63.0;9.4;282.0;;;;;;;;;;;;;;;;;26.88
RENDIC;85;AMUNATEGUI;I - Tarapacá;Iquique;Amunategui 902;0.0;CONVENIO;SGS;;2024-01-25 00:00:00;RESUMEN;CONTROL DIRECTO;7.0;6.65;299.0;;8.2;178.62;2.0;8;454.0;3.8;114.0;;;;;;;;;;;;;;;;;25.21
RENDIC;477;CURAUMA;V - Valparaiso;Valparaíso;Obispo Valdes 1170;2721.0;SIN CONVENIO;CESMEC;;2024-01-26 00:00:00;RESUMEN;AUTOCONTROL;28.0;7.14;593.0;;11.9;15.22;2.0;0.5;94.0;10.4;312.0;;;;;;;;;;;;;;;;;20.2
RENDIC;754;TEMUCO IV;IX - Araucanía;Temuco;Avenida Javiera Carrera 1610;0.0;CONVENIO;AGQ;;2024-01-26 00:00:00;RESUMEN;CONTROL DIRECTO;11.8;6.68;301.0;;2.6;111.0;2.0;6;500.0;8.92;267.6;;;;;;;;;;;;;;;;;19.35
RENDIC;472;CALDERA I;III - Atacama;Caldera;Batallon Atacama 319;0.0;CONVENIO;CESMEC;;2024-01-27 00:00:00;RESUMEN;AUTOCONTROL;6.5;7.05;442.0;;23.5;86.68;6.0;1.5;102.5;0.86;25.8;;;;;;;;;;;;;;;;;21.45
RENDIC;461;ZENTENO AUSTRAL;XII - Magallanes;Punta Arenas;Capitan Guillermo 05;3736.0;SIN CONVENIO;HIDROLAB;;2024-01-29 00:00:00;COMPLETO;AUTOCONTROL;2.2;7.21;250.0;;4.3;0.36;2.0;0.1;26.0;6.73;201.9;1.08;0.002;0.02;0.002;0.02;0.322;0.132;0.005;0.01;5.0;0.051;0.001;0.058;0.02;59.3;0.1;9.7
RENDIC;106;LOS MOLLES;I - Tarapacá;Iquique;Santiago Polanco 2251;4050.0;CONVENIO;SGS;;2024-02-01 00:00:00;RESUMEN;CONTROL DIRECTO;8.0;6.75;241.0;;6.0;40.25;18.0;0.5;61.0;7.1;213.0;;;;;;;;;;;;;;;;;26.57
RENDIC;86;BILBAO;I - Tarapacá;Iquique;Fco.Bilbao 3545;4049.0;CONVENIO;SGS;;2024-02-01 00:00:00;RESUMEN;CONTROL DIRECTO;9.0;7.16;578.0;;15.3;46.64;2.0;0.5;59.0;12.5;375.0;;;;;;;;;;;;;;;;;23.03
RENDIC;778;ORIENTE;X - Los Lagos;Osorno;Julio Buschman 2223;2867.0;CONVENIO;ANAM;;2024-02-04 00:00:00;RESUMEN;CONTROL DIRECTO;31.0;6.82;293.0;;6.0;82.56;2.0;0.5;280.0;11.8;354.0;;;;;;;;;;;;;;;;;13.7
RENDIC;14;COPIAPO;III - Atacama;Copiapó;Av. Henrriquez N° 523;0.0;CONVENIO;BIODIVERSA;;2024-02-05 00:00:00;RESUMEN;CONTROL DIRECTO;6.0;6.4;385.0;;7.84;31.65;47.0;0.9;52.69;1.728;51.839999999999996;;;;;;;;;;;;;;;;0.1;26.3
MAYORISTA;3143;M10 TEMUCO IV;IX - Araucanía;Temuco;Francisco Salazar 01650;4422.0;CONVENIO;AGQ;;2024-02-05 00:00:00;RESUMEN;CONTROL DIRECTO;0.5;8.05;143.0;;0.6;88.0;1.0;0.1;108.0;1.44;43.199999999999996;;;;;;;;;;;;;;;;;20.5
RENDIC;25;EL PALOMAR;III - Atacama;Copiapó;Av. Palomar 1525;3868.0;TERMINADO;BIODIVERSA;;2024-02-06 00:00:00;RESUMEN;CONTROL DIRECTO;6.0;7.5;108.0;;7.83;0.68;8.0;6;323.73;37.152;1114.56;;;;;;;;;;;;;;;;0.1;21.9
MAYORISTA;3022;M10 TEMUCO II;IX - Araucanía;Temuco;Pedro De Valdivia 2285;3721.0;CONVENIO;AGQ;;2024-02-07 00:00:00;RESUMEN;CONTROL DIRECTO;1.75;7.1;161.0;;17.1;38.1;4.0;0.1;36.0;6.84;205.2;;;;;;;;;;;;;;;;;19.01
RENDIC;472;CALDERA I;III - Atacama;Caldera;Batallon Atacama 319;0.0;CONVENIO;BIODIVERSA;;2024-02-08 00:00:00;RESUMEN;CONTROL DIRECTO;7.0;8.23;211.0;;11.74;34.1;57.0;2;65.38;303.264;9097.92;;;;;;;;;;;;;;;;0.8;23.5
RENDIC;85;AMUNATEGUI;I - Tarapacá;Iquique;Amunategui 902;0.0;CONVENIO;SGS;;2024-02-08 00:00:00;RESUMEN;CONTROL DIRECTO;8.0;6.9;97.0;;4.9;21.14;31.0;0.5;62.0;3.2;96.0;;;;;;;;;;;;;;;;;25.51
RENDIC;103;VIVAR;I - Tarapacá;Iquique;Vivar 786;4420.0;CONVENIO;SGS;;2024-02-12 00:00:00;RESUMEN;CONTROL DIRECTO;8.0;6.78;288.0;;9.3;58.81;2.0;1.5;128.0;12.7;381.0;;;;;;;;;;;;;;;;;28.02
RENDIC;777;CENTRAL;X - Los Lagos;Osorno;Patricio Lynch 1278;3684.0;CONVENIO;ANAM;;2024-02-13 00:00:00;RESUMEN;CONTROL DIRECTO;20.0;7.32;406.0;;9.0;8.54;3.0;0.5;75.0;1.7;51.0;;;;;;;;;;;;;;;;;15.9
RENDIC;465;PUERTO NATALES;XII - Magallanes;Puerto Natales;Bulnes 742;1133.0;SIN CONVENIO;HIDROLAB;;2024-02-14 00:00:00;RESUMEN;AUTOCONTROL;25.6;7.85;481.0;;12.0;17.3;2.0;5.6;169.0;5.74;172.20000000000002;5.2;0.004;0.271;0.002;0.02;0.595;0.169;0.005;0.01;1.0;0.255;0.001;0.025;0.02;18.1;0.1;21
RENDIC;7;VALLENAR I;III - Atacama;Vallenar;Brasil 663;0.0;CONVENIO;BIODIVERSA;;2024-02-14 00:00:00;RESUMEN;CONTROL DIRECTO;6.0;6.35;588.0;;12.44;32.9;10.7;0.9;46.09;2.88;86.39999999999999;;;;;;;;;;;;;;;;0.1;23.7
RENDIC;16;VALLENAR II;III - Atacama;Vallenar;Arturo Prat 2350;0.0;TERMINADO;BIODIVERSA;;2024-02-14 00:00:00;RESUMEN;CONTROL DIRECTO;2.0;7.5;18.0;;3.45;0.39;7.0;0.9;27.96;3.46;103.8;;;;;;;;;;;;;;;;0.1;22.9
RENDIC;909;TEMUCO SAN MARTIN;IX - Araucanía;Temuco;SAN MARTIN ( L147)  0675;0.0;SIN CONVENIO;AGQ;;2024-02-16 00:00:00;RESUMEN;CONTROL DIRECTO;9.0;7.05;68.8;;0.85;7.01;1.0;0.5;54.0;0.36;10.799999999999999;;;;;;;;;;;;;;;;;20.2
RENDIC;754;TEMUCO IV;IX - Araucanía;Temuco;Avenida Javiera Carrera 1610;0.0;CONVENIO;AGQ;;2024-02-16 00:00:00;RESUMEN;CONTROL DIRECTO;0.5;7.0;579.0;;22.2;57.8;1.0;8.5;392.0;1.44;43.199999999999996;;;;;;;;;;;;;;;;;21.25
RENDIC;463;BORIES AUSTRAL;XII - Magallanes;Punta Arenas;Gobernador Bories 647;3739.0;SIN CONVENIO;HIDROLAB;;2024-02-19 00:00:00;RESUMEN;AUTOCONTROL;12.0;5.5;197.0;;5.1;0.87;2.0;0.1;27.0;1.39;41.699999999999996;0.664;0.001;0.172;0.002;0.02;0.432;0.112;0.03;0.03;10.0;0.033;0.001;0.017;0.02;9.23;0.1;10.1
RENDIC;32;CHAÑARCILLO;III - Atacama;Copiapó;Chacabuco Nº 231;0.0;CONVENIO;BIODIVERSA;;2024-02-20 00:00:00;RESUMEN;CONTROL DIRECTO;5.13;7.15;316.0;;10.89;65.5;18.0;0.9;102.0;442.656;13279.68;;;;;;;;;;;;;;;;1.3;21.5
RENDIC;22;ATACAMA;III - Atacama;Copiapó;Los Carreras 2242;2666.0;CONVENIO;BIODIVERSA;;2024-02-20 00:00:00;RESUMEN;CONTROL DIRECTO;43.07;6.7;638.0;;11.54;18.35;59.0;2;183.82;91.296;2738.88;;;;;;;;;;;;;;;;0.1;22.5
RENDIC;333;LOS LEONES;RM - Santiago;Ñuñoa;Gral. Jose Artigas 3250;0.0;SIN CONVENIO;AGUAS ANDINAS;;2024-02-21 00:00:00;RESUMEN;CONTROL DIRECTO;14.0;7.72;50.0;;1.52;10.13;0.8;5;62.0;34;1020.0;;;;;;;;;;;;;;;;;25.5
RENDIC;333;LOS LEONES;RM - Santiago;Ñuñoa;Gral. Jose Artigas 3250;0.0;SIN CONVENIO;AGUAS ANDINAS;;2024-02-21 00:00:00;RESUMEN;CONTROL DIRECTO;14.0;8.59;89.0;;4.57;35.6;0.8;1;54.0;33;990.0;;;;;;;;;;;;;;;;;23.9
RENDIC;11;ALTO PEÑUELAS;IV - Coquimbo;Coquimbo;Alessandri 531;0.0;SIN CONVENIO;BIODIVERSA;;2024-02-22 00:00:00;RESUMEN;CONTROL DIRECTO;29.22;7.82;335.0;;14.02;51.5;14.7;0.9;126.14;3.12;93.60000000000001;;;;;;;;;;;;;;;;;21.3
RENDIC;980;MAIPU EL ROSAL;RM - Santiago;Maipú;Av. El Rosal 6361;0.0;SIN CONVENIO;HIDROLAB;;2024-02-23 00:00:00;RESUMEN;CONTROL DIRECTO;0.632;7.91;18.4;;2.0;25.8;2.0;0.1;11.0;0;0.0;;;;;;;;;;;;;;;;;20.6
RENDIC;911;MAIPU 4 PONIENTE;RM - Santiago;Maipú;4 Poniente 1197;0.0;SIN CONVENIO;HIDROLAB;;2024-02-23 00:00:00;RESUMEN;CONTROL DIRECTO;25.5;7.06;240.0;;6.4;1.29;2.0;0.3;126.0;0;0.0;;;;;;;;;;;;;;;;;21.1
RENDIC;459;ALLENDE AUSTRAL;XII - Magallanes;Punta Arenas;Salvador Allende 0399;3735.0;SIN CONVENIO;HIDROLAB;;2024-02-26 00:00:00;RESUMEN;AUTOCONTROL;8.3;6.55;131.0;;3.6;6.1;2.0;0.1;117.0;3.49;104.7;;;;;;;;;;;;;;;;;11.4
RENDIC;9139;CD LO AGUIRRE;RM - Santiago;Pudahuel;CAMINO LO AGUIRRE SUR 537;3552.0;SIN CONVENIO;CESMEC;;2024-02-26 00:00:00;RESUMEN;AUTOCONTROL;12.4;7.49;152.0;;4.0;9.6;2.0;1;47.0;250.9;7527.0;;;;;;;;;;10.0;;;;;;;23
MAYORISTA;3014;M10 SAN FERNANDO;VI - O'Higgins;San Fernando;Chillan 745;1298.0;TERMINADO;CESMEC;;2024-02-27 00:00:00;RESUMEN;AUTOCONTROL;27.9;7.2;271.0;;13.7;47.0;2.0;1.5;144.0;5.8;174.0;;;;;;;;;;;;;;;;;21.8
RENDIC;980;MAIPU EL ROSAL;RM - Santiago;Maipú;Av. El Rosal 6361;0.0;SIN CONVENIO;HIDROLAB;;2024-02-27 00:00:00;RESUMEN;CONTROL DIRECTO;0.5;5.12;209.0;;4.9;33.6;0.2;0.1;158.0;0;0.0;;;;;;;;;;;;;;;;;25
RENDIC;103;VIVAR;I - Tarapacá;Iquique;Vivar 786;4420.0;CONVENIO;SGS;;2024-02-28 00:00:00;RESUMEN;CONTROL DIRECTO;7.0;6.86;60.0;;6.1;6.31;2.0;4.5;138.0;1.9;57.0;;;;;;;;;;;;;;;;;25.67
RENDIC;85;AMUNATEGUI;I - Tarapacá;Iquique;Amunategui 902;0.0;CONVENIO;SGS;;2024-02-28 00:00:00;RESUMEN;CONTROL DIRECTO;6.0;6.68;151.0;;2.5;4.91;2.0;2.5;163.0;3.9;117.0;;;;;;;;;;;;;;;;;25.25
RENDIC;576;CASTRO I;X - Los Lagos;Castro;O'Higgins 711;3875.0;SIN CONVENIO;ANAM;;2024-02-29 00:00:00;RESUMEN;CONTROL DIRECTO;92.0;7.81;459.0;;12.0;26.26;2.0;0.6;433.0;5.7;171.0;;;;;;;;;;;;;;;;;19.3
RENDIC;106;LOS MOLLES;I - Tarapacá;Iquique;Santiago Polanco 2251;4050.0;CONVENIO;SGS;;2024-03-04 00:00:00;RESUMEN;CONTROL DIRECTO;7.0;6.56;647.0;;6.0;26.05;20.0;1;137.0;3.1;93.0;;;;;;;;;;;;;;;;;23.58
RENDIC;86;BILBAO;I - Tarapacá;Iquique;Fco.Bilbao 3545;4049.0;CONVENIO;SGS;;2024-03-04 00:00:00;RESUMEN;CONTROL DIRECTO;9.0;7.16;659.0;;6.7;13.18;5.0;1;148.0;12.8;384.0;;;;;;;;;;;;;;;;;29.14
RENDIC;22;ATACAMA;III - Atacama;Copiapó;Los Carreras 2242;2666.0;CONVENIO;CESMEC;;2024-03-11 00:00:00;COMPLETO;AUTOCONTROL;13.4;7.7;481.0;;13.4;67.0;10.0;1.5;142.0;12.2;366.0;0.6869;0.003;1.8409;0.01;0.1;0.3079;0.0989;0.05;0.05;10.0;0.0579;0.001;0.05;0.05;234.0;3.93;24.1
RENDIC;465;PUERTO NATALES;XII - Magallanes;Puerto Natales;Bulnes 742;1133.0;SIN CONVENIO;HIDROLAB;;2024-03-11 00:00:00;VDD;AUTOCONTROL;;;;;;;;;;44;1320.0;;;;;;;;;;;;;;;;;
RENDIC;86;BILBAO;I - Tarapacá;Iquique;Fco.Bilbao 3545;4049.0;CONVENIO;SGS;;2024-03-11 00:00:00;RESUMEN;CONTROL DIRECTO;3.0;6.96;385.0;;8.8;15.52;3.0;1.5;70.0;38.5;1155.0;;;;;;;;;;;;;;;;;26.14
RENDIC;459;ALLENDE AUSTRAL;XII - Magallanes;Punta Arenas;Salvador Allende 0399;3735.0;SIN CONVENIO;HIDROLAB;;2024-03-12 00:00:00;RESUMEN;AUTOCONTROL;6.59;6.19;239.0;;5.4;5.42;2.0;0.1;83.0;4.84;145.2;;;;;;;;;;;;;;;;;9.3
RENDIC;87;JUAN MARTINEZ;I - Tarapacá;Iquique;M. Rodriguez 964;0.0;CONVENIO;SGS;;2024-03-12 00:00:00;RESUMEN;CONTROL DIRECTO;9.0;6.76;566.0;;12.4;25.9;10.0;6.5;258.0;12;360.0;;;;;;;;;;;;;;;;;23.22
RENDIC;85;AMUNATEGUI;I - Tarapacá;Iquique;Amunategui 902;0.0;CONVENIO;SGS;;2024-03-12 00:00:00;RESUMEN;CONTROL DIRECTO;8.0;7.06;117.0;;3.3;61.31;3.0;1.3;118.0;2.9;87.0;;;;;;;;;;;;;;;;;23.69
RENDIC;25;EL PALOMAR;III - Atacama;Copiapó;Av. Palomar 1525;3868.0;TERMINADO;CESMEC;;2024-03-13 00:00:00;COMPLETO;AUTOCONTROL;123.0;7.08;223.0;;7.2;78.0;2.0;3;88.0;17.2;516.0;0.9762;0.004;1.5684;0.01;0.1;0.5655;0.1081;0.05;0.05;21.5;0.0657;0.001;0.05;0.05;155.0;1.48;24.7
RENDIC;777;CENTRAL;X - Los Lagos;Osorno;Patricio Lynch 1278;3684.0;CONVENIO;ANAM;;2024-03-13 00:00:00;RESUMEN;CONTROL DIRECTO;14.0;7.66;246.0;;10.2;1.86;3.0;3;48.0;2.2;66.0;;;;;;;;;;;;;;;;;16.2
RENDIC;903;HUECHURABA FONTOVA;RM - Santiago;Huechuraba;Pedro Fontova 7626;0.0;SIN CONVENIO;AGUAS ANDINAS;;2024-03-13 00:00:00;RESUMEN;CONTROL DIRECTO;37.0;6.77;545.0;;8.68;13.16;18.7;0.4;352.0;4;120.0;;;;;;;;;;;;;;;;;27.8
RENDIC;87;JUAN MARTINEZ;I - Tarapacá;Iquique;M. Rodriguez 964;0.0;CONVENIO;SGS;;2024-03-13 00:00:00;RESUMEN;CONTROL DIRECTO;6.0;7.06;103.0;;2.4;22.85;15.0;0.5;29.0;6.5;195.0;;;;;;;;;;;;;;;;;24.7
RENDIC;85;AMUNATEGUI;I - Tarapacá;Iquique;Amunategui 902;0.0;CONVENIO;SGS;;2024-03-13 00:00:00;RESUMEN;CONTROL DIRECTO;7.0;6.36;96.0;;1.2;27.14;9.0;1.8;47.0;5.7;171.0;;;;;;;;;;;;;;;;;24.23
RENDIC;375;ARAUCO;XIV - Los Ríos;Valdivia;Arauco 697;3420.0;CONVENIO;CESMEC;;2024-03-18 00:00:00;RESUMEN;AUTOCONTROL;14.8;6.8;243.0;;10.2;41.4;17.0;3;159.0;11;330.0;;;;;;;;;;;;;;;;;19.7
RENDIC;375;ARAUCO;XIV - Los Ríos;Valdivia;Arauco 697;3420.0;CONVENIO;CESMEC;;2024-03-18 00:00:00;RESUMEN;AUTOCONTROL;26.3;7.1;199.0;;10.8;42.2;26.0;1.2;133.0;11;330.0;;;;;;;;;;;;;;;;;18.3
RENDIC;576;CASTRO I;X - Los Lagos;Castro;O'Higgins 711;3875.0;SIN CONVENIO;CESMEC;;2024-03-19 00:00:00;RESUMEN;AUTOCONTROL;3.94;7.05;182.0;;14.1;58.2;8.0;0.5;111.0;3;90.0;;;;;;;;;;;;;;;;;15
MAYORISTA;3557;;;;;;;CESMEC;;2024-03-19 00:00:00;RESUMEN;AUTOCONTROL;41.3;6.67;307.0;;17.2;61.5;2.0;0.8;244.0;6.2;186.0;;;;;;;;;;;;;;;;;17.19
RENDIC;463;BORIES AUSTRAL;XII - Magallanes;Punta Arenas;Gobernador Bories 647;3739.0;SIN CONVENIO;HIDROLAB;;2024-03-19 00:00:00;RESUMEN;AUTOCONTROL;2.3;5.57;647.0;;12.3;1.86;2.0;0.2;36.0;6.5;195.0;;;;;;;;;;;;;;;;;9
RENDIC;461;ZENTENO AUSTRAL;XII - Magallanes;Punta Arenas;Capitan Guillermo 05;3736.0;SIN CONVENIO;HIDROLAB;;2024-03-19 00:00:00;RESUMEN;AUTOCONTROL;0.927;6.54;300.0;;7.3;14.9;2.0;0.5;41.0;5.23;156.9;;;;;;;;;;;;;;;;;7.9
RENDIC;442;COYHAIQUE;XI - Aysén;Coyhaique;Lautaro 331;1320.0;SIN CONVENIO;AGUAS PATAGONIA;;2024-03-19 00:00:00;RESUMEN;CONTROL DIRECTO;155.0;8.76;683.0;;19.6;48.8;2.0;17;548.0;6.7;201.0;;;;;;;;;;;;;;;;;9.9
RENDIC;458;ESPAÑA AUSTRAL;XII - Magallanes;Punta Arenas;Av. España 01375;1306.0;SIN CONVENIO;HIDROLAB;;2024-03-20 00:00:00;RESUMEN;AUTOCONTROL;32.6;8.25;557.0;;11.0;20.9;2.0;0.5;214.0;11.49;344.7;;;;;;;;;;;;;;;;;8.7
RENDIC;103;VIVAR;I - Tarapacá;Iquique;Vivar 786;4420.0;CONVENIO;SGS;;2024-03-20 00:00:00;RESUMEN;CONTROL DIRECTO;6.0;6.55;4.0;;0.7;4.27;2.0;0.5;4.0;5.8;174.0;;;;;;;;;;;;;;;;;24.05
RENDIC;778;ORIENTE;X - Los Lagos;Osorno;Julio Buschman 2223;2867.0;CONVENIO;CESMEC;;2024-03-21 00:00:00;RESUMEN;AUTOCONTROL;19.1;7.0;141.0;;8.25;26.2;34.0;14;156.0;11;330.0;;;;;;;;;;;;;;;;;16.9
RENDIC;905;VICENTE VALDES;RM - Santiago;La Florida;Vicuña Mackenna 7802;0.0;SIN CONVENIO;AGUAS ANDINAS;;2024-03-21 00:00:00;RESUMEN;CONTROL DIRECTO;31.0;8.61;216.0;;2.58;21.93;0.8;2;107.0;10;300.0;;;;;;;;;;;;;;;;;26.9
RENDIC;105;IQUIQUE CENTRO;I - Tarapacá;Iquique;Tarapaca 579;4051.0;TERMINADO;SGS;;2024-03-21 00:00:00;RESUMEN;CONTROL DIRECTO;2.0;7.23;264.0;;3.9;21.84;2.0;3;46.0;3.7;111.0;;;;;;;;;;;;;;;;;24.9
RENDIC;778;ORIENTE;X - Los Lagos;Osorno;Julio Buschman 2223;2867.0;CONVENIO;ANAM;;2024-03-24 00:00:00;RESUMEN;CONTROL DIRECTO;14.0;6.88;167.0;;7.6;84.37;2.0;2;43.0;10;300.0;;;;;;;;;;;;;;;;;14.5
MAYORISTA;3143;M10 TEMUCO IV;IX - Araucanía;Temuco;Francisco Salazar 01650;4422.0;CONVENIO;CESMEC;;2024-03-25 00:00:00;RESUMEN;AUTOCONTROL;8.72;7.39;55.0;;4.19;30.5;2.0;0.5;49.0;1.6;48.0;;;;;;;;;;;;;;;;;20
RENDIC;17;LOS ALAMOS;IV - Coquimbo;Coquimbo;Los Alamos 580;2643.0;TERMINADO;CESMEC;;2024-03-25 00:00:00;RESUMEN;AUTOCONTROL;15.4;7.9;107.0;;4.1;21.0;24.0;0.5;47.0;1.1;33.0;;;;;;;;;;;;;;;;;19.11
RENDIC;344;CURICO ALAMEDA;VII - Maule;Curicó;Estado 43;4530.0;SIN CONVENIO;CESMEC;;2024-03-26 00:00:00;RESUMEN;AUTOCONTROL;9.1;7.38;1301.0;;18.2;53.3;2.0;0.5;62.0;0;0.0;;;;;;;;;;;;;;;;;19.8
RENDIC;9139;CD LO AGUIRRE;RM - Santiago;Pudahuel;CAMINO LO AGUIRRE SUR 537;3552.0;SIN CONVENIO;CESMEC;;2024-03-26 00:00:00;RESUMEN;AUTOCONTROL;8.2;5.9;31.0;;1.4;6.49;2.0;1;25.0;29.9;897.0;0.2148;0.005;0.2833;0.01;0.1;0.1853;0.05;0.05;0.05;10.0;0.0229;0.001;0.05;0.05;29.0;0.5;20.29
MAYORISTA;3014;M10 SAN FERNANDO;VI - O'Higgins;San Fernando;Chillan 745;1298.0;TERMINADO;CESMEC;;2024-03-26 00:00:00;RESUMEN;AUTOCONTROL;8.1;7.2;140.0;;6.4;15.0;4.0;0.5;31.2;1.3;39.0;;;;;;;;;;;;;;;;;21.59
RENDIC;773;LLANQUIHUE;X - Los Lagos;Llanquihue;Baquedano 612;0.0;SIN CONVENIO;ANAM;;2024-03-26 00:00:00;RESUMEN;CONTROL DIRECTO;14.0;6.72;166.0;;3.1;4.72;2.0;0.5;70.0;11.6;348.0;;;;;;;;;;;;;;;;;11.4
RENDIC;777;CENTRAL;X - Los Lagos;Osorno;Patricio Lynch 1278;3684.0;CONVENIO;CESMEC;;2024-03-27 00:00:00;RESUMEN;AUTOCONTROL;32.0;6.64;338.0;;14.9;5.0;26.0;0.5;113.0;3.6;108.0;;;;;;;;;;;;;;;;;23.8
RENDIC;780;VICTORIA;X - Los Lagos;Osorno;Victoria 367 Rahue Bajo;1362.0;SIN CONVENIO;CESMEC;;2024-03-27 00:00:00;RESUMEN;AUTOCONTROL;22.3;7.12;260.0;;16.6;36.1;21.0;0.5;216.3;;0.0;;;;;;;;;;;;;;;;;21.8
RENDIC;771;MIRASOL;X - Los Lagos;Puerto Montt;Av. La Cruz 2006;3723.0;SIN CONVENIO;CESMEC;;2024-03-27 00:00:00;RESUMEN;AUTOCONTROL;40.4;7.38;261.0;;7.48;6.5;15.0;2;248.0;4;120.0;;;;;;;;;;;;;;;;;16.4
RENDIC;789;FRUTILLAR III;X - Los Lagos;Frutillar;Arturo Alessandri 381;0.0;SIN CONVENIO;ANAM;;2024-03-27 00:00:00;RESUMEN;CONTROL DIRECTO;70.0;6.83;1948.0;;13.1;26.45;4.0;1.5;598.0;68;2040.0;;;;;;;;;;;;;;;;;15.2
RENDIC;645;MEMBRILLAR;VI - O'Higgins;Rancagua;Av. Membrillar 10;84.0;SIN CONVENIO;CESMEC;;2024-03-28 00:00:00;RESUMEN;AUTOCONTROL;60.9;5.8;462.0;;10.8;33.0;3.0;9.5;150.0;1.2;36.0;;;;;;;;;;;;;;;;;20.5
ALVI;3086;ALVI TEMUCO;IX - Araucanía;Temuco;Av. Balmaceda 1531;0.0;SIN CONVENIO;AGQ;;2024-03-28 00:00:00;RESUMEN;CONTROL DIRECTO;10.5;7.25;91.3;;6.47;20.2;2.0;7;180.0;3.96;118.8;;;;;;;;;;;;;;;;;18.4
RENDIC;5;LAS COMPAÑIAS;IV - Coquimbo;La Serena;Nicaragua 1571;2644.0;SIN CONVENIO;CESMEC;;2024-04-01 00:00:00;RESUMEN;AUTOCONTROL;23.6;7.9;313.0;;9.1;48.0;4.0;4;120.8;1.5;45.0;;;;;;;;;;;;;;;;;22.96
RENDIC;86;BILBAO;I - Tarapacá;Iquique;Fco.Bilbao 3545;4049.0;CONVENIO;SGS;;2024-04-01 00:00:00;RESUMEN;CONTROL DIRECTO;6.0;6.78;834.0;;6.2;27.82;33.0;0.5;54.0;21.4;642.0;;;;;;;;;;;;;;;;;25.15
RENDIC;106;LOS MOLLES;I - Tarapacá;Iquique;Santiago Polanco 2251;4050.0;CONVENIO;SGS;;2024-04-01 00:00:00;RESUMEN;CONTROL DIRECTO;7.0;6.9;242.0;;7.4;7.96;18.0;0.5;74.0;6.2;186.0;;;;;;;;;;;;;;;;;23.95
RENDIC;86;BILBAO;I - Tarapacá;Iquique;Fco.Bilbao 3545;4049.0;CONVENIO;SGS;;2024-04-01 00:00:00;RESUMEN;CONTROL DIRECTO;6.0;6.78;834.0;;6.2;27.38;33.0;0.5;54.0;21.4;642.0;;;;;;;;;;;;;;;;;25.15
RENDIC;86;BILBAO;I - Tarapacá;Iquique;Fco.Bilbao 3545;4049.0;CONVENIO;CESMEC;;2024-04-03 00:00:00;RESUMEN;AUTOCONTROL;61.0;7.11;155.0;;5.1;11.0;2.0;4;110.0;2.2;66.0;;;;;;;;;;;;;;;;;24.9
RENDIC;106;LOS MOLLES;I - Tarapacá;Iquique;Santiago Polanco 2251;4050.0;CONVENIO;SGS;;2024-04-03 00:00:00;RESUMEN;CONTROL DIRECTO;7.0;6.82;159.0;;8.2;31.12;9.0;2;302.0;6.9;207.0;;;;;;;;;;;;;;;;;23.69
RENDIC;954;REGIMIENTO ARICA;IV - Coquimbo;La Serena;Regimiento Arica 6001;0.0;SIN CONVENIO;BIODIVERSA;;2024-04-04 00:00:00;RESUMEN;CONTROL DIRECTO;24.35;6.74;483.0;;10.49;17.95;25.3;0.9;117.65;2.57;77.1;;;;;;;;;;;;;;;;;22.01
RENDIC;477;CURAUMA;V - Valparaiso;Valparaíso;Obispo Valdes 1170;2721.0;SIN CONVENIO;CESMEC;;2024-04-05 00:00:00;RESUMEN;AUTOCONTROL;5.4;7.51;57.0;;3.2;7.49;3.0;0.5;40.7;3.9;117.0;;;;;;;;;;;;;;;;;19.5
RENDIC;544;PURRANQUE;X - Los Lagos;Purranque;Eleuterio Ramirez 549;0.0;SIN CONVENIO;ANAM;;2024-04-05 00:00:00;RESUMEN;CONTROL DIRECTO;14.0;7.5;53.0;;1.3;5.69;2.0;0.5;50.0;11.8;354.0;;;;;;;;;;;;;;;;;14.8
MAYORISTA;3022;M10 TEMUCO II;IX - Araucanía;Temuco;Pedro De Valdivia 2285;3721.0;CONVENIO;AGQ;;2024-04-05 00:00:00;RESUMEN;CONTROL DIRECTO;5.15;7.3;67.2;;10.4;58.1;5.0;0.2;32.0;1.44;43.199999999999996;;;;;;;;;;;;;;;;;16.45
MAYORISTA;3143;M10 TEMUCO IV;IX - Araucanía;Temuco;Francisco Salazar 01650;4422.0;CONVENIO;AGQ;;2024-04-05 00:00:00;RESUMEN;CONTROL DIRECTO;2.26;7.89;35.1;;1.61;33.7;1.0;1;5.0;2.7;81.0;;;;;;;;;;;;;;;;;14.2
RENDIC;86;BILBAO;I - Tarapacá;Iquique;Fco.Bilbao 3545;4049.0;CONVENIO;SGS;;2024-04-06 00:00:00;RESUMEN;CONTROL DIRECTO;9.0;6.97;287.0;;4.2;15.6;31.0;0.5;65.0;2.7;81.0;;;;;;;;;;;;;;;;;22.78
RENDIC;106;LOS MOLLES;I - Tarapacá;Iquique;Santiago Polanco 2251;4050.0;CONVENIO;SGS;;2024-04-08 00:00:00;RESUMEN;CONTROL DIRECTO;7.0;6.8;208.0;;6.0;45.47;18.0;1.6;106.0;5.1;153.0;;;;;;;;;;;;;;;;;25.69
RENDIC;519;TRAIGUEN;IX - Araucanía;Traiguén;Santa Cruz 1170;0.0;CONVENIO;AGQ;;2024-04-09 00:00:00;RESUMEN;CONTROL DIRECTO;0.72;6.76;16.1;;4.13;38.9;6.0;0.1;2.7;3.6;108.0;;;;;;;;;;;;;;;;;16.74
RENDIC;87;JUAN MARTINEZ;I - Tarapacá;Iquique;M. Rodriguez 964;0.0;CONVENIO;SGS;;2024-04-10 00:00:00;RESUMEN;CONTROL DIRECTO;4.0;6.83;19.0;;0.9;5.25;2.0;0.6;26.0;7.6;228.0;;;;;;;;;;;;;;;;;24.57
RENDIC;87;JUAN MARTINEZ;I - Tarapacá;Iquique;M. Rodriguez 964;0.0;CONVENIO;SGS;;2024-04-11 00:00:00;RESUMEN;CONTROL DIRECTO;3.0;6.14;80.0;;2.8;24.96;2.0;0.5;1.0;5.5;165.0;;;;;;;;;;;;;;;;;26.99
RENDIC;754;TEMUCO IV;IX - Araucanía;Temuco;Avenida Javiera Carrera 1610;0.0;CONVENIO;AGQ;;2024-04-12 00:00:00;RESUMEN;CONTROL DIRECTO;2.21;6.62;2.0;;0.75;2.29;1.0;0.1;16.0;10.8;324.0;;;;;;;;;;;;;;;;;19.7
RENDIC;85;AMUNATEGUI;I - Tarapacá;Iquique;Amunategui 902;0.0;CONVENIO;SGS;;2024-04-15 00:00:00;RESUMEN;CONTROL DIRECTO;6.0;7.16;66.0;;5.0;46.55;14.0;0.5;41.0;5.3;159.0;;;;;;;;;;;;;;;;;24.23
RENDIC;106;LOS MOLLES;I - Tarapacá;Iquique;Santiago Polanco 2251;4050.0;CONVENIO;CESMEC;;2024-04-16 00:00:00;RESUMEN;AUTOCONTROL;77.0;7.62;130.0;;4.6;5.0;17.0;1;10.0;6.9;207.0;;;;;;;;;;;;;;;;;20.8
RENDIC;344;CURICO ALAMEDA;VII - Maule;Curicó;Estado 43;4530.0;SIN CONVENIO;BIODIVERSA;;2024-04-16 00:00:00;RESUMEN;CONTROL DIRECTO;8.0;6.3;395.03;;11.58;67.4;13.3;6;120.8;6.58;197.4;;;;;;;;;;;;;;;;;20.55
RENDIC;103;VIVAR;I - Tarapacá;Iquique;Vivar 786;4420.0;CONVENIO;SGS;;2024-04-16 00:00:00;RESUMEN;CONTROL DIRECTO;9.0;6.96;51.0;;5.5;40.4;5.0;0.5;206.0;5.1;153.0;;;;;;;;;;;;;;;;;23.82
RENDIC;103;VIVAR;I - Tarapacá;Iquique;Vivar 786;4420.0;CONVENIO;SGS;;2024-04-17 00:00:00;RESUMEN;CONTROL DIRECTO;8.0;7.16;9.0;;2.2;6.23;2.0;0.8;42.0;5;150.0;;;;;;;;;;;;;;;;;23.45
RENDIC;105;IQUIQUE CENTRO;I - Tarapacá;Iquique;Tarapaca 579;4051.0;TERMINADO;CESMEC;;2024-04-18 00:00:00;RESUMEN;AUTOCONTROL;66.0;7.12;95.0;;5.6;15.15;2.0;0.5;17.0;1.9;57.0;;;;;;;;;;;;;;;;;21.1
RENDIC;103;VIVAR;I - Tarapacá;Iquique;Vivar 786;4420.0;CONVENIO;SGS;;2024-04-18 00:00:00;RESUMEN;CONTROL DIRECTO;4.0;7.05;3.0;;0.6;3.18;2.0;0.5;6.0;4.7;141.0;;;;;;;;;;;;;;;;;24.43
RENDIC;555;GRANEROS;VI - O'Higgins;Graneros;Obispo Rafael Lira 042;4574.0;SIN CONVENIO;CESMEC;;2024-04-19 00:00:00;COMPLETO;AUTOCONTROL;21.9;7.12;205.0;;6.4;15.0;2.0;1;103.0;6.5;195.0;0.3723;0.003;0.1647;0.01;0.1;0.3132;0.4995;0.05;0.05;10.0;0.0436;0.001;0.05;0.05;85.0;0.5;21.1
RENDIC;777;CENTRAL;X - Los Lagos;Osorno;Patricio Lynch 1278;3684.0;CONVENIO;ANAM;;2024-04-19 00:00:00;RESUMEN;CONTROL DIRECTO;14.0;6.92;154.0;;4.7;0.44;2.0;0.5;51.0;3.3;99.0;;;;;;;;;;;;;;;;;10.2
RENDIC;779;BULNES II;X - Los Lagos;Osorno;Ramirez 699;0.0;SIN CONVENIO;ANAM;;2024-04-19 00:00:00;RESUMEN;CONTROL DIRECTO;14.0;7.05;67.0;;2.5;2.04;2.0;8;49.0;15.7;471.0;;;;;;;;;;;;;;;;;14.9
RENDIC;459;ALLENDE AUSTRAL;XII - Magallanes;Punta Arenas;Salvador Allende 0399;3735.0;SIN CONVENIO;HIDROLAB;;2024-04-19 00:00:00;RESUMEN;CONTROL DIRECTO;1.87;7.34;257.0;;6.8;82.0;2.0;0.1;68.0;0;0.0;;;;;;;;;;;;;;;;;20.9
RENDIC;465;PUERTO NATALES;XII - Magallanes;Puerto Natales;Bulnes 742;1133.0;SIN CONVENIO;CONEMI;;2024-04-20 00:00:00;VDD;AUTOCONTROL;;;;;;;;;;38.69;1160.6999999999998;;;;;;;;;;;;;;;;;
RENDIC;6;SINDEMPART;IV - Coquimbo;Coquimbo;El Sauce 981;0.0;SIN CONVENIO;BIODIVERSA;;2024-04-22 00:00:00;RESUMEN;CONTROL DIRECTO;8.0;7.19;476.0;;16.9;15.65;1.0;1.4;133.96;21.69;650.7;;;;;;;;;;;;;;;;;21.67
RENDIC;9139;CD LO AGUIRRE;RM - Santiago;Pudahuel;CAMINO LO AGUIRRE SUR 537;3552.0;SIN CONVENIO;CESMEC;;2024-04-22 00:00:00;RESUMEN;AUTOCONTROL;18.7;7.84;147.0;;4.8;23.6;3.0;3;27.0;286.6;8598.0;;;;;;;;;;10.0;;;;;;;20.2
RENDIC;88;LINARES I;VII - Maule;Linares;Maipu Nº 556;0.0;SIN CONVENIO;BIODIVERSA;;2024-04-22 00:00:00;RESUMEN;CONTROL DIRECTO;6.0;7.08;274.3;;10.67;7.9;2.0;3;352.0;4.36;130.8;;;;;;;;;;;;;;;;;13.25
RENDIC;103;VIVAR;I - Tarapacá;Iquique;Vivar 786;4420.0;CONVENIO;CESMEC;;2024-04-24 00:00:00;RESUMEN;AUTOCONTROL;72.0;6.74;10.0;;2.7;17.67;2.0;0.5;25.0;0.7;21.0;;;;;;;;;;;;;;;;;19.4
RENDIC;458;ESPAÑA AUSTRAL;XII - Magallanes;Punta Arenas;Av. España 01375;1306.0;SIN CONVENIO;HIDROLAB;;2024-04-24 00:00:00;RESUMEN;CONTROL DIRECTO;4.33;7.07;264.0;;9.4;14.3;2.0;1.1;152.0;0;0.0;;;;;;;;;;;;;;;;;20.7
MAYORISTA;3014;M10 SAN FERNANDO;VI - O'Higgins;San Fernando;Chillan 745;1298.0;TERMINADO;CESMEC;;2024-04-25 00:00:00;RESUMEN;AUTOCONTROL;7.7;7.2;127.0;;10.6;16.57;6.0;1.5;42.0;5.8;174.0;;;;;;;;;;;;;;;;;21.83
RENDIC;778;ORIENTE;X - Los Lagos;Osorno;Julio Buschman 2223;2867.0;CONVENIO;ANAM;;2024-04-25 00:00:00;RESUMEN;CONTROL DIRECTO;14.0;7.04;22.0;;0.8;3.48;2.0;0.5;28.0;11.3;339.0;;;;;;;;;;;;;;;;;13.6
RENDIC;461;ZENTENO AUSTRAL;XII - Magallanes;Punta Arenas;Capitan Guillermo 05;3736.0;SIN CONVENIO;HIDROLAB;;2024-04-26 00:00:00;RESUMEN;CONTROL DIRECTO;8.87;6.99;301.0;;7.2;6.76;2.0;6.7;136.0;0;0.0;;;;;;;;;;;;;;;;;22
RENDIC;106;LOS MOLLES;I - Tarapacá;Iquique;Santiago Polanco 2251;4050.0;CONVENIO;SGS;;2024-05-02 00:00:00;RESUMEN;CONTROL DIRECTO;13.0;6.67;581.0;;6.1;10.14;2.0;1;118.0;1.9;57.0;;;;;;;;;;;;;;;;;23.75
RENDIC;86;BILBAO;I - Tarapacá;Iquique;Fco.Bilbao 3545;4049.0;CONVENIO;SGS;;2024-05-02 00:00:00;RESUMEN;CONTROL DIRECTO;9.0;6.79;685.0;;3.8;10.14;2.0;0.5;188.0;23.8;714.0;;;;;;;;;;;;;;;;;24.42
RENDIC;777;CENTRAL;X - Los Lagos;Osorno;Patricio Lynch 1278;3684.0;CONVENIO;ANAM;;2024-05-03 00:00:00;RESUMEN;CONTROL DIRECTO;14.0;7.42;300.0;;12.2;7.69;3.0;0.5;123.0;3.5;105.0;;;;;;;;;;;;;;;;;14.4
MAYORISTA;3013;M10 SAN BERNARDO I;RM - Santiago;San Bernardo;Av. Portales 2448;0.0;SIN CONVENIO;AGUAS ANDINAS;;2024-05-06 00:00:00;RESUMEN;CONTROL DIRECTO;14.0;7.97;27.0;;1.0;1.99;0.8;0.3;126.0;14;420.0;;;;;;;;;;;;;;;;;32
RENDIC;86;BILBAO;I - Tarapacá;Iquique;Fco.Bilbao 3545;4049.0;CONVENIO;SGS;;2024-05-06 00:00:00;RESUMEN;CONTROL DIRECTO;11.0;6.77;317.0;;10.7;10.22;35.0;1.7;94.0;20.2;606.0;;;;;;;;;;;;;;;;;22.91
RENDIC;86;BILBAO;I - Tarapacá;Iquique;Fco.Bilbao 3545;4049.0;CONVENIO;SGS;;2024-05-06 00:00:00;RESUMEN;CONTROL DIRECTO;11.0;6.77;317.0;;10.7;10.22;35.0;1.7;94.0;20.2;606.0;;;;;;;;;;;;;;;;;22.91
RENDIC;778;ORIENTE;X - Los Lagos;Osorno;Julio Buschman 2223;2867.0;CONVENIO;ANAM;;2024-05-07 00:00:00;RESUMEN;CONTROL DIRECTO;14.0;7.27;170.0;;5.3;55.34;2.0;1;157.0;6.8;204.0;;;;;;;;;;;;;;;;;14.8
RENDIC;87;JUAN MARTINEZ;I - Tarapacá;Iquique;M. Rodriguez 964;0.0;CONVENIO;SGS;;2024-05-07 00:00:00;RESUMEN;CONTROL DIRECTO;9.0;7.07;174.0;;5.5;22.85;21.0;1;134.0;1.9;57.0;;;;;;;;;;;;;;;;;23.78
RENDIC;85;AMUNATEGUI;I - Tarapacá;Iquique;Amunategui 902;0.0;CONVENIO;SGS;;2024-05-07 00:00:00;RESUMEN;CONTROL DIRECTO;12.0;6.79;367.0;;14.7;51.95;36.0;1.2;182.0;3.7;111.0;;;;;;;;;;;;;;;;;22.81
RENDIC;103;VIVAR;I - Tarapacá;Iquique;Vivar 786;4420.0;CONVENIO;SGS;;2024-05-09 00:00:00;RESUMEN;CONTROL DIRECTO;9.0;6.97;184.0;;4.9;23.4;40.0;0.8;102.0;2.5;75.0;;;;;;;;;;;;;;;;;24.9
RENDIC;85;AMUNATEGUI;I - Tarapacá;Iquique;Amunategui 902;0.0;CONVENIO;SGS;;2024-05-13 00:00:00;RESUMEN;CONTROL DIRECTO;9.0;7.65;66.0;;3.1;6.58;2.0;0.5;78.0;4.3;129.0;;;;;;;;;;;;;;;;;24.75
RENDIC;519;TRAIGUEN;IX - Araucanía;Traiguén;Santa Cruz 1170;0.0;CONVENIO;AGQ;;2024-05-14 00:00:00;RESUMEN;CONTROL DIRECTO;14.0;6.44;356.0;;4.0;26.4;1.0;0.6;112.0;1.8;54.0;;;;;;;;;;;;;;;;;11.75
MAYORISTA;3014;M10 SAN FERNANDO;VI - O'Higgins;San Fernando;Chillan 745;1298.0;TERMINADO;CESMEC;;2024-05-15 00:00:00;RESUMEN;AUTOCONTROL;24.2;7.3;245.0;;8.1;5.0;2.0;4;138.5;2.4;72.0;;;;;;;;;;;;;;;;;13.8
RENDIC;7;VALLENAR I;III - Atacama;Vallenar;Brasil 663;0.0;CONVENIO;BIODIVERSA;;2024-05-16 00:00:00;RESUMEN;CONTROL DIRECTO;17.72;6.79;414.0;;11.63;27.05;10.0;0.9;57.86;3.3;99.0;;;;;;;;;;;;;;;;0.2;18.37
RENDIC;797;RENCA;RM - Santiago;Renca;Av. Brasil 7085;0.0;SIN CONVENIO;AGUAS ANDINAS;;2024-05-20 00:00:00;RESUMEN;CONTROL DIRECTO;20.0;7.4;98.0;;4.9;22.45;0.8;0.2;96.0;3;90.0;;;;;;;;;;;;;;;;;17.7
RENDIC;328;GRAN AVENIDA I;RM - Santiago;San Miguel;Avenida Jose Miguel Carrera 5485;0.0;SIN CONVENIO;AGUAS ANDINAS;;2024-05-21 00:00:00;RESUMEN;CONTROL DIRECTO;14.0;9.78;23.0;;2.41;1.55;0.8;1.5;107.0;1;30.0;;;;;;;;;;;;;;;;;14.8
RENDIC;22;ATACAMA;III - Atacama;Copiapó;Los Carreras 2242;2666.0;CONVENIO;BIODIVERSA;;2024-05-23 00:00:00;RESUMEN;CONTROL DIRECTO;67.47;6.62;30.0;;8.55;16.55;18.0;0.9;198.11;45.43;1362.9;;;;;;;;;;;;;;;;0.1;19.33
RENDIC;544;PURRANQUE;X - Los Lagos;Purranque;Eleuterio Ramirez 549;0.0;SIN CONVENIO;ANAM;;2024-05-26 00:00:00;RESUMEN;CONTROL DIRECTO;80.0;7.92;81.0;;2.6;6.19;2.0;1;64.0;11.6;348.0;;;;;;;;;;;;;;;;;15.8
RENDIC;9139;CD LO AGUIRRE;RM - Santiago;Pudahuel;CAMINO LO AGUIRRE SUR 537;3552.0;SIN CONVENIO;CESMEC;;2024-05-28 00:00:00;RESUMEN;AUTOCONTROL;14.0;;102.0;;4.9;37.7;2.0;2;88.2;;0.0;;;;;;;;;;10.0;;;;;;;
RENDIC;780;VICTORIA;X - Los Lagos;Osorno;Victoria 367 Rahue Bajo;1362.0;SIN CONVENIO;ANAM;;2024-05-29 00:00:00;RESUMEN;CONTROL DIRECTO;19.0;7.48;1028.0;;21.4;40.51;2.0;0.5;54.0;1.3;39.0;;;;;;;;;;;;;;;;;16.2
RENDIC;763;JUAN SOLER;X - Los Lagos;Puerto Montt;Juan Soler Manfredini 51;0.0;SIN CONVENIO;ANAM;;2024-05-29 00:00:00;RESUMEN;CONTROL DIRECTO;43.0;7.62;400.0;;11.5;122.5;2.0;0.5;66.0;0.005;0.15;;;;;;;;;;;;;;;;;14.2
RENDIC;463;BORIES AUSTRAL;XII - Magallanes;Punta Arenas;Gobernador Bories 647;3739.0;SIN CONVENIO;HIDROLAB;;2024-05-29 00:00:00;RESUMEN;CONTROL DIRECTO;0.561;;220.0;;2.2;36.5;2.0;1.2;5.0;0;0.0;;;;;;;;;;;;;;;;;
RENDIC;80;ANGOL I;IX - Araucanía;Angol;Av. O'Higgins 1257;0.0;SIN CONVENIO;AGQ;;2024-05-30 00:00:00;RESUMEN;CONTROL DIRECTO;14.0;6.7;210.0;;7.6;17.7;1.0;1.8;68.0;0.58;17.4;;;;;;;;;;;;;;;;;13
RENDIC;959;PUCON;IX - Araucanía;Pucon;Av. O´higgins 774;0.0;SIN CONVENIO;AGQ;;2024-05-30 00:00:00;RESUMEN;CONTROL DIRECTO;14.0;8.0;199.0;;5.8;27.5;1.0;4;244.0;4.68;140.39999999999998;;;;;;;;;;;;;;;;;16.15
RENDIC;457;LAUTARO NAVARRO AUSTRAL;XII - Magallanes;Punta Arenas;Lautaro Navarro 1293;0.0;SIN CONVENIO;HIDROLAB;;2024-05-30 00:00:00;RESUMEN;CONTROL DIRECTO;2.94;;219.0;;;17.8;2.0;1;68.0;0;0.0;;;;;;;;;;;;;;;;;
RENDIC;482;ABRAZO DE MAIPU;RM - Santiago;Maipú;Av. Jorge Guerra 16190;0.0;SIN CONVENIO;HIDROLAB;;2024-06-03 00:00:00;RESUMEN;CONTROL DIRECTO;2.02;7.88;289.0;;15.0;20.9;2.0;1.3;327.0;0;0.0;;;;;;;;;;;;;;;;;21.1
RENDIC;106;LOS MOLLES;I - Tarapacá;Iquique;Santiago Polanco 2251;4050.0;CONVENIO;SGS;;2024-06-04 00:00:00;RESUMEN;CONTROL DIRECTO;13.0;6.97;421.0;;9.4;43.29;10.0;4.5;370.0;2.7;81.0;;;;;;;;;;;;;;;;;22.78
RENDIC;87;JUAN MARTINEZ;I - Tarapacá;Iquique;M. Rodriguez 964;0.0;CONVENIO;SGS;;2024-06-06 00:00:00;RESUMEN;CONTROL DIRECTO;15.0;6.81;194.0;;10.7;101.4;2.0;0.5;74.0;4;120.0;;;;;;;;;;;;;;;;;21.53
RENDIC;85;AMUNATEGUI;I - Tarapacá;Iquique;Amunategui 902;0.0;CONVENIO;SGS;;2024-06-06 00:00:00;RESUMEN;CONTROL DIRECTO;7.0;6.97;4.0;;2.4;9.13;2.0;0.5;1.0;2;60.0;;;;;;;;;;;;;;;;;22.97
RENDIC;106;LOS MOLLES;I - Tarapacá;Iquique;Santiago Polanco 2251;4050.0;CONVENIO;SGS;;2024-06-10 00:00:00;RESUMEN;CONTROL DIRECTO;16.0;6.67;265.0;;13.8;37.36;12.0;10;525.0;2.8;84.0;;;;;;;;;;;;;;;;;24
RENDIC;103;VIVAR;I - Tarapacá;Iquique;Vivar 786;4420.0;CONVENIO;SGS;;2024-06-10 00:00:00;RESUMEN;CONTROL DIRECTO;9.0;7.3;130.0;;6.1;31.9;5.0;0.7;59.0;2.5;75.0;;;;;;;;;;;;;;;;;22.99
RENDIC;3557;;;;;;;CESMEC;;2024-06-11 00:00:00;RESUMEN;AUTOCONTROL;45.0;6.77;305.0;;8.66;20.8;3.0;15;236.7;3.1;93.0;;;;;;;;;;;;;;;;;12.81
RENDIC;375;ARAUCO;XIV - Los Ríos;Valdivia;Arauco 697;3420.0;CONVENIO;CESMEC;;2024-06-11 00:00:00;RESUMEN;AUTOCONTROL;22.9;6.7;213.0;;12.5;48.4;10.0;26;285.6;13;390.0;;;;;;;;;;;;;;;;;13.9
RENDIC;375;ARAUCO;XIV - Los Ríos;Valdivia;Arauco 697;3420.0;CONVENIO;CESMEC;;2024-06-11 00:00:00;RESUMEN;AUTOCONTROL;30.0;6.7;248.0;;11.2;47.6;8.0;2;138.0;13;390.0;;;;;;;;;;;;;;;;;14.4
RENDIC;777;CENTRAL;X - Los Lagos;Osorno;Patricio Lynch 1278;3684.0;CONVENIO;ANAM;;2024-06-11 00:00:00;RESUMEN;CONTROL DIRECTO;14.0;6.76;73.0;;1.6;0.1;2.0;0.5;63.0;7.3;219.0;;;;;;;;;;;;;;;;;14.8
RENDIC;778;ORIENTE;X - Los Lagos;Osorno;Julio Buschman 2223;2867.0;CONVENIO;ANAM;;2024-06-11 00:00:00;RESUMEN;CONTROL DIRECTO;14.0;7.06;51.0;;1.8;13.96;2.0;1.5;31.0;11.7;351.0;;;;;;;;;;;;;;;;;17.8
RENDIC;445;VILLA ALEMANA;V - Valparaiso;Villa Alemana;Av. Valparaiso 1982;0.0;SIN CONVENIO;BIODIVERSA;;2024-06-11 00:00:00;RESUMEN;CONTROL DIRECTO;13.68;7.55;27.0;;1.46;21.1;9.7;1;93.33;7.05;211.5;;;;;;;;;;;;;;;;;17.1
RENDIC;576;CASTRO I;X - Los Lagos;Castro;O'Higgins 711;3875.0;SIN CONVENIO;CESMEC;;2024-06-12 00:00:00;RESUMEN;AUTOCONTROL;21.8;7.89;239.0;;15.0;46.3;2.0;1.2;102.0;6.6;198.0;;;;;;;;;;;;;;;;;10.8
RENDIC;17;LOS ALAMOS;IV - Coquimbo;Coquimbo;Los Alamos 580;2643.0;TERMINADO;CESMEC;;2024-06-12 00:00:00;RESUMEN;AUTOCONTROL;10.7;7.9;122.0;;4.4;14.5;13.0;0.5;33.0;23.5;705.0;;;;;;;;;;;;;;;;;16.8
RENDIC;771;MIRASOL;X - Los Lagos;Puerto Montt;Av. La Cruz 2006;3723.0;SIN CONVENIO;CESMEC;;2024-06-13 00:00:00;RESUMEN;AUTOCONTROL;61.0;7.09;135.0;;2.64;18.2;2.0;2;167.0;;0.0;;;;;;;;;;;;;;;;;14.7
RENDIC;25;EL PALOMAR;III - Atacama;Copiapó;Av. Palomar 1525;3868.0;TERMINADO;CESMEC;;2024-06-13 00:00:00;RESUMEN;AUTOCONTROL;26.1;7.8;104.0;;5.9;20.31;2.0;0.5;50.0;8.3;249.00000000000003;;;;;;;;;;;;;;;;;19.24
MAYORISTA;3014;M10 SAN FERNANDO;VI - O'Higgins;San Fernando;Chillan 745;1298.0;TERMINADO;CESMEC;;2024-06-17 00:00:00;RESUMEN;AUTOCONTROL;84.1;6.9;443.0;;14.0;30.2;5.0;5.5;285.0;4.1;122.99999999999999;;;;;;;;;;;;;;;;;14.2
RENDIC;780;VICTORIA;X - Los Lagos;Osorno;Victoria 367 Rahue Bajo;1362.0;SIN CONVENIO;CESMEC;;2024-06-17 00:00:00;RESUMEN;AUTOCONTROL;28.8;6.63;152.0;;7.36;15.4;26.0;2;206.0;2.5;75.0;;;;;;;;;;;;;;;;;12.9
RENDIC;45;2° TRANSVERSAL MAIPU;RM - Santiago;Maipú;Av. 2 Transversal 4090;0.0;SIN CONVENIO;HIDROLAB;;2024-06-17 00:00:00;RESUMEN;CONTROL DIRECTO;13.4;7.09;1179.0;;18.2;53.8;2.0;0.8;422.0;0;0.0;;;;;;;;;;;;;;;;;20.4
RENDIC;103;VIVAR;I - Tarapacá;Iquique;Vivar 786;4420.0;CONVENIO;SGS;;2024-06-17 00:00:00;RESUMEN;CONTROL DIRECTO;6.0;7.17;151.0;;1.6;4.26;14.0;3.5;83.0;4.4;132.0;;;;;;;;;;;;;;;;;22.98
RENDIC;14;COPIAPO;III - Atacama;Copiapó;Av. Henrriquez N° 523;0.0;CONVENIO;BIODIVERSA;;2024-06-18 00:00:00;RESUMEN;CONTROL DIRECTO;2.42;;312.0;;3.33;17.85;7.0;6;123.44;;0.0;;;;;;;;;;;;;;;;0.1;
RENDIC;14;COPIAPO;III - Atacama;Copiapó;Av. Henrriquez N° 523;0.0;CONVENIO;CESMEC;;2024-06-21 00:00:00;RESUMEN;AUTOCONTROL;18.0;7.7;359.0;;8.7;23.4;14.0;1;81.0;1.5;45.0;;;;;;;;;;;;;;;;;19.8
RENDIC;5;LAS COMPAÑIAS;IV - Coquimbo;La Serena;Nicaragua 1571;2644.0;SIN CONVENIO;CESMEC;;2024-06-21 00:00:00;RESUMEN;AUTOCONTROL;20.2;8.2;337.0;;8.7;37.7;3.0;2;101.0;1.2;36.0;;;;;;;;;;;;;;;;;15.9
RENDIC;111;CALAMA II;II - Antofagasta;Calama;Aconcagua 2588;2966.0;SIN CONVENIO;CESMEC;;2024-06-24 00:00:00;RESUMEN;AUTOCONTROL;67.0;7.54;168.0;;7.2;20.23;19.0;1;98.0;4.5;135.0;;;;;;;;;;;;;;;;;19
RENDIC;46;CALAMA I;II - Antofagasta;Calama;Granaderos 3180;3035.0;SIN CONVENIO;CESMEC;;2024-06-24 00:00:00;RESUMEN;AUTOCONTROL;86.0;7.53;152.0;;4.0;7.98;2.0;0.5;19.0;0;0.0;;;;;;;;;;;;;;;;;19.4
RENDIC;472;CALDERA I;III - Atacama;Caldera;Batallon Atacama 319;0.0;CONVENIO;CESMEC;;2024-06-24 00:00:00;RESUMEN;AUTOCONTROL;36.0;7.6;505.0;;15.8;37.2;4.0;1.2;235.0;16;480.0;;;;;;;;;;;;;;;;;22.3
RENDIC;22;ATACAMA;III - Atacama;Copiapó;Los Carreras 2242;2666.0;CONVENIO;CESMEC;;2024-06-25 00:00:00;RESUMEN;AUTOCONTROL;64.9;7.7;654.0;;17.9;55.1;18.0;0.5;202.0;1.5;45.0;;;;;;;;;;;;;;;;;19.8
RENDIC;777;CENTRAL;X - Los Lagos;Osorno;Patricio Lynch 1278;3684.0;CONVENIO;CESMEC;;2024-06-26 00:00:00;RESUMEN;AUTOCONTROL;35.5;7.2;213.0;;2.91;5.0;33.0;3;260.0;1;30.0;;;;;;;;;;;;;;;;;12.6
RENDIC;778;ORIENTE;X - Los Lagos;Osorno;Julio Buschman 2223;2867.0;CONVENIO;CESMEC;;2024-06-26 00:00:00;RESUMEN;AUTOCONTROL;20.5;7.41;128.0;;1.08;5.0;22.0;1.2;90.0;1;30.0;;;;;;;;;;;;;;;;;12.2
RENDIC;106;LOS MOLLES;I - Tarapacá;Iquique;Santiago Polanco 2251;4050.0;CONVENIO;CESMEC;;2024-06-26 00:00:00;RESUMEN;AUTOCONTROL;61.0;7.2;188.0;;5.4;39.0;15.0;0.5;158.0;7.5;225.0;;;;;;;;;;;;;;;;;20.4
RENDIC;9139;CD LO AGUIRRE;RM - Santiago;Pudahuel;CAMINO LO AGUIRRE SUR 537;3552.0;SIN CONVENIO;CESMEC;;2024-06-26 00:00:00;RESUMEN;AUTOCONTROL;14.5;7.8;48.0;;1.6;17.3;2.0;0.5;25.0;59.4;1782.0;;;;;;;;;;10.0;;;;;;;15.58
RENDIC;3143;M10 TEMUCO IV;IX - Araucanía;Temuco;Francisco Salazar 01650;4422.0;CONVENIO;CESMEC;;2024-06-27 00:00:00;RESUMEN;AUTOCONTROL;13.5;7.08;44.0;;1.29;16.7;2.0;1;47.6;2.3;69.0;;;;;;;;;;;;;;;;;11.5
RENDIC;86;BILBAO;I - Tarapacá;Iquique;Fco.Bilbao 3545;4049.0;CONVENIO;CESMEC;;2024-06-27 00:00:00;RESUMEN;AUTOCONTROL;22.0;6.99;124.0;;7.5;27.5;10.0;0.5;43.0;1.4;42.0;;;;;;;;;;;;;;;;;19.9
RENDIC;32;CHAÑARCILLO;III - Atacama;Copiapó;Chacabuco Nº 231;0.0;CONVENIO;CESMEC;;2024-06-27 00:00:00;RESUMEN;AUTOCONTROL;3.2;7.6;2145.0;;27.3;88.3;2.0;60;1250.0;47.2;1416.0;;;;;;;;;;;;;;;;;18.59
RENDIC;106;LOS MOLLES;I - Tarapacá;Iquique;Santiago Polanco 2251;4050.0;CONVENIO;SGS;;2024-07-01 00:00:00;RESUMEN;CONTROL DIRECTO;8.0;6.77;121.0;;11.1;10.92;2.0;3;226.0;4.2;126.0;;;;;;;;;;;;;;;;;22.66
RENDIC;86;BILBAO;I - Tarapacá;Iquique;Fco.Bilbao 3545;4049.0;CONVENIO;SGS;;2024-07-01 00:00:00;RESUMEN;CONTROL DIRECTO;7.0;6.68;627.0;;13.4;10.53;12.0;7;278.0;6.6;198.0;;;;;;;;;;;;;;;;;21.14
RENDIC;463;BORIES AUSTRAL;XII - Magallanes;Punta Arenas;Gobernador Bories 647;3739.0;SIN CONVENIO;HIDROLAB;;2024-07-02 00:00:00;RESUMEN;AUTOCONTROL;2.82;7.47;159.0;;11.1;3.71;2.0;3;122.0;5.05;151.5;;;;;;;;;;;;;;;;;6.2
RENDIC;103;VIVAR;I - Tarapacá;Iquique;Vivar 786;4420.0;CONVENIO;CESMEC;;2024-07-03 00:00:00;RESUMEN;AUTOCONTROL;63.0;6.75;167.0;;2.6;15.4;2.0;0.5;32.0;13.7;411.0;;;;;;;;;;;;;;;;;20
RENDIC;461;ZENTENO AUSTRAL;XII - Magallanes;Punta Arenas;Capitan Guillermo 05;3736.0;SIN CONVENIO;HIDROLAB;;2024-07-04 00:00:00;RESUMEN;AUTOCONTROL;1.1;6.68;154.0;;3.8;2.37;2.0;0.3;36.0;15.08;452.4;;;;;;;;;;;;;;;;;6.1
RENDIC;105;IQUIQUE CENTRO;I - Tarapacá;Iquique;Tarapaca 579;4051.0;TERMINADO;CESMEC;;2024-07-05 00:00:00;RESUMEN;AUTOCONTROL;44.0;7.94;103.0;;2.8;17.4;2.0;1;16.0;11.9;357.0;;;;;;;;;;;;;;;;;19.2
RENDIC;458;ESPAÑA AUSTRAL;XII - Magallanes;Punta Arenas;Av. España 01375;1306.0;SIN CONVENIO;HIDROLAB;;2024-07-05 00:00:00;RESUMEN;AUTOCONTROL;22.0;8.21;58.6;;1.5;2.29;2.0;0.3;102.0;20.63;618.9;;;;;;;;;;;;;;;;;6
RENDIC;777;CENTRAL;X - Los Lagos;Osorno;Patricio Lynch 1278;3684.0;CONVENIO;ANAM;;2024-07-05 00:00:00;RESUMEN;CONTROL DIRECTO;14.0;7.78;309.0;;18.8;3.56;18.0;0.5;115.0;1.3;39.0;;;;;;;;;;;;;;;;;13.6
RENDIC;778;ORIENTE;X - Los Lagos;Osorno;Julio Buschman 2223;2867.0;CONVENIO;ANAM;;2024-07-05 00:00:00;RESUMEN;CONTROL DIRECTO;39.0;7.56;314.0;;7.4;44.48;2.0;3.5;316.0;7.8;234.0;;;;;;;;;;;;;;;;;12.3
RENDIC;465;PUERTO NATALES;XII - Magallanes;Puerto Natales;Bulnes 742;1133.0;SIN CONVENIO;HIDROLAB;;2024-07-07 00:00:00;RESUMEN;AUTOCONTROL;6.0;7.38;35.4;;7.1;8.74;2.0;1;40.0;44;1320.0;;;;;;;;;;;;;;;;;8.2
RENDIC;465;PUERTO NATALES;XII - Magallanes;Puerto Natales;Bulnes 742;1133.0;SIN CONVENIO;HIDROLAB;;2024-07-07 00:00:00;RESUMEN;AUTOCONTROL;;;;;;;;;;44;1320.0;;;;;;;;;;;;;;;;;
RENDIC;344;CURICO ALAMEDA;VII - Maule;Curicó;Estado 43;4530.0;SIN CONVENIO;CESMEC;;2024-07-08 00:00:00;RESUMEN;AUTOCONTROL;7.76;6.75;240.0;;4.37;33.0;2.0;3;206.0;0;0.0;;;;;;;;;;;;;;;;;12
RENDIC;87;JUAN MARTINEZ;I - Tarapacá;Iquique;M. Rodriguez 964;0.0;CONVENIO;SGS;;2024-07-08 00:00:00;RESUMEN;CONTROL DIRECTO;5.0;6.67;9.0;;0.1;0.75;2.0;0.5;4.0;3.8;114.0;;;;;;;;;;;;;;;;;21.8
RENDIC;103;VIVAR;I - Tarapacá;Iquique;Vivar 786;4420.0;CONVENIO;SGS;;2024-07-08 00:00:00;RESUMEN;CONTROL DIRECTO;6.0;6.53;10.0;;0.2;0.47;2.0;0.5;11.0;17.2;516.0;;;;;;;;;;;;;;;;;20.89
RENDIC;459;ALLENDE AUSTRAL;XII - Magallanes;Punta Arenas;Salvador Allende 0399;3735.0;SIN CONVENIO;HIDROLAB;;2024-07-09 00:00:00;RESUMEN;AUTOCONTROL;4.1;6.39;134.0;;2.9;3.57;2.0;0.5;61.0;21.13;633.9;;;;;;;;;;;;;;;;;8.1
MAYORISTA;3143;M10 TEMUCO IV;IX - Araucanía;Temuco;Francisco Salazar 01650;4422.0;CONVENIO;AGQ;;2024-07-09 00:00:00;RESUMEN;CONTROL DIRECTO;;8.02;;;;;;;;3.96;118.8;;;;;;;;;;;;;;;;;10.58
RENDIC;32;CHAÑARCILLO;III - Atacama;Copiapó;Chacabuco Nº 231;0.0;CONVENIO;BIODIVERSA;;2024-07-11 00:00:00;RESUMEN;CONTROL DIRECTO;36.23;;406.0;;3.01;65.0;39.7;1.5;175.93;;0.0;;;;;;;;;;;;;;;;0.1;
RENDIC;555;GRANEROS;VI - O'Higgins;Graneros;Obispo Rafael Lira 042;4574.0;SIN CONVENIO;CESMEC;;2024-07-12 00:00:00;RESUMEN;AUTOCONTROL;72.7;7.7;383.0;;7.8;8.29;5.0;7;337.5;4.32;129.60000000000002;;;;;;;;;;;;;;;;;10.6
RENDIC;576;CASTRO I;X - Los Lagos;Castro;O'Higgins 711;3875.0;SIN CONVENIO;ANAM;;2024-07-12 00:00:00;RESUMEN;CONTROL DIRECTO;85.0;7.84;404.0;;7.6;15.48;2.0;2;177.0;4;120.0;;;;;;;;;;;;;;;;;13.6
RENDIC;519;TRAIGUEN;IX - Araucanía;Traiguén;Santa Cruz 1170;0.0;CONVENIO;AGQ;;2024-07-15 00:00:00;RESUMEN;CONTROL DIRECTO;14.0;6.7;16.2;;2.48;5.7;1.0;0.1;26.0;1.87;56.1;;;;;;;;;;;;;;;;;16.25
RENDIC;472;CALDERA I;III - Atacama;Caldera;Batallon Atacama 319;0.0;CONVENIO;BIODIVERSA;;2024-07-17 00:00:00;RESUMEN;CONTROL DIRECTO;5.16;;354.0;;3.03;31.1;40.3;0.9;52.3;;0.0;;;;;;;;;;;;;;;;0.1;
RENDIC;771;MIRASOL;X - Los Lagos;Puerto Montt;Av. La Cruz 2006;3723.0;SIN CONVENIO;ANAM;;2024-07-19 00:00:00;RESUMEN;CONTROL DIRECTO;200.0;6.9;1132.0;;16.4;66.05;2.0;40;1100.0;8;240.0;;;;;;;;;;;;;;;;;13.9
MAYORISTA;3022;M10 TEMUCO II;IX - Araucanía;Temuco;Pedro De Valdivia 2285;3721.0;CONVENIO;AGQ;;2024-07-19 00:00:00;RESUMEN;CONTROL DIRECTO;14.0;6.7;273.0;;0.98;29.2;1.0;0.3;58.0;4.54;136.2;;;;;;;;;;;;;;;;;11.6
RENDIC;754;TEMUCO IV;IX - Araucanía;Temuco;Avenida Javiera Carrera 1610;0.0;CONVENIO;AGQ;;2024-07-19 00:00:00;RESUMEN;CONTROL DIRECTO;14.0;6.8;2.0;;0.6;3.02;1.0;0.3;24.0;5.98;179.4;;;;;;;;;;;;;;;;;12.8
RENDIC;22;ATACAMA;III - Atacama;Copiapó;Los Carreras 2242;2666.0;CONVENIO;BIODIVERSA;;2024-07-22 00:00:00;RESUMEN;CONTROL DIRECTO;34.64;;1420.0;;14.66;52.0;61.3;1.5;191.49;;0.0;;;;;;;;;;;;;;;;0.1;
RENDIC;85;AMUNATEGUI;I - Tarapacá;Iquique;Amunategui 902;0.0;CONVENIO;SGS;;2024-07-22 00:00:00;RESUMEN;CONTROL DIRECTO;2.0;6.9;18.0;;1.5;4.37;2.0;0.5;5.0;17.6;528.0;;;;;;;;;;;;;;;;;20.42
RENDIC;459;ALLENDE AUSTRAL;XII - Magallanes;Punta Arenas;Salvador Allende 0399;3735.0;SIN CONVENIO;HIDROLAB;;2024-07-25 00:00:00;RESUMEN;CONTROL DIRECTO;3.5;8.37;40.0;;10.9;13.0;2.0;0.5;54.0;0;0.0;;;;;;;;;;;;;;;;;20.8
RENDIC;7;VALLENAR I;III - Atacama;Vallenar;Brasil 663;0.0;CONVENIO;BIODIVERSA;;2024-07-26 00:00:00;RESUMEN;CONTROL DIRECTO;37.71;;821.0;;14.17;45.5;53.3;0.9;85.48;;0.0;;;;;;;;;;;;;;;;0.1;
RENDIC;532;CURACAUTIN;IX - Araucanía;Curacautin;"O""Higgins 515";0.0;CONVENIO;AGQ;;2024-07-26 00:00:00;RESUMEN;CONTROL DIRECTO;14.0;8.13;2.0;;0.6;6.74;1.0;1.8;41.0;0.72;21.599999999999998;;;;;;;;;;;;;;;;;8.85
RENDIC;9139;CD LO AGUIRRE;RM - Santiago;Pudahuel;CAMINO LO AGUIRRE SUR 537;3552.0;SIN CONVENIO;CESMEC;;2024-07-29 00:00:00;RESUMEN;AUTOCONTROL;10.3;7.4;69.0;;4.2;55.4;2.0;2.5;26.0;105.48;3164.4;;;;;;;;;;10.0;;;;;;;18.4
RENDIC;105;IQUIQUE CENTRO;I - Tarapacá;Iquique;Tarapaca 579;4051.0;TERMINADO;SGS;;2024-07-29 00:00:00;RESUMEN;CONTROL DIRECTO;16.0;6.65;88.0;;6.2;35.02;12.0;0.5;67.0;3;90.0;;;;;;;;;;;;;;;;;23.54
RENDIC;87;JUAN MARTINEZ;I - Tarapacá;Iquique;M. Rodriguez 964;0.0;CONVENIO;SGS;;2024-07-29 00:00:00;RESUMEN;CONTROL DIRECTO;10.0;7.0;72.0;;5.6;52.26;2.0;0.5;69.0;14;420.0;;;;;;;;;;;;;;;;;21.12
MAYORISTA;3014;M10 SAN FERNANDO;VI - O'Higgins;San Fernando;Chillan 745;1298.0;TERMINADO;CESMEC;;2024-07-30 00:00:00;RESUMEN;AUTOCONTROL;36.0;7.5;613.0;;20.0;34.24;5.0;6;170.0;0.684;20.520000000000003;;;;;;;;;;;;;;;;;13.7
RENDIC;28;PARQUE;II - Antofagasta;Antofagasta;Av. Jose Miguel Carrera 1527;0.0;SIN CONVENIO;ANAM;;2024-07-31 00:00:00;RESUMEN;CONTROL DIRECTO;14.0;6.65;86.0;;0.8;5.69;0.8;0.2;41.0;2.093;62.79;;;;;;;;;;;;;;;1673.0;0.03;25, 4
RENDIC;777;CENTRAL;X - Los Lagos;Osorno;Patricio Lynch 1278;3684.0;CONVENIO;ANAM;;2024-08-04 00:00:00;RESUMEN;CONTROL DIRECTO;26.0;7.14;243.0;;12.6;1.81;4.0;1;105.0;6.3;189.0;;;;;;;;;;;;;;;;;14.8
RENDIC;777;CENTRAL;X - Los Lagos;Osorno;Patricio Lynch 1278;3684.0;CONVENIO;ANAM;;2024-08-04 00:00:00;RESUMEN;CONTROL DIRECTO;26.0;7.2;243.0;;12.6;1.81;4.0;1;105.0;6;180.0;;;;;;;;;;;;;;;;;13.2
RENDIC;106;LOS MOLLES;I - Tarapacá;Iquique;Santiago Polanco 2251;4050.0;CONVENIO;SGS;;2024-08-05 00:00:00;RESUMEN;CONTROL DIRECTO;13.0;6.76;180.0;;4.8;31.36;21.0;1;121.0;3;90.0;;;;;;;;;;;;;;;;;22.66
RENDIC;86;BILBAO;I - Tarapacá;Iquique;Fco.Bilbao 3545;4049.0;CONVENIO;SGS;;2024-08-05 00:00:00;RESUMEN;CONTROL DIRECTO;9.0;7.0;320.0;;6.0;25.82;19.0;0.5;79.0;10.3;309.0;;;;;;;;;;;;;;;;;24.18
RENDIC;86;BILBAO;I - Tarapacá;Iquique;Fco.Bilbao 3545;4049.0;CONVENIO;SGS;;2024-08-06 00:00:00;RESUMEN;CONTROL DIRECTO;9.0;6.79;292.0;;6.9;49.45;13.0;2;125.0;36.1;1083.0;;;;;;;;;;;;;;;;;22.78
RENDIC;778;ORIENTE;X - Los Lagos;Osorno;Julio Buschman 2223;2867.0;CONVENIO;ANAM;;2024-08-08 00:00:00;RESUMEN;CONTROL DIRECTO;46.0;7.07;395.0;;12.4;49.54;2.0;2;485.0;18.8;564.0;;;;;;;;;;;;;;;;;11
RENDIC;778;ORIENTE;X - Los Lagos;Osorno;Julio Buschman 2223;2867.0;CONVENIO;ANAM;;2024-08-08 00:00:00;RESUMEN;CONTROL DIRECTO;46.0;7.1;395.0;;12.4;49.5;2.0;2;485.0;19;570.0;;;;;;;;;;;;;;;;;11
RENDIC;464;AGUIRRE CERDA AUSTRAL;XII - Magallanes;Punta Arenas;Pedro Aguirre Cerda 0413;0.0;SIN CONVENIO;HIDROLAB;;2024-08-09 00:00:00;RESUMEN;CONTROL DIRECTO;0.5;;7.7;;2.1;2.2;2.0;0.1;5.0;;0.0;;;;;;;;;;;;;;;;;
RENDIC;87;JUAN MARTINEZ;I - Tarapacá;Iquique;M. Rodriguez 964;0.0;CONVENIO;SGS;;2024-08-12 00:00:00;RESUMEN;CONTROL DIRECTO;16.0;6.77;503.0;;9.6;30.89;17.0;1;305.0;4.3;129.0;;;;;;;;;;;;;;;;;22.44
RENDIC;85;AMUNATEGUI;I - Tarapacá;Iquique;Amunategui 902;0.0;CONVENIO;SGS;;2024-08-12 00:00:00;RESUMEN;CONTROL DIRECTO;12.0;6.75;122.0;;6.7;13.96;8.0;0.5;83.0;3.4;102.0;;;;;;;;;;;;;;;;;21.79
RENDIC;465;PUERTO NATALES;XII - Magallanes;Puerto Natales;Bulnes 742;1133.0;SIN CONVENIO;HIDROLAB;;2024-08-16 00:00:00;RESUMEN;AUTOCONTROL;8.7;6.82;190.0;;6.4;12.0;2.0;7.5;139.0;35.6;1068.0;;;;;;;;;;;;;;;;;7.1
RENDIC;754;TEMUCO IV;IX - Araucanía;Temuco;Avenida Javiera Carrera 1610;0.0;CONVENIO;AGQ Labs;;2024-08-16 00:00:00;RESUMEN;CONTROL DIRECTO;39.9;7.33;216.0;;1.0;18.3;1.0;1.1;94.0;1.8;54.0;;;;;;;;;;;;;;;;;13.1
RENDIC;909;TEMUCO SAN MARTIN;IX - Araucanía;Temuco;SAN MARTIN ( L147)  0675;0.0;SIN CONVENIO;AGQ Labs;;2024-08-16 00:00:00;RESUMEN;CONTROL DIRECTO;14.0;6.64;23.4;;1.46;2.21;1.0;0.1;9.0;5.04;151.2;;;;;;;;;;;;;;;;;12.1
RENDIC;600;ALTO HOSPICIO II;I - Tarapacá;Alto Hospicio;Ruta A16 3350;0.0;SIN CONVENIO;SGS;;2024-08-19 00:00:00;RESUMEN;CONTROL DIRECTO;8.0;6.87;937.0;;14.4;55.93;32.0;0.5;583.0;19.5;585.0;;;;;;;;;;;;;;;;;23.94
RENDIC;600;ALTO HOSPICIO II;I - Tarapacá;Alto Hospicio;Ruta A16 3350;0.0;SIN CONVENIO;SGS;;2024-08-19 00:00:00;RESUMEN;CONTROL DIRECTO;7.0;7.25;632.0;;10.1;50.23;45.0;0.5;466.0;22.5;675.0;;;;;;;;;;;;;;;;;21.13
RENDIC;789;FRUTILLAR III;X - Los Lagos;Frutillar;Arturo Alessandri 381;0.0;SIN CONVENIO;ANAM;;2024-08-23 00:00:00;RESUMEN;CONTROL DIRECTO;138.0;6.8;1168.0;;1.5;24.64;2.0;0.8;500.0;8;240.0;;;;;;;;;;;;;;;;;9.8
RENDIC;9139;CD LO AGUIRRE;RM - Santiago;Pudahuel;CAMINO LO AGUIRRE SUR 537;3552.0;SIN CONVENIO;CESMEC;;2024-08-26 00:00:00;RESUMEN;AUTOCONTROL;20.4;7.4;55.0;;3.8;26.4;2.0;0.6;42.4;;0.0;;;;;;;;;;10.0;;;;;;;21.5
RENDIC;103;VIVAR;I - Tarapacá;Iquique;Vivar 786;4420.0;CONVENIO;SGS;;2024-08-26 00:00:00;RESUMEN;CONTROL DIRECTO;7.0;6.53;232.0;;13.6;64.97;12.0;11;745.0;2.8;84.0;;;;;;;;;;;;;;;;;22.45
RENDIC;34;LA CHIMBA;II - Antofagasta;Antofagasta;Pedro Aguirre Cerda 8700;0.0;SIN CONVENIO;ANAM;;2024-08-28 00:00:00;RESUMEN;CONTROL DIRECTO;;;668.0;;;;;492;;;0.0;;;;;;;;;;;;;;;;;
MAYORISTA;3014;M10 SAN FERNANDO;VI - O'Higgins;San Fernando;Chillan 745;1298.0;TERMINADO;CESMEC;;2024-08-29 00:00:00;RESUMEN;AUTOCONTROL;38.3;7.8;607.0;;12.7;47.2;3.0;5;260.0;0;0.0;;;;;;;;;;;;;;;;;19.4
RENDIC;477;CURAUMA;V - Valparaiso;Valparaíso;Obispo Valdes 1170;2721.0;SIN CONVENIO;CESMEC;;2024-08-29 00:00:00;RESUMEN;CONTROL DIRECTO;38.2;7.4;291.0;;5.9;30.04;2.0;1.8;123.0;1.08;32.400000000000006;;;;;;;;;;;;;;;;;15.7
MAYORISTA;3019;M10 ANGOL;IX - Araucanía;Angol;"Av. O""Higgins 1815";0.0;SIN CONVENIO;AGQ Labs;;2024-08-29 00:00:00;RESUMEN;CONTROL DIRECTO;14.0;7.51;2.0;;3.12;6.39;1.0;0.3;17.0;1.01;30.3;;;;;;;;;;;;;;;;;17.3
RENDIC;106;LOS MOLLES;I - Tarapacá;Iquique;Santiago Polanco 2251;4050.0;CONVENIO;SGS;;2024-09-02 00:00:00;RESUMEN;CONTROL DIRECTO;8.0;6.67;152.0;;9.0;38.45;10.0;1;178.0;4.6;138.0;;;;;;;;;;;;;;;;;23.08
RENDIC;86;BILBAO;I - Tarapacá;Iquique;Fco.Bilbao 3545;4049.0;CONVENIO;SGS;;2024-09-02 00:00:00;RESUMEN;CONTROL DIRECTO;5.0;7.07;387.0;;8.6;24.1;13.0;0.5;62.0;12.9;387.0;;;;;;;;;;;;;;;;;21.89
RENDIC;375;ARAUCO;XIV - Los Ríos;Valdivia;Arauco 697;3420.0;CONVENIO;CESMEC;;2024-09-03 00:00:00;COMPLETO;AUTOCONTROL;17.7;6.6;315.0;;13.7;43.0;39.0;0.5;233.3;15;450.0;1.868;0.002;0.1;0.01;0.1;0.32;0.05;0.05;0.05;10.0;0.01;0.001;0.05;0.05;10.0;0.5;14.9
RENDIC;375;ARAUCO;XIV - Los Ríos;Valdivia;Arauco 697;3420.0;CONVENIO;CESMEC;;2024-09-03 00:00:00;COMPLETO;AUTOCONTROL;7.11;6.6;121.0;;6.01;15.7;24.0;0.5;59.0;15;450.0;0.9896;0.0027;0.1;0.01;0.1;0.2;0.05;0.05;0.05;10.0;0.01;0.001;0.05;0.05;10.3;0.5;13.3
RENDIC;472;CALDERA I;III - Atacama;Caldera;Batallon Atacama 319;0.0;CONVENIO;BIODIVERSA;;2024-09-03 00:00:00;RESUMEN;CONTROL DIRECTO;9.07;;233.0;;8.71;17.35;7.0;0.9;88.75;;0.0;;;;;;;0.04;;;;;;;;;0.1;
RENDIC;22;ATACAMA;III - Atacama;Copiapó;Los Carreras 2242;2666.0;CONVENIO;CESMEC;;2024-09-04 00:00:00;RESUMEN;AUTOCONTROL;25.6;8.0;692.0;;18.3;79.56;7.0;0.5;90.0;1.35;40.5;;;;;;;;;;;;;;;;;19.2
MAYORISTA;3557;;;;;;;CESMEC;;2024-09-04 00:00:00;RESUMEN;AUTOCONTROL;11.4;6.57;276.0;;14.0;49.6;24.0;0.8;104.3;3;90.0;;;;;;;;;;;;;;;;;12.8
RENDIC;777;CENTRAL;X - Los Lagos;Osorno;Patricio Lynch 1278;3684.0;CONVENIO;ANAM;;2024-09-06 00:00:00;RESUMEN;CONTROL DIRECTO;26.0;6.93;162.0;;2.1;2.89;2.0;5;171.0;1.8;54.0;;;;;;;;;;;;;;;;;14.2
RENDIC;7;VALLENAR I;III - Atacama;Vallenar;Brasil 663;0.0;CONVENIO;BIODIVERSA;;2024-09-06 00:00:00;RESUMEN;CONTROL DIRECTO;60.77;;687.0;;3.42;332.0;48.3;12;957.89;;0.0;;;;;;;0.35;;;;;;;;;0.1;
RENDIC;85;AMUNATEGUI;I - Tarapacá;Iquique;Amunategui 902;0.0;CONVENIO;SGS;;2024-09-09 00:00:00;RESUMEN;CONTROL DIRECTO;6.0;6.66;155.0;;1.3;9.2;8.0;0.5;123.0;4.4;132.0;;;;;;;;;;;;;;;;;22.26
RENDIC;442;COYHAIQUE;XI - Aysén;Coyhaique;Lautaro 331;1320.0;SIN CONVENIO;AGUAS PATAGONIA;;2024-09-10 00:00:00;COMPLETO;AUTOCONTROL;17.3;7.18;538.0;;18.6;14.0;3.0;16;248.0;24.4;732.0;0.637;0.001;4.0;0.5;0.02;0.261;0.159;0.005;0.01;5.0;0.21;0.001;0.01;0.02;18.9;0.1;8.1
RENDIC;106;LOS MOLLES;I - Tarapacá;Iquique;Santiago Polanco 2251;4050.0;CONVENIO;CESMEC;;2024-09-11 00:00:00;RESUMEN;AUTOCONTROL;16.3;7.02;146.0;;6.0;40.0;5.0;0.5;48.0;;0.0;;;;;;;;;;;;;;;;;22.9
RENDIC;441;AYSEN;XI - Aysén;Aysén;Carrera  1500;0.0;SIN CONVENIO;AGUAS PATAGONIA;;2024-09-11 00:00:00;RESUMEN;CONTROL DIRECTO;0.5;7.5;6.0;;0.5;0.16;2.0;1;10.0;57.024;1710.72;;;;;;;;;;;;;;;;;9.95
RENDIC;86;BILBAO;I - Tarapacá;Iquique;Fco.Bilbao 3545;4049.0;CONVENIO;CESMEC;;2024-09-12 00:00:00;RESUMEN;AUTOCONTROL;12.8;7.05;584.0;;8.1;32.45;4.0;1.3;156.0;5.2;156.0;;;;;;;;;;;;;;;;;25.2
RENDIC;778;ORIENTE;X - Los Lagos;Osorno;Julio Buschman 2223;2867.0;CONVENIO;CESMEC;;2024-09-12 00:00:00;RESUMEN;AUTOCONTROL;59.3;6.5;269.0;;9.95;38.2;26.0;1;147.0;55.1;1653.0;;;;;;;;;;;;;;;;;15.2
RENDIC;780;VICTORIA;X - Los Lagos;Osorno;Victoria 367 Rahue Bajo;1362.0;SIN CONVENIO;CESMEC;;2024-09-12 00:00:00;RESUMEN;AUTOCONTROL;28.6;6.51;183.0;;7.38;29.5;16.0;0.5;63.0;1;30.0;;;;;;;;;;;;;;;;;14.3
RENDIC;333;LOS LEONES;RM - Santiago;Ñuñoa;Gral. Jose Artigas 3250;0.0;SIN CONVENIO;AGUAS ANDINAS;;2024-09-14 00:00:00;RESUMEN;CONTROL DIRECTO;16.0;8.82;188.0;;7.36;93.78;9.7;0.5;57.0;;0.0;;;;;;;;;;;;;;;;;21.6
RENDIC;777;CENTRAL;X - Los Lagos;Osorno;Patricio Lynch 1278;3684.0;CONVENIO;CESMEC;;2024-09-16 00:00:00;RESUMEN;AUTOCONTROL;19.6;6.9;356.0;;10.4;5.0;47.0;0.5;70.0;1;30.0;;;;;;;;;;;;;;;;;12.7
RENDIC;458;ESPAÑA AUSTRAL;XII - Magallanes;Punta Arenas;Av. España 01375;1306.0;SIN CONVENIO;HIDROLAB;;2024-09-16 00:00:00;RESUMEN;AUTOCONTROL;2.0;7.1;379.0;;4.6;8.2;2.0;0.1;56.0;12.54;376.2;;;;;;;;;;;;;;;;;8.4
RENDIC;461;ZENTENO AUSTRAL;XII - Magallanes;Punta Arenas;Capitan Guillermo 05;3736.0;SIN CONVENIO;HIDROLAB;;2024-09-16 00:00:00;RESUMEN;AUTOCONTROL;0.5;7.03;14.2;;0.97;1.5;2.0;0.1;5.0;45.14;1354.2;;;;;;;;;;;;;;;;;7.76
RENDIC;465;PUERTO NATALES;XII - Magallanes;Puerto Natales;Bulnes 742;1133.0;SIN CONVENIO;HIDROLAB;;2024-09-17 00:00:00;VDD;AUTOCONTROL;;;;;;;;;;20.52;615.6;;;;;;;;;;;;;;;;;
RENDIC;46;CALAMA I;II - Antofagasta;Calama;Granaderos 3180;3035.0;SIN CONVENIO;CESMEC;;2024-09-23 00:00:00;RESUMEN;AUTOCONTROL;130.0;7.44;590.0;;11.2;36.5;60.0;3.5;908.0;0;0.0;;;;;;;;;;;;;;;;;19.1
RENDIC;111;CALAMA II;II - Antofagasta;Calama;Aconcagua 2588;2966.0;SIN CONVENIO;CESMEC;;2024-09-23 00:00:00;RESUMEN;AUTOCONTROL;88.9;7.81;270.0;;4.0;22.42;4.0;0.5;148.0;30.2;906.0;1.89;0.0067;6.78;0.0465;0.1;0.138;0.0856;0.05;0.05;19.96;0.114;0.001;0.05;0.05;140.0;0.5;19.3
RENDIC;14;COPIAPO;III - Atacama;Copiapó;Av. Henrriquez N° 523;0.0;CONVENIO;BIODIVERSA;;2024-09-23 00:00:00;RESUMEN;CONTROL DIRECTO;10.28;;475.0;;3.45;31.9;9.7;0.9;42.0;;0.0;;;;;;;0.02;;;;;;;;;0.1;
RENDIC;23;LOS CARRERAS;III - Atacama;Copiapó;Los Carrera 479;0.0;SIN CONVENIO;BIODIVERSA;;2024-09-23 00:00:00;RESUMEN;CONTROL DIRECTO;10.83;;601.0;;2.13;87.5;15.0;0.9;47.0;;0.0;;;;;;;0.03;;;;;;;;;0.1;
RENDIC;576;CASTRO I;X - Los Lagos;Castro;O'Higgins 711;3875.0;SIN CONVENIO;CESMEC;;2024-09-24 00:00:00;RESUMEN;AUTOCONTROL;7.1;7.1;519.0;;25.8;137.1;17.0;1;102.5;5.7;171.0;;;;;;;;;;;;;;;;;10.7
RENDIC;459;ALLENDE AUSTRAL;XII - Magallanes;Punta Arenas;Salvador Allende 0399;3735.0;SIN CONVENIO;HIDROLAB;;2024-09-24 00:00:00;RESUMEN;AUTOCONTROL;1.2;6.5;10.3;;0.2;0.46;2.0;0.3;14.0;2;60.0;;;;;;;;;;;;;;;;;5.7
RENDIC;463;BORIES AUSTRAL;XII - Magallanes;Punta Arenas;Gobernador Bories 647;3739.0;SIN CONVENIO;HIDROLAB;;2024-09-24 00:00:00;RESUMEN;AUTOCONTROL;0.5;6.99;14.0;;0.35;1.1;2.0;0.6;24.0;6;180.0;;;;;;;;;;;;;;;;;6.18
RENDIC;5;LAS COMPAÑIAS;IV - Coquimbo;La Serena;Nicaragua 1571;2644.0;SIN CONVENIO;CESMEC;;2024-09-24 00:00:00;RESUMEN;AUTOCONTROL;2.0;8.1;249.0;;10.6;43.25;17.0;0.5;29.0;1.2;36.0;;;;;;;;;;;;;;;;;17.2
RENDIC;22;ATACAMA;III - Atacama;Copiapó;Los Carreras 2242;2666.0;CONVENIO;BIODIVERSA;;2024-09-24 00:00:00;RESUMEN;CONTROL DIRECTO;20.7;;280.0;;4.34;40.4;15.0;0.9;158.57;;0.0;;;;;;;0.09;;;;;;;;;0.1;
RENDIC;32;CHAÑARCILLO;III - Atacama;Copiapó;Chacabuco Nº 231;0.0;CONVENIO;BIODIVERSA;;2024-09-24 00:00:00;RESUMEN;CONTROL DIRECTO;4.71;;241.0;;3.8;32.2;7.0;0.9;110.0;;0.0;;;;;;;0.05;;;;;;;;;0.1;
RENDIC;103;VIVAR;I - Tarapacá;Iquique;Vivar 786;4420.0;CONVENIO;CESMEC;;2024-09-25 00:00:00;COMPLETO;AUTOCONTROL;13.4;6.76;90.0;;5.5;76.4;2.0;0.5;35.0;8.5;255.0;0.1;0.002;34.8;2.71;0.1;0.781;0.05;0.05;0.05;10.0;0.81;0.001;3.75;0.05;375.0;0.5;21.39
RENDIC;9139;CD LO AGUIRRE;RM - Santiago;Pudahuel;CAMINO LO AGUIRRE SUR 537;3552.0;SIN CONVENIO;CESMEC;;2024-09-25 00:00:00;RESUMEN;AUTOCONTROL;10.7;7.0;31.0;;4.8;32.5;2.0;0.8;19.4;227.52;6825.6;;;;;;;;;;10.0;;;;;;;18.75
RENDIC;25;EL PALOMAR;III - Atacama;Copiapó;Av. Palomar 1525;3868.0;TERMINADO;CESMEC;;2024-09-26 00:00:00;RESUMEN;AUTOCONTROL;14.5;7.36;242.0;;8.6;45.1;2.0;0.5;58.0;31.68;950.4;;;;;;;;;;;;;;;;;22.96
RENDIC;17;LOS ALAMOS;IV - Coquimbo;Coquimbo;Los Alamos 580;2643.0;TERMINADO;CESMEC;;2024-09-26 00:00:00;RESUMEN;AUTOCONTROL;5.9;8.05;254.0;;4.5;12.18;5.0;2.5;181.0;23.04;691.1999999999999;;;;;;;;;;;;;;;;;22.58
MAYORISTA;3143;M10 TEMUCO IV;IX - Araucanía;Temuco;Francisco Salazar 01650;4422.0;CONVENIO;CESMEC;;2024-09-26 00:00:00;RESUMEN;AUTOCONTROL;19.7;7.46;81.0;;3.29;19.2;2.0;4.5;107.0;2.8;84.0;;;;;;;;;;;;;;;;;19.15
MAYORISTA;3014;M10 SAN FERNANDO;VI - O'Higgins;San Fernando;Chillan 745;1298.0;TERMINADO;CESMEC;;2024-09-26 00:00:00;RESUMEN;AUTOCONTROL;47.2;7.65;450.0;;17.1;28.13;2.0;1.5;150.0;4.32;129.60000000000002;;;;;;;;;;;;;;;;;17.26
RENDIC;911;MAIPU 4 PONIENTE;RM - Santiago;Maipú;4 Poniente 1197;0.0;SIN CONVENIO;HIDROLAB;;2024-09-26 00:00:00;RESUMEN;CONTROL DIRECTO;35.0;7.83;148.0;;2.1;3.8;2.0;1.5;170.0;;0.0;;;;;;;;;;;;;;;;;21
RENDIC;32;CHAÑARCILLO;III - Atacama;Copiapó;Chacabuco Nº 231;0.0;CONVENIO;CESMEC;;2024-09-27 00:00:00;RESUMEN;AUTOCONTROL;31.8;7.43;394.0;;10.7;66.3;5.0;4;166.0;41.76;1252.8;;;;;;;;;;;;;;;;;22.83
RENDIC;905;VICENTE VALDES;RM - Santiago;La Florida;Vicuña Mackenna 7802;0.0;SIN CONVENIO;AGUAS ANDINAS;;2024-09-28 00:00:00;RESUMEN;CONTROL DIRECTO;146.0;9.0;493.0;;26.25;45.41;0.8;15;488.0;15;450.0;;;;;;;;;;;;;;;;;19.4
RENDIC;910;MAIPU CAMINO MELIPILLA;RM - Santiago;Maipú;Camino Melipilla 16850;0.0;SIN CONVENIO;HIDROLAB;;2024-09-28 00:00:00;RESUMEN;CONTROL DIRECTO;1.3;7.55;486.0;;10.4;40.0;2.0;0.1;26.0;;0.0;;;;;;;;;;;;;;;;;22
RENDIC;778;ORIENTE;X - Los Lagos;Osorno;Julio Buschman 2223;2867.0;CONVENIO;ANAM;;2024-09-29 00:00:00;RESUMEN;CONTROL DIRECTO;19.0;6.42;218.0;;8.9;29.93;2.0;0.5;219.0;16.1;483.00000000000006;;;;;;;;;;;;;;;;;11.6
RENDIC;24;CHACABUCO;III - Atacama;Copiapó;Los Carreras  586;0.0;SIN CONVENIO;CESMEC;;2024-09-30 00:00:00;RESUMEN;AUTOCONTROL;6.8;7.9;88.0;;0.7;5.0;22.0;0.5;47.2;23.4;702.0;;;;;;;;;;;;;;;;;23.11
RENDIC;23;LOS CARRERAS;III - Atacama;Copiapó;Los Carrera 479;0.0;SIN CONVENIO;CESMEC;;2024-09-30 00:00:00;RESUMEN;AUTOCONTROL;61.8;7.54;497.0;;15.4;57.8;2.0;0.5;76.9;26.64;799.2;;;;;;;;;;;;;;;;;23.8
MAYORISTA;3022;M10 TEMUCO II;IX - Araucanía;Temuco;Pedro De Valdivia 2285;3721.0;CONVENIO;CESMEC;;2024-09-30 00:00:00;RESUMEN;AUTOCONTROL;12.9;7.16;70.0;;3.67;8.9;16.0;0.5;70.0;0;0.0;;;;;;;;;;;;;;;;;15.06
RENDIC;458;ESPAÑA AUSTRAL;XII - Magallanes;Punta Arenas;Av. España 01375;1306.0;SIN CONVENIO;HIDROLAB;;2024-09-30 00:00:00;RESUMEN;CONTROL DIRECTO;8.9;6.56;417.0;;7.5;2.3;2.0;0.1;124.0;0;0.0;;;;;;;;;;;;;;;;;20
RENDIC;472;CALDERA I;III - Atacama;Caldera;Batallon Atacama 319;0.0;CONVENIO;BIODIVERSA;;2024-10-02 00:00:00;RESUMEN;CONTROL DIRECTO;11.35;;161.0;;3.29;57.0;20.0;1.3;125.0;;0.0;;;;;;;;;;;;;;;;0.1;
RENDIC;24;CHACABUCO;III - Atacama;Copiapó;Los Carreras  586;0.0;SIN CONVENIO;BIODIVERSA;;2024-10-02 00:00:00;RESUMEN;CONTROL DIRECTO;11.35;;161.0;;3.29;57.0;20.0;1.,3;125.0;;0.0;;;;;;;;;;;;;;;;;
RENDIC;777;CENTRAL;X - Los Lagos;Osorno;Patricio Lynch 1278;3684.0;CONVENIO;ANAM;;2024-10-04 00:00:00;RESUMEN;CONTROL DIRECTO;16.0;8.1;291.0;;1.6;5.3;8.0;0.5;108.0;2;60.0;;;;;;;;;;;;;;;;;15.2
RENDIC;778;ORIENTE;X - Los Lagos;Osorno;Julio Buschman 2223;2867.0;CONVENIO;ANAM;;2024-10-10 00:00:00;RESUMEN;CONTROL DIRECTO;149.0;6.8;1237.0;;14.7;34.57;9.0;125;625.0;12;360.0;;;;;;;;;;;;;;;;;13.8
RENDIC;O048803080;EDIFICIO LAS ARTES;RM - Santiago;Las Condes;Cerro El Plomo 5680. Piso 7,8,9,10 y 11;0.0;SIN CONVENIO;CESMEC;;2024-10-14 00:00:00;RESUMEN;AUTOCONTROL;15.7;7.36;44.0;;4.93;39.6;10.0;0.5;85.0;;0.0;;;;;;;;;;;;;;;;;14
RENDIC;7;VALLENAR I;III - Atacama;Vallenar;Brasil 663;0.0;CONVENIO;BIODIVERSA;;2024-10-15 00:00:00;RESUMEN;CONTROL DIRECTO;14.79;;563.0;;3.46;174.5;13.3;2;137.29;;0.0;;;;;;;;;;;;;;;;0.1;
RENDIC;344;CURICO ALAMEDA;VII - Maule;Curicó;Estado 43;4530.0;SIN CONVENIO;CESMEC;;2024-10-15 00:00:00;RESUMEN;AUTOCONTROL;13.0;6.67;519.8;;4.49;41.7;5.3;10;440.5;0;0.0;;;;;;;;;;;;;;;;;16
RENDIC;344;CURICO ALAMEDA;VII - Maule;Curicó;Estado 43;4530.0;SIN CONVENIO;BIODIVERSA;;2024-10-15 00:00:00;RESUMEN;CONTROL DIRECTO;13.0;7.15;519.0;;4.49;41.7;5.3;;440.0;0.31;9.3;;;;;;;;;;;;;;;;;10.5
RENDIC;336;CONCEPCION I;VIII - Biobío;Concepción;CHACABUCO 70;0.0;SIN CONVENIO;BIODIVERSA;;2024-10-16 00:00:00;RESUMEN;CONTROL DIRECTO;26.0;7.1;265.65;;8.35;28.6;4.7;1;72.14;4579.2;137376.0;;;;;;;;;;;;;;;;;17.5
RENDIC;88;LINARES I;VII - Maule;Linares;Maipu Nº 556;0.0;SIN CONVENIO;BIODIVERSA;;2024-10-21 00:00:00;RESUMEN;CONTROL DIRECTO;2.0;7.1;220.3;;12.58;24.8;23.3;;45.95;0.18;5.3999999999999995;;;;;;;;;;;;;;;;;14.5
RENDIC;14;COPIAPO;III - Atacama;Copiapó;Av. Henrriquez N° 523;0.0;CONVENIO;CESMEC;;2024-10-22 00:00:00;RESUMEN;AUTOCONTROL;7.6;;112.0;;6.9;30.15;6.0;5;32.4;;0.0;;;;;;;;;;;;;;;;;
RENDIC;25;EL PALOMAR;III - Atacama;Copiapó;Av. Palomar 1525;3868.0;TERMINADO;CESMEC;;2024-10-22 00:00:00;RESUMEN;AUTOCONTROL;3.4;;264.0;;7.4;57.4;3.0;0.5;40.0;;0.0;;;;;;;;;;;;;;;;;
RENDIC;22;ATACAMA;III - Atacama;Copiapó;Los Carreras 2242;2666.0;CONVENIO;CESMEC;;2024-10-22 00:00:00;RESUMEN;AUTOCONTROL;36.4;;628.0;;14.0;91.64;3.0;0.8;113.0;;0.0;;;;;;;;;;;;;;;;;
RENDIC;442;COYHAIQUE;XI - Aysén;Coyhaique;Lautaro 331;1320.0;SIN CONVENIO;AGUAS PATAGONIA;;2024-10-22 00:00:00;RESUMEN;AUTOCONTROL;21.0;7.77;377.0;;13.8;22.0;7.0;2;135.0;37.15;1114.5;;;;;;;;;;;;;;;;;10.84
MAYORISTA;3013;M10 SAN BERNARDO I;RM - Santiago;San Bernardo;Av. Portales 2448;0.0;SIN CONVENIO;AGUAS ANDINAS;;2024-10-22 00:00:00;RESUMEN;CONTROL DIRECTO;19.0;8.61;175.0;;9.27;61.02;11.7;0.2;55.0;3;90.0;;;;;;;;;;;;;;;;;18.5
RENDIC;465;PUERTO NATALES;XII - Magallanes;Puerto Natales;Bulnes 742;1133.0;SIN CONVENIO;CONEMI;;2024-10-23 00:00:00;VDD;AUTOCONTROL;;;;;;;;;;29.16;874.8;;;;;;;;;;;;;;;;;
RENDIC;32;CHAÑARCILLO;III - Atacama;Copiapó;Chacabuco Nº 231;0.0;CONVENIO;CESMEC;;2024-10-23 00:00:00;RESUMEN;AUTOCONTROL;764.0;;1063.0;;18.1;87.18;3.0;16;1086.7;;0.0;;;;;;;;;;;;;;;;;
RENDIC;24;CHACABUCO;III - Atacama;Copiapó;Los Carreras  586;0.0;SIN CONVENIO;CESMEC;;2024-10-23 00:00:00;RESUMEN;AUTOCONTROL;16.8;;147.0;;2.1;5.0;3.0;0.5;36.0;;0.0;;;;;;;;;;;;;;;;;
RENDIC;472;CALDERA I;III - Atacama;Caldera;Batallon Atacama 319;0.0;CONVENIO;CESMEC;;2024-10-23 00:00:00;RESUMEN;AUTOCONTROL;25.3;;573.0;;19.0;56.94;5.0;1.5;212.0;;0.0;;;;;;;;;;;;;;;;;
RENDIC;7;VALLENAR I;III - Atacama;Vallenar;Brasil 663;0.0;CONVENIO;CESMEC;;2024-10-24 00:00:00;RESUMEN;AUTOCONTROL;7.1;;165.0;;7.8;5.0;7.0;2;127.0;;0.0;;;;;;;;;;;;;;;;;
RENDIC;16;VALLENAR II;III - Atacama;Vallenar;Arturo Prat 2350;0.0;TERMINADO;CESMEC;;2024-10-24 00:00:00;RESUMEN;AUTOCONTROL;7.1;;165.0;;7.8;5.0;7.0;2;127.0;;0.0;;;;;;;;;;;;;;;;;
RENDIC;22;ATACAMA;III - Atacama;Copiapó;Los Carreras 2242;2666.0;CONVENIO;BIODIVERSA;;2024-10-24 00:00:00;RESUMEN;CONTROL DIRECTO;26.52;;526.0;;6.28;130.0;;1.6;244.0;;0.0;;;;;;;;;;;;;;;;0.1;
RENDIC;14;COPIAPO;III - Atacama;Copiapó;Av. Henrriquez N° 523;0.0;CONVENIO;BIODIVERSA;;2024-10-24 00:00:00;RESUMEN;CONTROL DIRECTO;;;284.0;;;38.05;;0.9;26.0;;0.0;;;;;;;;;;;;;;;;0.1;
RENDIC;32;CHAÑARCILLO;III - Atacama;Copiapó;Chacabuco Nº 231;0.0;CONVENIO;BIODIVERSA;;2024-10-24 00:00:00;RESUMEN;CONTROL DIRECTO;17.92;;380.0;;3.46;87.6;;1;70.0;;0.0;;;;;;;;;;;;;;;;0.1;
RENDIC;32;CHAÑARCILLO;III - Atacama;Copiapó;Chacabuco Nº 231;0.0;CONVENIO;BIODIVERSA;;2024-10-24 00:00:00;RESUMEN;CONTROL DIRECTO;17.92;;380.0;;3.46;87.6;;1;70.0;;0.0;;;;;;;;;;;;;;;;0.1;
RENDIC;477;CURAUMA;V - Valparaiso;Valparaíso;Obispo Valdes 1170;2721.0;SIN CONVENIO;CESMEC;;2024-10-25 00:00:00;COMPLETO;AUTOCONTROL;16.5;;87.0;;4.0;13.91;2.0;3;59.0;;0.0;0.2009;0.005;0.1854;0.01;0.1;0.1;0.05;0.05;0.05;10.0;0.1069;0.001;0.05;0.05;93.0;0.5;
MAYORISTA;3014;M10 SAN FERNANDO;VI - O'Higgins;San Fernando;Chillan 745;1298.0;TERMINADO;CESMEC;;2024-10-25 00:00:00;COMPLETO;AUTOCONTROL;42.2;;105.0;;6.1;19.08;2.0;4;108.0;;0.0;0.7738;0.005;0.1371;0.01;0.1;0.6016;0.0868;0.05;0.05;10.0;0.072;0.001;0.05;0.05;63.0;0.5;
RENDIC;544;PURRANQUE;X - Los Lagos;Purranque;Eleuterio Ramirez 549;0.0;SIN CONVENIO;ANAM;;2024-10-25 00:00:00;RESUMEN;CONTROL DIRECTO;15.0;7.6;70.0;;2.4;3.7;2.0;1;74.0;12;360.0;;;;;;;;;;;;;;;;;9.8
RENDIC;555;GRANEROS;VI - O'Higgins;Graneros;Obispo Rafael Lira 042;4574.0;SIN CONVENIO;CESMEC;;2024-10-27 00:00:00;RESUMEN;AUTOCONTROL;4.0;;107.0;;7.5;15.34;28.0;0.5;43.0;;0.0;;;;;;;;;;;;;;;;;
RENDIC;23;LOS CARRERAS;III - Atacama;Copiapó;Los Carrera 479;0.0;SIN CONVENIO;CESMEC;;2024-10-28 00:00:00;RESUMEN;AUTOCONTROL;10.5;;10.0;;2.8;5.0;2.0;0.7;32.0;;0.0;;;;;;;;;;;;;;;;;
RENDIC;9139;CD LO AGUIRRE;RM - Santiago;Pudahuel;CAMINO LO AGUIRRE SUR 537;3552.0;SIN CONVENIO;CESMEC;;2024-10-29 00:00:00;COMPLETO;AUTOCONTROL;9.5;;10.0;;0.9;8.16;2.0;0.5;10.0;;0.0;;;;;;;;;;;;;;;;;
RENDIC;14;COPIAPO;III - Atacama;Copiapó;Av. Henrriquez N° 523;0.0;CONVENIO;CESMEC;;2024-11-05 00:00:00;RESUMEN;CONTROL DIRECTO;19.8;7.15;398.0;;6.7;25.71;21.0;0.5;46.0;1.18;35.4;;;;;;;;;;;;;;;;;21.03
RENDIC;778;ORIENTE;X - Los Lagos;Osorno;Julio Buschman 2223;2867.0;CONVENIO;ANAM;;2024-11-05 00:00:00;RESUMEN;CONTROL DIRECTO;17.0;8.35;212.0;;1.5;69.14;5.0;5;101.0;11;330.0;;;;;;;;;;;;;;;;;13
RENDIC;777;CENTRAL;X - Los Lagos;Osorno;Patricio Lynch 1278;3684.0;CONVENIO;ANAM;;2024-11-05 00:00:00;RESUMEN;CONTROL DIRECTO;24.0;6.8;433.0;;1.7;55.7;3.0;1.5;128.0;2;60.0;;;;;;;;;;;;;;;;;13.6
RENDIC;472;CALDERA I;III - Atacama;Caldera;Batallon Atacama 319;0.0;CONVENIO;BIODIVERSA;;2024-11-05 00:00:00;RESUMEN;CONTROL DIRECTO;3.2;;231.0;;7.33;106.5;22.3;0.9;64.0;;0.0;;;;;;;;;;;;;;;;0.1;
RENDIC;9139;CD LO AGUIRRE;RM - Santiago;Pudahuel;CAMINO LO AGUIRRE SUR 537;3552.0;SIN CONVENIO;ANAM;;2024-11-05 00:00:00;RESUMEN;CONTROL DIRECTO;15.0;8.4;76.0;;4.96;33.54;0.8;;102.0;0.83;24.9;;;;;;;;;;;;;;;;;20.9
LOGISTICA;9043;CD COQUIMBO FYV;IV - Coquimbo;Coquimbo;RUTA D-43, BARRIO INDUSTRIAL 701, TIERRAS BLANCAS;0.0;SIN CONVENIO;CESMEC;;2024-11-07 00:00:00;RESUMEN;AUTOCONTROL;9.7;7.5;10.0;;4.8;;2.0;0.005;10.0;;0.0;0.1;0.0002;0.2525;0.01;0.1;0.0835;0.05;;0.05;5.0;0.0233;0.001;0.05;0.01;196.0;0.5;23.3
LOGISTICA;9043;CD COQUIMBO FYV;IV - Coquimbo;Coquimbo;RUTA D-43, BARRIO INDUSTRIAL 701, TIERRAS BLANCAS;0.0;SIN CONVENIO;CESMEC;;2024-11-08 00:00:00;COMPLETO;AUTOCONTROL;9.7;7.5;10.0;;4.8;;2.0;;10.0;;0.0;0.1;0.002;0.2525;0.01;0.1;0.0835;0.05;;0.05;5.0;0.0233;0.001;0.05;0.01;196.0;0.5;23.3
RENDIC;22;ATACAMA;III - Atacama;Copiapó;Los Carreras 2242;2666.0;CONVENIO;CESMEC;;2024-11-11 00:00:00;RESUMEN;AUTOCONTROL;21.4;7.51;611.0;;13.5;30.2;5.0;2;170.0;1.85;55.5;;;;;;;;;;;;;;;;;21.89
RENDIC;7;VALLENAR I;III - Atacama;Vallenar;Brasil 663;0.0;CONVENIO;BIODIVERSA;;2024-11-11 00:00:00;RESUMEN;CONTROL DIRECTO;21.8;;687.0;;8.09;93.9;40.3;0.9;142.11;;0.0;;;;;;;;;;;;;;;;0.1;
RENDIC;32;CHAÑARCILLO;III - Atacama;Copiapó;Chacabuco Nº 231;0.0;CONVENIO;CESMEC;;2024-11-12 00:00:00;RESUMEN;AUTOCONTROL;144.5;7.44;1422.0;;16.8;53.5;4.0;9.5;275.0;2.43;72.9;;;;;;;;;;;;;;;;;22.71
RENDIC;25;EL PALOMAR;III - Atacama;Copiapó;Av. Palomar 1525;3868.0;TERMINADO;CESMEC;;2024-11-12 00:00:00;RESUMEN;AUTOCONTROL;15.4;7.55;205.0;;5.9;28.9;3.0;4;35.0;1.75;52.5;;;;;;;;;;;;;;;;;23.1
RENDIC;24;CHACABUCO;III - Atacama;Copiapó;Los Carreras  586;0.0;SIN CONVENIO;CESMEC;;2024-11-14 00:00:00;RESUMEN;AUTOCONTROL;5.0;7.36;116.0;;1.2;5.0;35.0;0.9;58.3;0.96;28.799999999999997;;;;;;;;;;;;;;;;;20.84
RENDIC;14;COPIAPO;III - Atacama;Copiapó;Av. Henrriquez N° 523;0.0;CONVENIO;BIODIVERSA;;2024-11-14 00:00:00;RESUMEN;CONTROL DIRECTO;6.38;;360.0;;10.87;30.6;15.3;0.9;65.0;;0.0;;;;;;;;;;;;;;;;0.1;
RENDIC;23;LOS CARRERAS;III - Atacama;Copiapó;Los Carrera 479;0.0;SIN CONVENIO;CESMEC;;2024-11-15 00:00:00;RESUMEN;AUTOCONTROL;30.6;7.1;614.0;;13.3;59.87;2.0;2;175.0;0.59;17.7;;;;;;;;;;;;;;;;;19.69
RENDIC;544;PURRANQUE;X - Los Lagos;Purranque;Eleuterio Ramirez 549;0.0;SIN CONVENIO;ANAM;;2024-11-15 00:00:00;RESUMEN;CONTROL DIRECTO;22.0;7.3;192.0;;4.7;11.8;2.0;0.6;110.0;13;390.0;;;;;;;;;;;;;;;;;14.1
RENDIC;32;CHAÑARCILLO;III - Atacama;Copiapó;Chacabuco Nº 231;0.0;CONVENIO;BIODIVERSA;;2024-11-20 00:00:00;RESUMEN;CONTROL DIRECTO;25.51;;475.0;;;56.3;;;138.27;;0.0;;;;;;;;;;;;;;;;;
MAYORISTA;3503;S10 PORTALES;RM - Santiago;San Bernardo;Av. Portales Oriente 1701;0.0;SIN CONVENIO;AGUAS ANDINAS;;2024-11-23 00:00:00;RESUMEN;CONTROL DIRECTO;61.0;7.76;173.0;;10.06;84.75;0.8;2;340.0;14;420.0;;;;;;;;;;;;;;;;;19.5
RENDIC;472;CALDERA I;III - Atacama;Caldera;Batallon Atacama 319;0.0;CONVENIO;CESMEC;;2024-11-26 00:00:00;RESUMEN;AUTOCONTROL;14.0;7.53;331.0;;16.6;30.61;2.0;5;202.0;;0.0;;;;;;;;;;;;;;;;;25.6
RENDIC;7;VALLENAR I;III - Atacama;Vallenar;Brasil 663;0.0;CONVENIO;CESMEC;;2024-11-28 00:00:00;RESUMEN;AUTOCONTROL;21.2;7.94;164.0;;12.4;63.12;5.0;1.2;198.3;1.25;37.5;;;;;;;;;;;;;;;;;23.03
RENDIC;773;LLANQUIHUE;X - Los Lagos;Llanquihue;Baquedano 612;0.0;SIN CONVENIO;ANAM;;2024-11-29 00:00:00;RESUMEN;CONTROL DIRECTO;14.0;6.85;208.0;;5.3;16.72;2.0;0.5;99.0;3;90.0;;;;;;;;;;;;;;;;;14
MAYORISTA;3014;M10 SAN FERNANDO;VI - O'Higgins;San Fernando;Chillan 745;1298.0;TERMINADO;CESMEC;;2024-11-29 00:00:00;COMPLETO;AUTOCONTROL;23.5;7.01;146.0;;8.1;10.07;3.0;1;73.3;7.776;233.28;0.16;0.005;0.1257;0.01;0.1;0.6116;0.1776;0.05;0.05;10.0;0.0341;0.001;0.05;0.05;82.0;0.5;22.03
RENDIC;780;VICTORIA;X - Los Lagos;Osorno;Victoria 367 Rahue Bajo;1362.0;SIN CONVENIO;ANAM;;2024-11-30 00:00:00;RESUMEN;CONTROL DIRECTO;43.0;7.7;377.0;;37.6;76.9;4.0;0.7;114.0;2;60.0;;;;;;;;;;;;;;;;;17.5
RENDIC;22;ATACAMA;III - Atacama;Copiapó;Los Carreras 2242;2666.0;CONVENIO;CESMEC;;2024-12-02 00:00:00;RESUMEN;AUTOCONTROL;38.4;7.84;127.0;;7.3;27.55;2.0;0.5;120.0;1.55;46.5;;;;;;;;;;;;;;;;;23.59
RENDIC;9139;CD LO AGUIRRE;RM - Santiago;Pudahuel;CAMINO LO AGUIRRE SUR 537;3552.0;SIN CONVENIO;CESMEC;;2024-12-02 00:00:00;RESUMEN;AUTOCONTROL;15.2;7.69;123.0;;7.1;60.51;6.0;1.9;160.0;38.16;1144.8;;;;;;;;;;;;;;;;;22.05
LOGISTICA;9043;CD COQUIMBO FYV;IV - Coquimbo;Coquimbo;RUTA D-43, BARRIO INDUSTRIAL 701, TIERRAS BLANCAS;0.0;SIN CONVENIO;CESMEC;;2024-12-02 00:00:00;RESUMEN;AUTOCONTROL;15.2;7.69;123.0;;7.1;60.51;6.0;1.9;160.0;1.33;39.900000000000006;;;;;;;;;;10.0;;;;;;;22.05
RENDIC;375;ARAUCO;XIV - Los Ríos;Valdivia;Arauco 697;3420.0;CONVENIO;CESMEC;;2024-12-03 00:00:00;RESUMEN;AUTOCONTROL;4.54;6.73;103.0;;5.02;11.9;93.0;0.5;33.0;;0.0;;;;;;;;;;;;;;;;;16.86
RENDIC;7;VALLENAR I;III - Atacama;Vallenar;Brasil 663;0.0;CONVENIO;BIODIVERSA;;2024-12-03 00:00:00;RESUMEN;CONTROL DIRECTO;3.31;;324.0;;10.06;95.5;7.0;4;183.33;;0.0;;;;;;;;;;;;;;;;0.1;
RENDIC;778;ORIENTE;X - Los Lagos;Osorno;Julio Buschman 2223;2867.0;CONVENIO;ANAM;;2024-12-03 00:00:00;RESUMEN;CONTROL DIRECTO;38.0;7.3;223.0;;9.9;37.4;3.0;18;410.0;20;600.0;;;;;;;;;;;;;;;;;16.2
RENDIC;106;LOS MOLLES;I - Tarapacá;Iquique;Santiago Polanco 2251;4050.0;CONVENIO;SGS;;2024-12-03 00:00:00;RESUMEN;CONTROL DIRECTO;49.0;6.45;736.0;;22.3;56.47;2.0;50;1045.0;4.32;129.60000000000002;;;;;;;;;;;;;;;;;24.35
RENDIC;472;CALDERA I;III - Atacama;Caldera;Batallon Atacama 319;0.0;CONVENIO;BIODIVERSA;;2024-12-04 00:00:00;RESUMEN;CONTROL DIRECTO;7.76;;164.0;;5.99;14.35;15.0;1.5;105.0;;0.0;;;;;;;;;;;;;;;;0.1;
RENDIC;24;CHACABUCO;III - Atacama;Copiapó;Los Carreras  586;0.0;SIN CONVENIO;CESMEC;;2024-12-05 00:00:00;RESUMEN;AUTOCONTROL;29.0;7.48;1085.0;;6.0;5.08;3.0;1;150.0;6912;207360.0;;;;;;;;;;;;;;;;;20.79
RENDIC;25;EL PALOMAR;III - Atacama;Copiapó;Av. Palomar 1525;3868.0;TERMINADO;CESMEC;;2024-12-05 00:00:00;RESUMEN;AUTOCONTROL;8.6;7.64;335.0;;7.4;63.35;3.0;1;74.0;10022.4;300672.0;;;;;;;;;;;;;;;;;22.35
RENDIC;14;COPIAPO;III - Atacama;Copiapó;Av. Henrriquez N° 523;0.0;CONVENIO;BIODIVERSA;;2024-12-05 00:00:00;RESUMEN;CONTROL DIRECTO;5.52;;191.0;;5.76;18.4;20.0;0.9;32.0;;0.0;;;;;;;;;;;;;;;;0.1;
RENDIC;777;CENTRAL;X - Los Lagos;Osorno;Patricio Lynch 1278;3684.0;CONVENIO;CESMEC;;2024-12-06 00:00:00;RESUMEN;AUTOCONTROL;46.4;6.82;283.0;;9.16;50.84;30.0;0.5;133.0;0.9;27.0;;;;;;;;;;;;;;;;;15.11
RENDIC;778;ORIENTE;X - Los Lagos;Osorno;Julio Buschman 2223;2867.0;CONVENIO;CESMEC;;2024-12-06 00:00:00;RESUMEN;AUTOCONTROL;15.9;6.41;254.0;;7.29;27.9;13.0;0.5;91.0;5.4;162.0;;;;;;;;;;;;;;;;;18.86
RENDIC;777;CENTRAL;X - Los Lagos;Osorno;Patricio Lynch 1278;3684.0;CONVENIO;ANAM;;2024-12-06 00:00:00;RESUMEN;CONTROL DIRECTO;14.0;7.8;78.0;;2.0;2.4;2.0;0.6;48.0;1;30.0;;;;;;;;;;;;;;;;;19.4
MAYORISTA;3557;;;;;;;CESMEC;;2024-12-09 00:00:00;COMPLETO;AUTOCONTROL;21.1;6.77;227.0;;9.26;18.94;23.0;0.5;70.0;;0.0;0.6313;0.002;0.1;0.01;0.1;0.21;0.05;0.05;0.05;10.0;0.01;0.001;0.05;0.05;10.0;0.5;16.14
RENDIC;442;COYHAIQUE;XI - Aysén;Coyhaique;Lautaro 331;1320.0;SIN CONVENIO;AGUAS PATAGONIA;;2024-12-10 00:00:00;RESUMEN;AUTOCONTROL;14.0;9.22;252.0;;14.6;24.0;2.0;11;103.0;0.29;8.7;;;;;;;;;;;;;;;;;10.7
RENDIC;7;VALLENAR I;III - Atacama;Vallenar;Brasil 663;0.0;CONVENIO;BIODIVERSA;;2024-12-11 00:00:00;RESUMEN;CONTROL DIRECTO;10.9;7.2;411.0;;13.5;5.0;5.0;0.5;102.0;5616;168480.0;;;;;;;;;;;;;;;;;20.76
RENDIC;576;CASTRO I;X - Los Lagos;Castro;O'Higgins 711;3875.0;SIN CONVENIO;CESMEC;;2024-12-11 00:00:00;COMPLETO;AUTOCONTROL;14.6;7.39;525.0;;16.8;50.0;7.0;0.6;69.0;1.1;33.0;0.4736;0.002;0.1;0.01;0.1;0.05;0.05;0.05;0.05;10.0;0.108;0.001;0.05;0.05;10.0;0.5;10.61
RENDIC;16;VALLENAR II;III - Atacama;Vallenar;Arturo Prat 2350;0.0;TERMINADO;CESMEC;;2024-12-11 00:00:00;RESUMEN;AUTOCONTROL;6.9;7.55;95.0;;3.1;5.0;2.0;1.2;70.8;0.35;10.5;;;;;;;;;;;;;;;;;21.79
RENDIC;32;CHAÑARCILLO;III - Atacama;Copiapó;Chacabuco Nº 231;0.0;CONVENIO;BIODIVERSA;;2024-12-11 00:00:00;RESUMEN;CONTROL DIRECTO;5.78;;286.0;;3.43;18.0;18.7;0.9;75.0;;0.0;;;;;;;;;;;;;;;;0.1;
RENDIC;22;ATACAMA;III - Atacama;Copiapó;Los Carreras 2242;2666.0;CONVENIO;BIODIVERSA;;2024-12-11 00:00:00;RESUMEN;CONTROL DIRECTO;25.15;;465.0;;4.09;38.15;23.0;3.5;250.0;;0.0;;;;;;;;;;;;;;;;0.1;
RENDIC;17;LOS ALAMOS;IV - Coquimbo;Coquimbo;Los Alamos 580;2643.0;TERMINADO;CESMEC;;2024-12-12 00:00:00;COMPLETO;AUTOCONTROL;12.0;8.05;168.0;;2.1;5.0;20.0;0.5;35.8;1;30.0;0.1;0.005;0.6555;0.01;0.1;0.1013;0.083;0.05;0.05;10.0;0.0422;0.001;0.05;0.05;172.0;0.5;19.85
RENDIC;46;CALAMA I;II - Antofagasta;Calama;Granaderos 3180;3035.0;SIN CONVENIO;CESMEC;;2024-12-13 00:00:00;RESUMEN;AUTOCONTROL;20.5;7.7;355.0;;12.2;24.95;2.0;1;27.2;;0.0;0.1;0.007;4.5007;0.01;0.1;0.2787;0.067;0.05;0.05;10.0;0.0463;0.001;0.05;0.05;85.0;4.63;22.03
RENDIC;111;CALAMA II;II - Antofagasta;Calama;Aconcagua 2588;2966.0;SIN CONVENIO;CESMEC;;2024-12-13 00:00:00;RESUMEN;AUTOCONTROL;9.7;7.66;133.0;;4.3;33.6;2.0;0.6;146.0;0.98;29.4;;;;;;;;;;;;;;;;;23.36
RENDIC;459;ALLENDE AUSTRAL;XII - Magallanes;Punta Arenas;Salvador Allende 0399;3735.0;SIN CONVENIO;CONEMI;;2024-12-13 00:00:00;COMPLETO;AUTOCONTROL;1.34;6.83;6.02;;0.23;0.49;2.0;0.1;5.0;0.95;28.5;0.554;0.001;0.035;0.002;0.02;0.064;0.012;0.005;0.02;1.13;0.033;0.001;0.01;0.02;67.7;0.1;7.3
RENDIC;461;ZENTENO AUSTRAL;XII - Magallanes;Punta Arenas;Capitan Guillermo 05;3736.0;SIN CONVENIO;CONEMI;;2024-12-13 00:00:00;COMPLETO;AUTOCONTROL;1.18;6.91;8.74;;0.71;0.38;2.0;0.1;5.0;1;30.0;0.41;0.001;0.04;0.002;0.02;0.097;0.005;0.005;0.02;0.97;0.036;0.001;0.01;0.02;58.7;0.1;7.1
RENDIC;790;VALDIVIA III;XIV - Los Ríos;Valdivia;Rene Schneider 3722;0.0;SIN CONVENIO;CESMEC;;2024-12-15 00:00:00;RESUMEN;AUTOCONTROL;10.5;6.94;140.0;;8.19;5.0;38.0;0.5;76.0;1.4;42.0;;;;;;;;;;;;;;;;;18.11
RENDIC;14;COPIAPO;III - Atacama;Copiapó;Av. Henrriquez N° 523;0.0;CONVENIO;BIODIVERSA;;2024-12-16 00:00:00;RESUMEN;CONTROL DIRECTO;25.8;7.08;257.0;;7.9;27.76;5.0;0.5;52.7;7430.4;222912.0;;;;;;;;;;;;;;;;;22.24
RENDIC;106;LOS MOLLES;I - Tarapacá;Iquique;Santiago Polanco 2251;4050.0;CONVENIO;CESMEC;;2024-12-16 00:00:00;COMPLETO;AUTOCONTROL;33.9;6.92;368.0;;7.7;30.14;2.0;7.5;470.0;0.46;13.8;5.6552;0.014;2.9895;0.01;0.1;1.5935;0.1802;0.05;0.05;10.0;0.0993;0.001;0.05;0.05;10.0;0.5;23.66
RENDIC;106;LOS MOLLES;I - Tarapacá;Iquique;Santiago Polanco 2251;4050.0;CONVENIO;CESMEC;;2024-12-16 00:00:00;COMPLETO;AUTOCONTROL;33.9;6.92;368.0;;7.7;30.14;2.0;7.5;470.0;0.46;13.8;5.6552;0.014;2.9895;0.01;0.1;1.5935;0.1802;0.05;0.05;10.0;0.0993;0.001;0.05;0.05;10.0;0.5;23.66
RENDIC;5;LAS COMPAÑIAS;IV - Coquimbo;La Serena;Nicaragua 1571;2644.0;SIN CONVENIO;CESMEC;;2024-12-16 00:00:00;COMPLETO;AUTOCONTROL;35.2;8.01;172.0;;9.8;46.65;7.0;0.6;188.6;1.2;36.0;0.1;0.004;0.4997;0.01;0.1;0.148;0.05;0.05;0.05;10.0;0.0225;0.001;0.05;0.05;321.0;0.5;19.11
RENDIC;771;MIRASOL;X - Los Lagos;Puerto Montt;Av. La Cruz 2006;3723.0;SIN CONVENIO;CESMEC;;2024-12-16 00:00:00;COMPLETO;AUTOCONTROL;2.0;7.36;72.0;;8.11;86.9;10.0;0.5;41.0;3;90.0;0.2347;0.002;0.1;0.01;0.1;0.08;0.059;0.05;0.05;10.0;0.01;0.001;0.05;0.05;16.5;0.5;14.76
RENDIC;472;CALDERA I;III - Atacama;Caldera;Batallon Atacama 319;0.0;CONVENIO;CESMEC;;2024-12-16 00:00:00;RESUMEN;AUTOCONTROL;10.0;7.05;207.0;;18.3;56.67;15.0;0.5;127.5;0.98;29.4;;;;;;;;;;;;;;;;;22.05
RENDIC;32;CHAÑARCILLO;III - Atacama;Copiapó;Chacabuco Nº 231;0.0;CONVENIO;CESMEC;;2024-12-18 00:00:00;COMPLETO;AUTOCONTROL;5.2;;;;;;;;;;0.0;;;;;;;;;;;;;;;;;
RENDIC;86;BILBAO;I - Tarapacá;Iquique;Fco.Bilbao 3545;4049.0;CONVENIO;CESMEC;;2024-12-18 00:00:00;COMPLETO;AUTOCONTROL;5.2;6.91;82.0;;2.5;5.0;4.0;1;29.2;0.39;11.700000000000001;0.3466;0.007;2.1694;0.01;0.1;0.2547;0.0536;0.05;0.05;10.0;0.0296;0.001;0.05;0.05;247.0;0.5;23.54
RENDIC;105;IQUIQUE CENTRO;I - Tarapacá;Iquique;Tarapaca 579;4051.0;TERMINADO;CESMEC;;2024-12-18 00:00:00;COMPLETO;AUTOCONTROL;226.0;6.77;230.0;;8.0;25.98;2.0;5;158.0;0.44;13.2;6.0331;0.015;2.5249;0.01;0.1;1.8383;0.2378;0.05;0.05;10.0;0.1946;0.001;0.05;0.05;10.0;3.04;22.55
RENDIC;32;CHAÑARCILLO;III - Atacama;Copiapó;Chacabuco Nº 231;0.0;CONVENIO;CESMEC;;2024-12-18 00:00:00;COMPLETO;AUTOCONTROL;8.1;7.1;219.0;;7.0;42.14;3.0;1.5;105.0;;0.0;;;;;;;;;;;;;;;;;21.8
MAYORISTA;3022;M10 TEMUCO II;IX - Araucanía;Temuco;Pedro De Valdivia 2285;3721.0;CONVENIO;CESMEC;;2024-12-19 00:00:00;COMPLETO;AUTOCONTROL;155.6;7.52;112.0;;6.64;33.2;5.0;4;645.0;;0.0;2.4234;0.002;0.1;0.01;0.1;1.79;0.18;0.05;0.05;10.0;0.079;0.001;0.05;0.05;10.0;0.5;17.5
MAYORISTA;3143;M10 TEMUCO IV;IX - Araucanía;Temuco;Francisco Salazar 01650;4422.0;CONVENIO;CESMEC;;2024-12-19 00:00:00;COMPLETO;AUTOCONTROL;16.4;7.24;108.0;;4.38;36.2;9.0;1.5;30.8;4.14;124.19999999999999;0.1665;0.002;0.1;0.01;0.1;0.05;0.05;0.05;0.05;10.0;0.01;0.001;0.05;0.05;22.2;0.5;16.81
RENDIC;458;ESPAÑA AUSTRAL;XII - Magallanes;Punta Arenas;Av. España 01375;1306.0;SIN CONVENIO;CONEMI;;2024-12-20 00:00:00;COMPLETO;AUTOCONTROL;3.31;6.19;272.0;;10.0;7.1;2.0;0.1;22.0;;0.0;0.406;0.001;0.158;0.002;0.02;0.176;0.193;0.005;0.01;1.03;0.08;0.001;0.01;0.02;59.9;0.1;6.2
RENDIC;463;BORIES AUSTRAL;XII - Magallanes;Punta Arenas;Gobernador Bories 647;3739.0;SIN CONVENIO;CONEMI;;2024-12-20 00:00:00;COMPLETO;AUTOCONTROL;2.56;6.84;18.6;;2.0;1.8;2.0;0.1;18.0;1;30.0;0.4;0.001;0.089;0.002;0.02;0.155;0.125;0.005;0.01;1.76;0.052;0.001;0.01;0.02;71.2;0.1;5.7
RENDIC;103;VIVAR;I - Tarapacá;Iquique;Vivar 786;4420.0;CONVENIO;CESMEC;;2024-12-26 00:00:00;RESUMEN;AUTOCONTROL;83.0;6.18;240.0;;3.0;5.0;3.0;0.5;126.8;0.15;4.5;;;;;;;;;;;;;;;;;23.18
MAYORISTA;3014;M10 SAN FERNANDO;VI - O'Higgins;San Fernando;Chillan 745;1298.0;TERMINADO;CESMEC;;2024-12-27 00:00:00;RESUMEN;AUTOCONTROL;29.8;7.26;303.0;;8.1;30.68;2.0;2;97.0;691.2;20736.0;;;;;;;;;;;;;;;;;20.45
RENDIC;778;ORIENTE;X - Los Lagos;Osorno;Julio Buschman 2223;2867.0;CONVENIO;ANAM;;2025-01-03 00:00:00;RESUMEN;CONTROL DIRECTO;30.0;6.9;531.0;;7.0;41.1;3.0;5;380.0;30;900.0;;;;;;;;;;;;;;;;;14.1
RENDIC;106;LOS MOLLES;I - Tarapacá;Iquique;Santiago Polanco 2251;4050.0;CONVENIO;SGS;;2025-01-06 00:00:00;RESUMEN;CONTROL DIRECTO;173.0;;526.0;;14.1;26.83;2.0;18;715.0;;0.0;;;;;;;;;;;;;;;;;
RENDIC;777;CENTRAL;X - Los Lagos;Osorno;Patricio Lynch 1278;3684.0;CONVENIO;ANAM;;2025-01-07 00:00:00;RESUMEN;CONTROL DIRECTO;27.0;5.6;731.0;;40.0;19.4;2.0;0.5;217.0;2;60.0;;;;;;;;;;;;;;;;;15.2
RENDIC;75;CONCEPCION II;VIII - Biobío;Concepción;Tucapel 1313;0.0;SIN CONVENIO;BIODIVERSA;;2025-01-07 00:00:00;RESUMEN;CONTROL DIRECTO;4.9;7.76;527.0;;17.25;52.6;2.0;;593.85;5.5200000000000005;165.60000000000002;;;;;;;;;;;;;;;;;21.7
RENDIC;14;COPIAPO;III - Atacama;Copiapó;Av. Henrriquez N° 523;0.0;CONVENIO;BIODIVERSA;;2025-01-07 00:00:00;RESUMEN;CONTROL DIRECTO;5.51;;329.0;;3.37;37.35;11.7;0.9;32.0;;;;;;;;;;;;;;;;;;0.1;
RENDIC;22;ATACAMA;III - Atacama;Copiapó;Los Carreras 2242;2666.0;CONVENIO;BIODIVERSA;;2025-01-07 00:00:00;RESUMEN;CONTROL DIRECTO;17.18;;216.0;;2.67;47.0;9.7;0.9;103.0;;0.0;;;;;;;;;;;;;;;;0.1;
RENDIC;32;CHAÑARCILLO;III - Atacama;Copiapó;Chacabuco Nº 231;0.0;CONVENIO;BIODIVERSA;;2025-01-07 00:00:00;RESUMEN;CONTROL DIRECTO;5.94;;445.0;;2.26;24.1;17.3;0.9;70.0;;0.0;;;;;;;;;;;;;;;;0.14;
RENDIC;22;ATACAMA;III - Atacama;Copiapó;Los Carreras 2242;2666.0;CONVENIO;CESMEC;;2025-01-10 00:00:00;RESUMEN;AUTOCONTROL;9.0;7.2;214.0;;10.6;72.61;2.0;0.7;77.0;0.85;25.5;;;;;;;;;;;;;;;;;25.21
RENDIC;7;VALLENAR I;III - Atacama;Vallenar;Brasil 663;0.0;CONVENIO;BIODIVERSA;;2025-01-14 00:00:00;RESUMEN;CONTROL DIRECTO;5.0;;260.0;;3.62;100.0;7.0;1.4;133.0;;0.0;;;;;;;;;;;;;;;;0.1;
RENDIC;472;CALDERA I;III - Atacama;Caldera;Batallon Atacama 319;0.0;CONVENIO;BIODIVERSA;;2025-01-15 00:00:00;RESUMEN;CONTROL DIRECTO;4.23;;467.0;;7.61;27.75;35.0;1;73.0;;0.0;;;;;;;;;;;;;;;;0.27;
RENDIC;362;LAS TRANQUERAS;RM - Santiago;Vitacura;Vitacura 8400;0.0;SIN CONVENIO;ANAM;;2025-01-20 00:00:00;RESUMEN;CONTROL DIRECTO;37.0;9.0;259.0;;16.37;66.05;0.8;4;236.0;4;120.0;;;;;;;;;;;;;;;;;22.8
RENDIC;459;ALLENDE AUSTRAL;XII - Magallanes;Punta Arenas;Salvador Allende 0399;3735.0;SIN CONVENIO;HIDROLAB;;2025-01-22 00:00:00;RESUMEN;CONTROL DIRECTO;1.1;;7.16;;0.45;0.22;2.0;0.1;5.0;;0.0;;;;;;;;;;;;;;;;;
RENDIC;16;VALLENAR II;III - Atacama;Vallenar;Arturo Prat 2350;0.0;TERMINADO;CESMEC;;2025-01-23 00:00:00;RESUMEN;AUTOCONTROL;5.5;7.58;108.0;;9.3;5.0;5.0;1.5;698.3;0.66;19.8;;;;;;;;;;;;;;;;;23.13
RENDIC;14;COPIAPO;III - Atacama;Copiapó;Av. Henrriquez N° 523;0.0;CONVENIO;BIODIVERSA;;2025-02-04 00:00:00;RESUMEN;CONTROL DIRECTO;2.84;;238.0;;6.82;28.7;15.7;1;40.0;;0.0;;;;;;;;;;;;;;;;2.73;
RENDIC;22;ATACAMA;III - Atacama;Copiapó;Los Carreras 2242;2666.0;CONVENIO;BIODIVERSA;;2025-02-04 00:00:00;RESUMEN;CONTROL DIRECTO;5.28;;166.0;;2.41;6.65;27.3;1;49.0;;0.0;;;;;;;;;;;;;;;;0.1;
RENDIC;32;CHAÑARCILLO;III - Atacama;Copiapó;Chacabuco Nº 231;0.0;CONVENIO;BIODIVERSA;;2025-02-04 00:00:00;RESUMEN;CONTROL DIRECTO;2.58;;207.0;;7.23;20.85;15.0;1;34.0;;0.0;;;;;;;;;;;;;;;;;
RENDIC;778;ORIENTE;X - Los Lagos;Osorno;Julio Buschman 2223;2867.0;CONVENIO;ANAM;;2025-02-07 00:00:00;RESUMEN;CONTROL DIRECTO;36.0;7.02;336.0;;12.9;97.0;2.0;120;190.0;8;240.0;;;;;;;;;;;;;;;;;20
RENDIC;16;VALLENAR II;III - Atacama;Vallenar;Arturo Prat 2350;0.0;TERMINADO;BIODIVERSA;;2025-02-11 00:00:00;RESUMEN;CONTROL DIRECTO;211.17;;1463.0;;12.01;7.7;110.3;1.2;187.14;;0.0;;;;;;;;;;;;;;;;0.1;
RENDIC;7;VALLENAR I;III - Atacama;Vallenar;Brasil 663;0.0;CONVENIO;BIODIVERSA;;2025-02-11 00:00:00;RESUMEN;CONTROL DIRECTO;9.43;;558.0;;8.87;137.8;45.0;2;171.7;;0.0;;;;;;;;;;;;;;;;1.92;
RENDIC;797;RENCA;RM - Santiago;Renca;Av. Brasil 7085;0.0;SIN CONVENIO;AGUAS ANDINAS;;2025-02-12 00:00:00;RESUMEN;CONTROL DIRECTO;401.0;7.8;2975.0;;4.42;75.59;0.8;2;1000.0;3;90.0;;;;;;;;;;;;;;;;;24.5
RENDIC;797;RENCA;RM - Santiago;Renca;Av. Brasil 7085;0.0;SIN CONVENIO;AGUAS ANDINAS;;2025-02-12 00:00:00;RESUMEN;CONTROL DIRECTO;401.0;7.8;2975.0;;4.42;75.59;0.8;2;1000.0;;0.0;;;;;;;;;;;;;;;;;24.5
RENDIC;465;PUERTO NATALES;XII - Magallanes;Puerto Natales;Bulnes 742;1133.0;SIN CONVENIO;HIDROLAB;;2025-02-13 00:00:00;COMPLETO;AUTOCONTROL;5.1;7.47;37.3;;2.3;2.7;2.0;0.1;10.0;16.32;489.6;0.208;0.001;0.042;0.002;0.02;;0.103;0.005;0.02;0.5;0.029;0.001;0.01;0.02;7.82;0.1;22
RENDIC;777;CENTRAL;X - Los Lagos;Osorno;Patricio Lynch 1278;3684.0;CONVENIO;ANAM;;2025-02-14 00:00:00;RESUMEN;CONTROL DIRECTO;34.0;7.62;591.0;;31.0;20.1;4.0;0.5;238.0;5;150.0;;;;;;;;;;;;;;;;;15.7
RENDIC;22;ATACAMA;III - Atacama;Copiapó;Los Carreras 2242;2666.0;CONVENIO;CESMEC;;2025-02-17 00:00:00;RESUMEN;AUTOCONTROL;5.4;7.1;385.0;;6.0;36.72;2.0;1;105.0;750;22500.0;;;;;;;;;;;;;;;;;24.43
RENDIC;14;COPIAPO;III - Atacama;Copiapó;Av. Henrriquez N° 523;0.0;CONVENIO;CESMEC;;2025-02-18 00:00:00;RESUMEN;AUTOCONTROL;53.4;7.06;296.0;;10.8;39.33;4.0;0.5;66.7;0.69;20.7;;;;;;;;;;;;;;;;;21.83
RENDIC;32;CHAÑARCILLO;III - Atacama;Copiapó;Chacabuco Nº 231;0.0;CONVENIO;CESMEC;;2025-02-19 00:00:00;RESUMEN;AUTOCONTROL;11.3;7.0;195.0;;6.6;28.74;3.0;0.7;40.0;;0.0;;;;;;;;;;;;;;;;;27.3
RENDIC;472;CALDERA I;III - Atacama;Caldera;Batallon Atacama 319;0.0;CONVENIO;CESMEC;;2025-02-24 00:00:00;RESUMEN;AUTOCONTROL;11.6;7.19;399.0;;23.3;67.96;2.0;2.5;96.7;1.08;32.400000000000006;;;;;;;;;;;;;;;;;25.64
RENDIC;25;EL PALOMAR;III - Atacama;Copiapó;Av. Palomar 1525;3868.0;TERMINADO;CESMEC;;2025-02-25 00:00:00;RESUMEN;AUTOCONTROL;19.4;7.59;128.0;;6.0;33.37;5.0;0.6;16.4;0.9;27.0;;;;;;;;;;;;;;;;;24.19
RENDIC;24;CHACABUCO;III - Atacama;Copiapó;Los Carreras  586;0.0;SIN CONVENIO;CESMEC;;2025-02-25 00:00:00;RESUMEN;AUTOCONTROL;16.8;7.05;210.0;;2.3;14.17;4.0;0.8;23.0;0.61;18.3;;;;;;;;;;;;;;;;;25.19
RENDIC;16;VALLENAR II;III - Atacama;Vallenar;Arturo Prat 2350;0.0;TERMINADO;CESMEC;;2025-02-27 00:00:00;RESUMEN;AUTOCONTROL;62.5;7.54;299.0;;15.1;5.0;35.0;1.3;204.0;0.6;18.0;;;;;;;;;;;;;;;;;24.54
RENDIC;23;LOS CARRERAS;III - Atacama;Copiapó;Los Carrera 479;0.0;SIN CONVENIO;BIODIVERSA;;2025-02-27 00:00:00;RESUMEN;CONTROL DIRECTO;2.02;;365.0;;9.99;43.8;10.0;1;58.0;;0.0;;;;;;;;;;;;;;;;1.8;
RENDIC;7;VALLENAR I;III - Atacama;Vallenar;Brasil 663;0.0;CONVENIO;CESMEC;;2025-02-27 00:00:00;RESUMEN;AUTOCONTROL;17.8;7.48;297.0;;11.0;31.16;4.0;0.5;65.3;0.89;26.7;;;;;;;;;;;;;;;;;24.81
RENDIC;789;FRUTILLAR III;X - Los Lagos;Frutillar;Arturo Alessandri 381;0.0;SIN CONVENIO;ANAM;;2025-02-28 00:00:00;RESUMEN;CONTROL DIRECTO;22.0;7.31;182.0;;5.0;14.3;2.0;1;169.0;76;2280.0;;;;;;;;;;;;;;;;;14.7
RENDIC;22;ATACAMA;III - Atacama;Copiapó;Los Carreras 2242;2666.0;CONVENIO;CESMEC;;2025-02-28 00:00:00;RESUMEN;AUTOCONTROL;7.6;7.1;508.0;;11.8;61.01;8.0;0.5;126.0;17.52;525.6;;;;;;;;;;;;;;;;;26.85
RENDIC;22;ATACAMA;III - Atacama;Copiapó;Los Carreras 2242;2666.0;CONVENIO;CESMEC;;2025-02-28 00:00:00;RESUMEN;AUTOCONTROL;7.6;7.1;508.0;;11.8;61.01;8.0;0.5;126.0;0.73;21.9;;;;;;;;;;;;;;;;;26.85
RENDIC;46;CALAMA I;II - Antofagasta;Calama;Granaderos 3180;3035.0;SIN CONVENIO;CESMEC;;2025-03-05 00:00:00;RESUMEN;AUTOCONTROL;32.2;7.56;425.0;;15.8;43.8;6.0;0.5;175.0;0;0.0;;;;;;;;;;;;;;;;;22.41
RENDIC;111;CALAMA II;II - Antofagasta;Calama;Aconcagua 2588;2966.0;SIN CONVENIO;CESMEC;;2025-03-06 00:00:00;RESUMEN;AUTOCONTROL;60.4;7.33;394.0;;12.6;27.49;3.0;6;332.5;0.94;28.2;;;;;;;;;;;;;;;;;23.26
RENDIC;771;MIRASOL;X - Los Lagos;Puerto Montt;Av. La Cruz 2006;3723.0;SIN CONVENIO;ANAM;;2025-03-11 00:00:00;RESUMEN;CONTROL DIRECTO;30.0;7.03;217.0;;11.7;90.3;7.0;1.5;278.0;;0.0;;;;;;;;;;;;;;;;;11.3
RENDIC;779;BULNES II;X - Los Lagos;Osorno;Ramirez 699;0.0;SIN CONVENIO;ANAM;;2025-03-11 00:00:00;RESUMEN;CONTROL DIRECTO;14.0;7.31;185.0;;6.7;13.47;2.0;1.5;152.0;;0.0;;;;;;;;;;;;;;;;;21.2
RENDIC;777;CENTRAL;X - Los Lagos;Osorno;Patricio Lynch 1278;3684.0;CONVENIO;ANAM;;2025-03-14 00:00:00;RESUMEN;CONTROL DIRECTO;14.0;7.21;217.0;;3.2;9.57;2.0;3.5;59.0;;0.0;;;;;;;;;;;;;;;;;10.4
RENDIC;375;ARAUCO;XIV - Los Ríos;Valdivia;Arauco 697;3420.0;CONVENIO;ANAM;;2025-03-14 00:00:00;RESUMEN;CONTROL DIRECTO;14.0;7.98;41.0;;2.9;12.9;2.0;;6.0;1.944;58.32;;;;;;;;;;;;;;;;;19
RENDIC;375;ARAUCO;XIV - Los Ríos;Valdivia;Arauco 697;3420.0;CONVENIO;ANAM;;2025-03-17 00:00:00;RESUMEN;CONTROL DIRECTO;14.0;7.7;280.0;;7.6;26.83;10.0;0.5;40.0;5.868;176.04000000000002;;;;;;;;;;;;;;;;;18
RENDIC;778;ORIENTE;X - Los Lagos;Osorno;Julio Buschman 2223;2867.0;CONVENIO;ANAM;;2025-03-18 00:00:00;RESUMEN;CONTROL DIRECTO;24.0;7.62;206.0;;10.9;46.7;2.0;5;151.0;;0.0;;;;;;;;;;;;;;;;;15.8
RENDIC;25;EL PALOMAR;III - Atacama;Copiapó;Av. Palomar 1525;3868.0;TERMINADO;CESMEC;;2025-03-20 00:00:00;RESUMEN;AUTOCONTROL;36.1;7.85;105.0;;5.0;34.53;3.0;0.5;69.0;0.93;27.900000000000002;0.1431;0.002;1.8416;0.01;0.1;0.1224;0.05;0.05;0.05;5.0;0.0356;0.001;0.05;0.05;544.0;0.5;21.26
RENDIC;32;CHAÑARCILLO;III - Atacama;Copiapó;Chacabuco Nº 231;0.0;CONVENIO;CESMEC;;2025-03-20 00:00:00;RESUMEN;AUTOCONTROL;7.2;7.4;252.0;;9.5;39.32;4.0;0.5;52.0;0;0.0;0.1394;0.002;1.4004;0.01;0.1;0.1076;0.05;0.05;0.05;10.0;0.0676;0.001;0.05;0.05;17.0;0.5;24.8
RENDIC;14;COPIAPO;III - Atacama;Copiapó;Av. Henrriquez N° 523;0.0;CONVENIO;CESMEC;;2025-03-21 00:00:00;RESUMEN;AUTOCONTROL;18.9;7.43;317.0;;8.8;25.31;4.0;0.5;45.7;0.7;21.0;;;;;;;;;;;;;;;;;23.03
RENDIC;106;LOS MOLLES;I - Tarapacá;Iquique;Santiago Polanco 2251;4050.0;CONVENIO;CESMEC;;2025-03-25 00:00:00;RESUMEN;AUTOCONTROL;8.4;6.78;146.0;;4.4;35.28;5.0;0.5;54.0;0.41;12.299999999999999;;;;;;;;;;;;;;;;;23.4
RENDIC;335;SANTA MARIA;RM - Santiago;Vitacura;Santa Maria 6940;0.0;SIN CONVENIO;AGUAS Manquehue;;2025-03-26 00:00:00;RESUMEN;CONTROL DIRECTO;17.0;;257.0;;13.28;85.79;0.8;15;210.0;;0.0;;;;;;;;;;;;;;;;;
RENDIC;105;IQUIQUE CENTRO;I - Tarapacá;Iquique;Tarapaca 579;4051.0;TERMINADO;CESMEC;;2025-03-26 00:00:00;RESUMEN;AUTOCONTROL;23.9;7.0;35.0;;3.2;34.01;4.0;0.5;28.5;0.44;13.2;;;;;;;;;;;;;;;;;23.48
RENDIC;86;BILBAO;I - Tarapacá;Iquique;Fco.Bilbao 3545;4049.0;CONVENIO;CESMEC;;2025-03-27 00:00:00;RESUMEN;AUTOCONTROL;20.1;7.42;165.0;;5.6;12.38;5.0;0.5;875.0;0.43;12.9;;;;;;;;;;;;;;;;;18.29
RENDIC;7;VALLENAR I;III - Atacama;Vallenar;Brasil 663;0.0;CONVENIO;CESMEC;;2025-03-28 00:00:00;RESUMEN;AUTOCONTROL;114.6;8.08;2205.0;;20.6;39.05;45.0;13;680.0;0.86;25.8;;;;;;;;;;;;;;;;;22.75
RENDIC;16;VALLENAR II;III - Atacama;Vallenar;Arturo Prat 2350;0.0;TERMINADO;CESMEC;;2025-03-28 00:00:00;RESUMEN;AUTOCONTROL;9.2;7.75;13.0;;3.4;5.0;2.0;0.5;10.0;0.38;11.4;;;;;;;;;;;;;;;;;24.73
RENDIC;22;ATACAMA;III - Atacama;Copiapó;Los Carreras 2242;2666.0;CONVENIO;CESMEC;;2025-03-31 00:00:00;RESUMEN;AUTOCONTROL;33.5;7.63;466.0;;11.0;56.85;6.0;0.8;198.0;0.65;19.5;;;;;;;;;;;;;;;;;23.33
RENDIC;22;ATACAMA;III - Atacama;Copiapó;Los Carreras 2242;2666.0;CONVENIO;CESMEC;;2025-03-31 00:00:00;RESUMEN;AUTOCONTROL;33.5;7.1;466.0;;11.0;56.85;6.0;0.8;198.0;0.73;21.9;;;;;;;;;;;;;;;;;26.85
RENDIC;24;CHACABUCO;III - Atacama;Copiapó;Los Carreras  586;0.0;SIN CONVENIO;CESMEC;;2025-03-31 00:00:00;RESUMEN;AUTOCONTROL;18.3;7.34;236.0;;2.7;5.0;7.0;1.2;97.1;0.45;13.5;;;;;;;;;;;;;;;;;22.66
RENDIC;472;CALDERA I;III - Atacama;Caldera;Batallon Atacama 319;0.0;CONVENIO;CESMEC;;2025-03-31 00:00:00;RESUMEN;AUTOCONTROL;20.6;7.25;422.0;;19.3;57.3;6.0;2;214.0;0.36;10.799999999999999;;;;;;;;;;;;;;;;;26.04
RENDIC;103;VIVAR;I - Tarapacá;Iquique;Vivar 786;4420.0;CONVENIO;CESMEC;;2025-03-31 00:00:00;RESUMEN;AUTOCONTROL;2.0;7.23;125.0;;1.8;5.0;62.0;0.5;95.0;0.33;9.9;;;;;;;;;;;;;;;;;21.53
RENDIC;24;CHACABUCO;III - Atacama;Copiapó;Los Carreras  586;0.0;SIN CONVENIO;CESMEC;;2025-04-10 00:00:00;RESUMEN;AUTOCONTROL;14.3;7.49;174.0;;3.1;10.74;4.0;0.5;58.0;0.68;20.400000000000002;;;;;;;;;;;;;;;;;23.66
RENDIC;14;COPIAPO;III - Atacama;Copiapó;Av. Henrriquez N° 523;0.0;CONVENIO;CESMEC;;2025-04-11 00:00:00;RESUMEN;AUTOCONTROL;11.7;7.21;280.0;;10.0;23.13;6.0;0.5;48.7;0.74;22.2;;;;;;;;;;;;;;;;;22.13
RENDIC;465;PUERTO NATALES;XII - Magallanes;Puerto Natales;Bulnes 742;1133.0;SIN CONVENIO;CESMEC;;2025-04-15 00:00:00;VDD;AUTOCONTROL;;;;;;;;;;1.04;31.200000000000003;;;;;;;;;;;;;;;;;
LOGISTICA;9051;CD NUEVO COQUIMBO;IV - Coquimbo;Coquimbo;PAN DE AZUCAR S/N;0.0;SIN CONVENIO;CESMEC;;2025-04-15 00:00:00;COMPLETO;AUTOCONTROL;10.7;7.6;20.0;;3.2;;2.0;;10.4;0;0.0;0.1;0.002;0.3231;0.01;0.1;0.0554;0.05;;0.05;5.0;0.0345;0.001;0.05;0.0175;178.0;0.5;18.9
RENDIC;24;CHACABUCO;III - Atacama;Copiapó;Los Carreras  586;0.0;SIN CONVENIO;CESMEC;;2025-04-16 00:00:00;RESUMEN;AUTOCONTROL;24.3;7.23;205.0;;6.3;7.14;47.0;0.6;78.0;0.36;10.799999999999999;;;;;;;;;;;;;;;;;22.43
RENDIC;555;GRANEROS;VI - O'Higgins;Graneros;Obispo Rafael Lira 042;4574.0;SIN CONVENIO;CESMEC;;2025-04-17 00:00:00;RESUMEN;AUTOCONTROL;17.8;7.66;190.0;;5.5;16.24;2.0;3;115.0;0.75;22.5;;;;;;;;;;;;;;;;;21.96
RENDIC;25;EL PALOMAR;III - Atacama;Copiapó;Av. Palomar 1525;3868.0;TERMINADO;CESMEC;;2025-04-23 00:00:00;RESUMEN;AUTOCONTROL;28.8;7.34;143.0;;6.1;65.62;5.0;0.5;40.0;0.6;18.0;;;;;;;;;;;;;;;;;21.74
RENDIC;32;CHAÑARCILLO;III - Atacama;Copiapó;Chacabuco Nº 231;0.0;CONVENIO;CESMEC;;2025-04-23 00:00:00;RESUMEN;AUTOCONTROL;357.2;7.6;334.0;;9.2;56.97;2.0;2.5;182.0;0;0.0;;;;;;;;;;;;;;;;;22.1
RENDIC;472;CALDERA I;III - Atacama;Caldera;Batallon Atacama 319;0.0;CONVENIO;CESMEC;;2025-04-24 00:00:00;RESUMEN;AUTOCONTROL;5.8;7.16;64.0;;3.3;5.0;11.0;0.5;43.3;0.38;11.4;;;;;;;;;;;;;;;;;24.41
RENDIC;7;VALLENAR I;III - Atacama;Vallenar;Brasil 663;0.0;CONVENIO;CESMEC;;2025-04-25 00:00:00;RESUMEN;AUTOCONTROL;14.9;8.16;571.0;;8.3;59.37;4.0;0.8;184.0;0.68;20.400000000000002;;;;;;;;;;;;;;;;;21.41
RENDIC;16;VALLENAR II;III - Atacama;Vallenar;Arturo Prat 2350;0.0;TERMINADO;CESMEC;;2025-04-25 00:00:00;RESUMEN;AUTOCONTROL;20.2;6.79;125.0;;0.9;5.0;27.0;0.5;65.5;0.5;15.0;;;;;;;;;;;;;;;;;21.02
RENDIC;23;LOS CARRERAS;III - Atacama;Copiapó;Los Carrera 479;0.0;SIN CONVENIO;CESMEC;;2025-04-28 00:00:00;RESUMEN;AUTOCONTROL;5.8;7.84;29.0;;1.6;9.39;2.0;0.5;14.0;0.19;5.7;;;;;;;;;;;;;;;;;20.54
RENDIC;465;PUERTO NATALES;XII - Magallanes;Puerto Natales;Bulnes 742;1133.0;SIN CONVENIO;CESMEC;;2025-04-28 00:00:00;VDD;AUTOCONTROL;;;;;;;;;;0.38;11.4;;;;;;;;;;;;;;;;;
RENDIC;3014;M10 SAN FERNANDO;VI - O'Higgins;San Fernando;Chillan 745;1298.0;TERMINADO;CESMEC;;2025-04-28 00:00:00;RESUMEN;AUTOCONTROL;50.4;7.55;476.0;;11.1;26.51;3.0;3;182.0;0.91;27.3;;;;;;;;;;;;;;;;;16.05
RENDIC;477;CURAUMA;V - Valparaiso;Valparaíso;Obispo Valdes 1170;2721.0;SIN CONVENIO;CESMEC;;2025-04-29 00:00:00;RESUMEN;AUTOCONTROL;21.5;7.57;231.0;;3.1;10.77;2.0;2.5;100.0;0.89;26.7;;;;;;;;;;;;;;;;;18.14
RENDIC;344;CURICO ALAMEDA;VII - Maule;Curicó;Estado 43;4530.0;SIN CONVENIO;CESMEC;;2025-05-05 00:00:00;RESUMEN;AUTOCONTROL;13.8;7.68;741.0;;5.46;24.1;8.0;1.4;130.0;0;0.0;;;;;;;;;;;;;;;;;20.03
RENDIC;3022;M10 TEMUCO II;IX - Araucanía;Temuco;Pedro De Valdivia 2285;3721.0;CONVENIO;CESMEC;;2025-05-13 00:00:00;RESUMEN;AUTOCONTROL;23.8;7.7;77.0;;2.67;5.3;2.0;1.6;155.0;0;0.0;;;;;;;;;;;;;;;;;15.5
RENDIC;375;ARAUCO;XIV - Los Ríos;Valdivia;Arauco 697;3420.0;CONVENIO;CESMEC;;2025-03-10 00:00:00;RESUMEN;AUTOCONTROL;15.0;6.61;155.0;;6.83;6.2;5.0;3.5;95.0;18;540.0;;;;;;;;;;;;;;;;;16.26
RENDIC;375;ARAUCO;XIV - Los Ríos;Valdivia;Arauco 697;3420.0;CONVENIO;CESMEC;;2025-03-10 00:00:00;RESUMEN;AUTOCONTROL;4.3;6.73;29.0;;1.67;5.0;2.0;0.5;27.7;0;0.0;;;;;;;;;;;;;;;;;17.56
RENDIC;442;COYHAIQUE;XI - Aysén;Coyhaique;Lautaro 331;1320.0;SIN CONVENIO;CESMEC;;2025-04-17 00:00:00;RESUMEN;AUTOCONTROL;3.3;6.85;435.0;;12.8;91.0;2.0;1;89.0;4.35;130.5;;;;;;;;;;;;;;;;;10.95
RENDIC;463;BORIES AUSTRAL;XII - Magallanes;Punta Arenas;Gobernador Bories 647;3739.0;SIN CONVENIO;CESMEC;;2025-03-26 00:00:00;RESUMEN;AUTOCONTROL;12.0;6.68;77.1;;14.3;9.3;2.0;3;101.0;1.04;31.200000000000003;;;;;;;;;;;;;;;;;15.81
RENDIC;465;PUERTO NATALES;XII - Magallanes;Puerto Natales;Bulnes 742;1133.0;SIN CONVENIO;CESMEC;;2025-02-14 00:00:00;COMPLETO;AUTOCONTROL;5.1;7.23;37.3;;2.3;2.7;2.0;0.1;10.0;0.68;20.400000000000002;0.208;0.001;0.042;0.002;0.02;;0.103;0.005;0.02;0.5;0.029;0.001;0.01;0.02;7.82;0.1;16.33
RENDIC;576;CASTRO I;X - Los Lagos;Castro;O'Higgins 711;3875.0;SIN CONVENIO;CESMEC;;2025-04-02 00:00:00;RESUMEN;AUTOCONTROL;28.0;6.58;153.0;;16.6;62.3;18.0;0.5;151.0;6.1;183.0;;;;;;;;;;;;;;;;;19.23
RENDIC;771;MIRASOL;X - Los Lagos;Puerto Montt;Av. La Cruz 2006;3723.0;SIN CONVENIO;CESMEC;;2025-03-17 00:00:00;RESUMEN;AUTOCONTROL;24.8;7.39;67.0;;4.97;16.7;5.0;3;157.0;4;120.0;;;;;;;;;;;;;;;;;17.58
RENDIC;777;CENTRAL;X - Los Lagos;Osorno;Patricio Lynch 1278;3684.0;CONVENIO;CESMEC;;2025-03-12 00:00:00;RESUMEN;AUTOCONTROL;9.39;7.41;76.0;;4.76;12.3;7.0;0.5;33.5;2;60.0;;;;;;;;;;;;;;;;;19.81
RENDIC;778;ORIENTE;X - Los Lagos;Osorno;Julio Buschman 2223;2867.0;CONVENIO;CESMEC;;2025-03-12 00:00:00;RESUMEN;AUTOCONTROL;25.8;7.25;141.0;;2.35;8.8;10.0;2;140.0;2;60.0;;;;;;;;;;;;;;;;;22.08
RENDIC;780;VICTORIA;X - Los Lagos;Osorno;Victoria 367 Rahue Bajo;1362.0;SIN CONVENIO;CESMEC;;2025-03-31 00:00:00;RESUMEN;AUTOCONTROL;18.4;6.71;267.0;;15.5;10.4;45.0;14;145.0;1.3;39.0;;;;;;;;;;;;;;;;;17.61
MAYORISTA;3014;M10 SAN FERNANDO;VI - O'Higgins;San Fernando;Chillan 745;1298.0;TERMINADO;CESMEC;;2025-03-24 00:00:00;RESUMEN;AUTOCONTROL;25.1;7.45;208.0;;7.8;14.84;5.0;3;102.0;0.96;28.799999999999997;;;;;;;;;;;;;;;;;17.55
MAYORISTA;3197;ALVI PICARTE VALDIVIA;XIV - Los Ríos;Valdivia;Av. Ramon Picarte 2593;1961.0;CONVENIO;CESMEC;;2025-03-13 00:00:00;RESUMEN;AUTOCONTROL;35.2;6.56;288.0;;12.9;27.2;5.0;0.5;154.0;2.8;84.0;;;;;;;;;;;;;;;;;16.51
MAYORISTA;3143;M10 TEMUCO IV;IX - Araucanía;Temuco;Francisco Salazar 01650;4422.0;CONVENIO;CESMEC;;2025-03-31 00:00:00;RESUMEN;AUTOCONTROL;8.05;6.8;39.0;;3.65;19.8;2.0;0.5;46.0;0;0.0;;;;;;;;;;;;;;;;;17.6
LOGISTICA;9051;CD NUEVO COQUIMBO;IV - Coquimbo;Coquimbo;PAN DE AZUCAR S/N;0.0;SIN CONVENIO;CESMEC;;2025-03-18 00:00:00;COMPLETO;AUTOCONTROL;6.7;8.1;31.0;;3.4;;2.0;;22.8;0;0.0;0.1;0.002;0.2334;0.01;0.1;0.0863;0.05;;0.05;;0.0348;0.001;0.05;0.01;212.0;0.5;18.1
RENDIC;461;ZENTENO AUSTRAL;XII - Magallanes;Punta Arenas;Capitan Guillermo 05;3736.0;SIN CONVENIO;CESMEC;;2025-03-27 00:00:00;RESUMEN;AUTOCONTROL;3.3;6.14;118.0;;4.3;4.3;2.0;0.2;30.0;0.85;25.5;;;;;;;;;;;;;;;;;14.7
RENDIC;459;ALLENDE AUSTRAL;XII - Magallanes;Punta Arenas;Salvador Allende 0399;3735.0;SIN CONVENIO;CESMEC;;2025-03-27 00:00:00;RESUMEN;AUTOCONTROL;0.5;6.58;43.0;;2.2;1.3;2.0;0.1;17.0;0.94;28.2;;;;;;;;;;;;;;;;;18.38
RENDIC;458;ESPAÑA AUSTRAL;XII - Magallanes;Punta Arenas;Av. España 01375;1306.0;SIN CONVENIO;CESMEC;;2025-03-27 00:00:00;RESUMEN;AUTOCONTROL;7.4;8.0;276.0;;14.4;23.0;2.0;1.5;99.0;1.46;43.8;;;;;;;;;;;;;;;;;16.3
RENDIC;465;PUERTO NATALES;XII - Magallanes;Puerto Natales;Bulnes 742;1133.0;SIN CONVENIO;CESMEC;;2025-03-27 00:00:00;RESUMEN;AUTOCONTROL;3.3;;118.0;;4.3;4.3;2.0;0.2;30.0;0.38;11.4;;;;;;;;;;;;;;;;;
RENDIC;780;VICTORIA;X - Los Lagos;Osorno;Victoria 367 Rahue Bajo;1362.0;SIN CONVENIO;ANAM;;2025-04-29 00:00:00;RESUMEN;CONTROL DIRECTO;14.0;7.19;259.0;;0.5;61.92;26.0;0.5;110.0;0;0.0;;;;;;;;;;;;;;;;;14.2
RENDIC;773;LLANQUIHUE;X - Los Lagos;Llanquihue;Baquedano 612;0.0;SIN CONVENIO;ANAM;;2025-04-29 00:00:00;RESUMEN;CONTROL DIRECTO;14.0;7.4;185.0;;3.4;9.4;2.0;3.4;32.0;6;180.0;;;;;;;;;;;;;;;;;13.8
RENDIC;778;ORIENTE;X - Los Lagos;Osorno;Julio Buschman 2223;2867.0;CONVENIO;ANAM;;2025-04-11 00:00:00;RESUMEN;CONTROL DIRECTO;14.0;7.3;130.0;;4.4;42.6;2.0;33;108.0;11;330.0;;;;;;;;;;;;;;;;;12.4
RENDIC;777;CENTRAL;X - Los Lagos;Osorno;Patricio Lynch 1278;3684.0;CONVENIO;ANAM;;2025-04-11 00:00:00;RESUMEN;CONTROL DIRECTO;14.0;7.3;193.0;;6.3;4.1;5.0;0.5;64.0;3;90.0;;;;;;;;;;;;;;;;;14.2
MAYORISTA;3197;ALVI PICARTE VALDIVIA;XIV - Los Ríos;Valdivia;Av. Ramon Picarte 2593;1961.0;CONVENIO;ANAM;;2025-04-04 00:00:00;RESUMEN;CONTROL DIRECTO;58.0;7.06;1134.0;;13.0;83.85;2.0;0.5;390.0;0.7;21.0;;;;;;;;;;;;;;;;;16.1
RENDIC;80;ANGOL I;IX - Araucanía;Angol;Av. O'Higgins 1257;0.0;SIN CONVENIO;AGQ LABS;;2024-11-14 00:00:00;RESUMEN;CONTROL DIRECTO;2.0;7.21;124.0;;6.64;58.6;1.0;0.1;32.0;5.65;169.5;;;;;;;;;;;;;;;;;19
RENDIC;80;ANGOL I;IX - Araucanía;Angol;Av. O'Higgins 1257;0.0;SIN CONVENIO;AGQ LABS;;2025-02-04 00:00:00;RESUMEN;CONTROL DIRECTO;2.0;6.68;125.0;;7.68;111.0;1.0;0.3;60.0;0.5;15.0;;;;;;;;;;;;;;;;;20.35
ALVI;3086;ALVI TEMUCO;IX - Araucanía;Temuco;Av. Balmaceda 1531;0.0;SIN CONVENIO;AGQ LABS;;2024-11-23 00:00:00;RESUMEN;CONTROL DIRECTO;20.2;7.61;302.0;;8.72;60.7;1.0;6.5;220.0;2.88;86.39999999999999;;;;;;;;;;;;;;;;;20.72857142857143
RENDIC;519;TRAIGUEN;IX - Araucanía;Traiguén;Santa Cruz 1170;0.0;CONVENIO;AGQ LABS;;2024-12-19 00:00:00;RESUMEN;CONTROL DIRECTO;30.1;6.695;65.1;;1.66;17.3;2.0;0.2;36.0;6.12;183.6;;;;;;;;;;;;;;;;;17.44
RENDIC;959;PUCON;IX - Araucanía;Pucon;Av. O´higgins 774;0.0;SIN CONVENIO;AGQ LABS;;2024-12-14 00:00:00;RESUMEN;CONTROL DIRECTO;11.9;8.016666666666667;52.1;;3.48;13.5;1.0;0.1;52.0;5.4;162.0;;;;;;;;;;;;;;;;;17.733333333333334
MAYORISTA;3019;M10 ANGOL;IX - Araucanía;Angol;"Av. O""Higgins 1815";0.0;SIN CONVENIO;AGQ LABS;;2024-11-29 00:00:00;RESUMEN;CONTROL DIRECTO;13.1;7.25;49.4;;5.82;14.3;3.0;0.1;16.0;4.32;129.60000000000002;;;;;;;;;;;;;;;;;18.755
MAYORISTA;3143;M10 TEMUCO IV;IX - Araucanía;Temuco;Francisco Salazar 01650;4422.0;CONVENIO;AGQ LABS;;2025-02-08 00:00:00;RESUMEN;CONTROL DIRECTO;2.0;7.182857142857143;2.0;;0.6;12.8;1.0;1;244.0;0.5;15.0;;;;;;;;;;;;;;;;;21.37142857142857
MAYORISTA;3143;M10 TEMUCO IV;IX - Araucanía;Temuco;Francisco Salazar 01650;4422.0;CONVENIO;AGQ LABS;;2025-01-03 00:00:00;RESUMEN;CONTROL DIRECTO;3.78;7.65;131.0;;8.42;8.42;1.0;1.2;84.0;0.72;21.599999999999998;;;;;;;;;;;;;;;;;24.162499999999998
RENDIC;754;TEMUCO IV;IX - Araucanía;Temuco;Avenida Javiera Carrera 1610;0.0;CONVENIO;AGQ LABS;;2025-02-08 00:00:00;RESUMEN;CONTROL DIRECTO;31.8;7.7025;229.0;;4.76;18.1;1.0;0.44;644.0;2.7;81.0;;;;;;;;;;;;;;;;;20.5
RENDIC;909;TEMUCO SAN MARTIN;IX - Araucanía;Temuco;SAN MARTIN ( L147)  0675;0.0;SIN CONVENIO;AGQ LABS;;2025-02-22 00:00:00;RESUMEN;CONTROL DIRECTO;2.0;6.087142857142857;131.0;;0.6;1.22;1.0;0.2;128.0;9.7;291.0;;;;;;;;;;;;;;;;;20.214285714285715
RENDIC;532;CURACAUTIN;IX - Araucanía;Curacautin;"O""Higgins 515";0.0;CONVENIO;AGQ LABS;;2025-02-17 00:00:00;RESUMEN;CONTROL DIRECTO;2.0;7.864285714285714;4.25;;2.9;38.5;1.0;0.1;29.0;1.08;32.400000000000006;;;;;;;;;;;;;;;;;20
RENDIC;46;CALAMA I;II - Antofagasta;Calama;Granaderos 3180;3035.0;SIN CONVENIO;ANAM;;2025-01-31 00:00:00;RESUMEN;CONTROL DIRECTO;61.0;7.46;1166.0;;2.7;11.07;0.8;12;245.0;35.992;1079.76;;;;;;;;;;;;;;;73.0;1.05;16.6
RENDIC;14;COPIAPO;III - Atacama;Copiapó;Av. Henrriquez N° 523;0.0;CONVENIO;CESMEC;;2025-05-19 00:00:00;RESUMEN;AUTOCONTROL;11.0;7.08;266.0;;8.6;23.65;5.0;0.5;31.6;0.58;17.4;;;;;;;;;;;;;;;;;23.1
RENDIC;23;LOS CARRERAS;III - Atacama;Copiapó;Los Carrera 479;0.0;SIN CONVENIO;CESMEC;;2025-05-15 00:00:00;RESUMEN;AUTOCONTROL;7.5;7.69;327.0;;8.1;12.75;14.0;1.2;185.0;0.38;11.4;;;;;;;;;;;;;;;;;10.2
RENDIC;24;CHACABUCO;III - Atacama;Copiapó;Los Carreras  586;0.0;SIN CONVENIO;CESMEC;;2025-05-16 00:00:00;RESUMEN;AUTOCONTROL;5.4;7.16;175.0;;2.0;7.88;33.0;0.5;41.0;0.45;13.5;;;;;;;;;;;;;;;;;18
RENDIC;25;EL PALOMAR;III - Atacama;Copiapó;Av. Palomar 1525;3868.0;TERMINADO;CESMEC;;2025-05-19 00:00:00;RESUMEN;AUTOCONTROL;56.9;7.38;142.0;;6.3;78.58;2.0;0.5;25.5;1.2;36.0;;;;;;;;;;;;;;;;;23.57
RENDIC;32;CHAÑARCILLO;III - Atacama;Copiapó;Chacabuco Nº 231;0.0;CONVENIO;CESMEC;;2025-05-19 00:00:00;RESUMEN;AUTOCONTROL;20.0;7.6;236.0;;8.3;61.33;4.0;0.7;73.3;0;0.0;;;;;;;;;;;;;;;;;21.2
RENDIC;103;VIVAR;I - Tarapacá;Iquique;Vivar 786;4420.0;CONVENIO;CESMEC;;2025-05-13 00:00:00;RESUMEN;AUTOCONTROL;32.0;6.8;529.0;;12.5;60.88;9.0;0.5;147.0;0.34;10.200000000000001;;;;;;;;;;;;;;;;;21.88
MAYORISTA;3014;M10 SAN FERNANDO;VI - O'Higgins;San Fernando;Chillan 745;1298.0;TERMINADO;CESMEC;;2025-05-08 00:00:00;RESUMEN;AUTOCONTROL;15.4;7.54;232.0;;10.9;46.07;6.0;0.5;128.0;0.72;21.599999999999998;;;;;;;;;;;;;;;;;14.13
RENDIC;22;ATACAMA;III - Atacama;Copiapó;Los Carreras 2242;2666.0;CONVENIO;CESMEC;;2025-05-22 00:00:00;RESUMEN;AUTOCONTROL;30.3;7.33;426.0;;11.9;71.56;3.0;0.7;166.0;0.6;18.0;;;;;;;;;;;;;;;;;21.2
RENDIC;17;LOS ALAMOS;IV - Coquimbo;Coquimbo;Los Alamos 580;2643.0;TERMINADO;CESMEC;;2025-04-21 00:00:00;RESUMEN;AUTOCONTROL;3.7;8.04;93.0;;3.1;13.88;2.0;0.5;50.0;0.85;25.5;;;;;;;;;;;;;;;;;18.55
RENDIC;17;LOS ALAMOS;IV - Coquimbo;Coquimbo;Los Alamos 580;2643.0;TERMINADO;CESMEC;;2025-04-22 00:00:00;RESUMEN;AUTOCONTROL;3.0;7.85;80.0;;3.4;28.64;2.0;0.5;27.0;0.8;24.0;;;;;;;;;;;;;;;;;17.73
RENDIC;17;LOS ALAMOS;IV - Coquimbo;Coquimbo;Los Alamos 580;2643.0;TERMINADO;CESMEC;;2025-04-23 00:00:00;RESUMEN;AUTOCONTROL;13.5;7.9;96.0;;2.9;11.76;2.0;1;56.4;1.23;36.9;;;;;;;;;;;;;;;;;17.06
RENDIC;17;LOS ALAMOS;IV - Coquimbo;Coquimbo;Los Alamos 580;2643.0;TERMINADO;CESMEC;;2025-04-24 00:00:00;RESUMEN;AUTOCONTROL;13.5;7.89;149.0;;4.7;32.11;5.0;0.5;73.3;1.05;31.5;;;;;;;;;;;;;;;;;17.39
RENDIC;17;LOS ALAMOS;IV - Coquimbo;Coquimbo;Los Alamos 580;2643.0;TERMINADO;CESMEC;;2025-04-25 00:00:00;RESUMEN;AUTOCONTROL;12.6;7.96;106.0;;4.9;23.8;2.0;0.5;67.0;0.9;27.0;;;;;;;;;;;;;;;;;17.46
RENDIC;17;LOS ALAMOS;IV - Coquimbo;Coquimbo;Los Alamos 580;2643.0;TERMINADO;CESMEC;;2025-04-28 00:00:00;RESUMEN;AUTOCONTROL;9.0;7.83;88.0;;3.1;12.48;2.0;0.5;29.2;0.89;26.7;;;;;;;;;;;;;;;;;17.76
RENDIC;17;LOS ALAMOS;IV - Coquimbo;Coquimbo;Los Alamos 580;2643.0;TERMINADO;CESMEC;;2025-05-04 00:00:00;RESUMEN;AUTOCONTROL;8.7;7.92;133.0;;5.5;35.42;3.0;1.5;58.0;0.89;26.7;;;;;;;;;;;;;;;;;17.02
RENDIC;17;LOS ALAMOS;IV - Coquimbo;Coquimbo;Los Alamos 580;2643.0;TERMINADO;CESMEC;;2025-05-19 00:00:00;RESUMEN;AUTOCONTROL;9.6;7.94;189.0;;6.2;21.33;6.0;0.5;58.5;0.9;27.0;;;;;;;;;;;;;;;;;17.04
RENDIC;28;PARQUE;II - Antofagasta;Antofagasta;Av. Jose Miguel Carrera 1527;0.0;SIN CONVENIO;ANAM;;2025-02-28 00:00:00;RESUMEN;CONTROL DIRECTO;14.0;7.29;30.0;;0.71;2.37;0.8;0.2;36.0;2.312;69.36;;;;;;;;;;;;;;;;0.03;24.7
RENDIC;441;AYSEN;XI - Aysén;Aysén;Carrera  1500;0.0;SIN CONVENIO;AGUAS PATAGONIA;;2025-04-02 00:00:00;RESUMEN;CONTROL DIRECTO;9.8;7.07;110.0;;2.3;5.2;2.0;1;15.0;63.6;1908.0;;;;;;;;;;;;;;;;;10.2
RENDIC;7;VALLENAR I;III - Atacama;Vallenar;Brasil 663;0.0;CONVENIO;CESMEC;;2025-05-26 00:00:00;RESUMEN;AUTOCONTROL;16.6;7.19;570.0;;11.0;56.98;3.0;0.5;141.0;0.66;19.8;;;;;;;;;;;;;;;;;21.01
RENDIC;11;ALTO PEÑUELAS;IV - Coquimbo;Coquimbo;Alessandri 531;0.0;SIN CONVENIO;CESMEC;;2025-05-26 00:00:00;RESUMEN;AUTOCONTROL;17.9;8.04;483.0;;8.3;58.87;2.0;0.5;190.0;2.42;72.6;;;;;;;;;;;;;;;;;16.94
RENDIC;16;VALLENAR II;III - Atacama;Vallenar;Arturo Prat 2350;0.0;TERMINADO;CESMEC;;2025-05-26 00:00:00;RESUMEN;AUTOCONTROL;27.2;7.96;437.0;;3.2;5.0;2.0;11;190.0;0.3;9.0;;;;;;;;;;;;;;;;;27.86
RENDIC;14;COPIAPO;III - Atacama;Copiapó;Av. Henrriquez N° 523;0.0;CONVENIO;CESMEC;;2025-06-04 00:00:00;RESUMEN;AUTOCONTROL;7.8;7.04;262.0;;6.8;18.16;4.0;0.5;33.0;0.86;25.8;;;;;;;;;;;;;;;;;20.54
RENDIC;23;LOS CARRERAS;III - Atacama;Copiapó;Los Carrera 479;0.0;SIN CONVENIO;CESMEC;;2025-06-09 00:00:00;RESUMEN;AUTOCONTROL;14.9;7.18;443.0;;13.4;47.7;11.0;0.5;67.0;0.38;11.4;;;;;;;;;;;;;;;;;21.25
RENDIC;24;CHACABUCO;III - Atacama;Copiapó;Los Carreras  586;0.0;SIN CONVENIO;CESMEC;;2025-06-10 00:00:00;RESUMEN;AUTOCONTROL;19.1;7.01;627.0;;3.6;5.24;32.0;0.5;220.0;0.34;10.200000000000001;;;;;;;;;;;;;;;;;19.14
RENDIC;25;EL PALOMAR;III - Atacama;Copiapó;Av. Palomar 1525;3868.0;TERMINADO;CESMEC;;2025-06-09 00:00:00;RESUMEN;AUTOCONTROL;27.4;7.44;137.0;;4.9;25.04;2.0;0.6;88.0;0.5;15.0;;;;;;;;;;;;;;;;;21.31
RENDIC;375;ARAUCO;XIV - Los Ríos;Valdivia;Arauco 697;3420.0;CONVENIO;CESMEC;;2025-06-09 00:00:00;RESUMEN;AUTOCONTROL;16.0;6.85;225.0;;16.6;16.4;2.0;2;176.0;0;0.0;;;;;;;;;;;;;;;;;11.26
RENDIC;375;ARAUCO;XIV - Los Ríos;Valdivia;Arauco 697;3420.0;CONVENIO;CESMEC;;2025-06-09 00:00:00;RESUMEN;AUTOCONTROL;10.5;6.69;112.0;;10.3;18.1;2.0;0.8;53.0;0;0.0;;;;;;;;;;;;;;;;;12
RENDIC;780;VICTORIA;X - Los Lagos;Osorno;Victoria 367 Rahue Bajo;1362.0;SIN CONVENIO;CESMEC;;2025-06-10 00:00:00;RESUMEN;AUTOCONTROL;13.8;6.55;284.0;;13.3;38.4;38.0;0.6;62.0;0;0.0;;;;;;;;;;;;;;;;;12.86
MAYORISTA;3014;M10 SAN FERNANDO;VI - O'Higgins;San Fernando;Chillan 745;1298.0;TERMINADO;CESMEC;;2025-06-05 00:00:00;RESUMEN;AUTOCONTROL;32.1;7.69;207.0;;8.1;18.29;5.0;4;161.0;1.15;34.5;;;;;;;;;;;;;;;;;17.39
LOGISTICA;9051;CD NUEVO COQUIMBO;IV - Coquimbo;Coquimbo;PAN DE AZUCAR S/N;0.0;SIN CONVENIO;CESMEC;;2025-05-16 00:00:00;RESUMEN;AUTOCONTROL;2.0;7.6;33.0;;3.4;;2.0;;10.4;0;0.0;0.1;0.002;0.2165;0.01;0.1;0.05;0.05;;0.05;5.0;0.0297;0.001;0.05;0.01;182.0;0.5;19
RENDIC;771;MIRASOL;X - Los Lagos;Puerto Montt;Av. La Cruz 2006;3723.0;SIN CONVENIO;CESMEC;;2025-06-05 00:00:00;RESUMEN;AUTOCONTROL;46.0;6.89;182.0;;10.4;47.6;23.0;2.5;194.0;0;0.0;;;;;;;;;;;;;;;;;13.13
RENDIC;750;CAÑETE;VIII - Biobío;Cañete;Saavedra 525;0.0;SIN CONVENIO;;;;;;;;;;;;;;;0;0.0;;;;;;;;;;;;;;;;;
RENDIC;735;CABRERO;VIII - Biobío;Cabrero;General Cruz 380;0.0;SIN CONVENIO;;;;;;;;;;;;;;;0;36.0;;;;;;;;;;;;;;;;;
RENDIC;3197;ALVI PICARTE VALDIVIA;XIV - Los Ríos;Valdivia;Av. Ramon Picarte 2593;1961.0;CONVENIO;CESMEC;;2025-06-05 00:00:00;RESUMEN;AUTOCONTROL;31.1;6.98;230.0;;14.0;25.2;10.0;25;388.6;0;0.0;;;;;;;;;;;;;;;;;12.78
RENDIC;544;PURRANQUE;X - Los Lagos;Purranque;Eleuterio Ramirez 549;0.0;SIN CONVENIO;ANAM;;2025-05-16 00:00:00;RESUMEN;CONTROL DIRECTO;21.0;7.3;213.0;;8.4;35.4;2.0;2;121.0;7;210.0;;;;;;;;;;;;;;;;;14.35
RENDIC;777;CENTRAL;X - Los Lagos;Osorno;Patricio Lynch 1278;3684.0;CONVENIO;ANAM;;2025-05-07 00:00:00;RESUMEN;CONTROL DIRECTO;14.0;7.3;240.0;;5.4;5.6;10.0;0.5;80.0;3;90.0;;;;;;;;;;;;;;;;;12.75
RENDIC;778;ORIENTE;X - Los Lagos;Osorno;Julio Buschman 2223;2867.0;CONVENIO;ANAM;;2025-05-07 00:00:00;RESUMEN;CONTROL DIRECTO;14.0;7.4;196.0;;5.8;50.5;2.0;1.5;126.0;9;270.0;;;;;;;;;;;;;;;;;16.299999999999997
RENDIC;106;LOS MOLLES;I - Tarapacá;Iquique;Santiago Polanco 2251;4050.0;CONVENIO;HIDROLAB;;2025-04-26 00:00:00;RESUMEN;CONTROL DIRECTO;1.4;7.69;26.7;;3.6;13.0;2.0;0.3;39.0;2;60.0;;;;;;;;;;;;;;;;;25
RENDIC;106;LOS MOLLES;I - Tarapacá;Iquique;Santiago Polanco 2251;4050.0;CONVENIO;HIDROLAB;;2025-04-26 00:00:00;RESUMEN;CONTROL DIRECTO;0.76;7.56;13.2;;3.1;10.0;2.0;0.2;17.0;1;30.0;;;;;;;;;;;;;;;;;25
RENDIC;465;PUERTO NATALES;XII - Magallanes;Puerto Natales;Bulnes 742;1133.0;SIN CONVENIO;HIDROLAB;;2025-05-29 00:00:00;RESUMEN;CONTROL DIRECTO;2.6;;9.06;;2.7;3.9;2.0;0.1;27.0;;0.0;;;;;;;;;;;;;;;;;
RENDIC;463;BORIES AUSTRAL;XII - Magallanes;Punta Arenas;Gobernador Bories 647;3739.0;SIN CONVENIO;HIDROLAB;;2025-05-14 00:00:00;RESUMEN;CONTROL DIRECTO;2.3;;110.0;;5.0;7.4;2.0;2.5;52.0;;0.0;;;;;;;;;;;;;;;;;
RENDIC;457;LAUTARO NAVARRO AUSTRAL;XII - Magallanes;Punta Arenas;Lautaro Navarro 1293;0.0;SIN CONVENIO;HIDROLAB;;2025-05-19 00:00:00;RESUMEN;CONTROL DIRECTO;1.8;;116.0;;17.0;26.0;2.0;1.4;35.0;;0.0;;;;;;;;;;;;;;;;;
RENDIC;33;COVIEFI;II - Antofagasta;Antofagasta;Av. Argentina 1910;0.0;SIN CONVENIO;;;;RESUMEN;CONTROL DIRECTO;;;620.0;;;;;;564.0;;0.0;;;;;;;;;;;;;;;;;
RENDIC;6;SINDEMPART;IV - Coquimbo;Coquimbo;El Sauce 981;0.0;SIN CONVENIO;AGQ LABS;;2025-04-07 00:00:00;RESUMEN;CONTROL DIRECTO;2.3;8.445;20.8;;1.43;24.9;1.0;0.3;19.0;2;60.0;;;;;;;;;;;;;;;;;19
RENDIC;9;COQUIMBO;IV - Coquimbo;Coquimbo;Francisco Varela 1480;0.0;SIN CONVENIO;BIODIVERSA;;2025-06-18 00:00:00;RESUMEN;CONTROL DIRECTO;5.47;7.9;158.0;;11.31;71.0;2.0;5.5;176.67;17.7408;532.224;;;;;;;;;;;;;;;;;19.2
RENDIC;11;ALTO PEÑUELAS;IV - Coquimbo;Coquimbo;Alessandri 531;0.0;SIN CONVENIO;BIODIVERSA;;2025-06-11 00:00:00;RESUMEN;CONTROL DIRECTO;2.0;8.5;291.0;;12.5;56.5;2.0;1;131.75;;0.0;;;;;;;;;;;;;;;;;17.3
RENDIC;14;COPIAPO;III - Atacama;Copiapó;Av. Henrriquez N° 523;0.0;CONVENIO;BIODIVERSA;;2025-05-08 00:00:00;RESUMEN;CONTROL DIRECTO;11.4;;322.0;;9.47;31.0;2.0;1;35.0;;0.0;;;;;;;;;;;;;;;;0.38;
RENDIC;19;BONILLA;II - Antofagasta;Antofagasta;Huamachuco 8481;0.0;SIN CONVENIO;ANAM;;2025-05-19 00:00:00;RESUMEN;CONTROL DIRECTO;18.0;6.739999999999999;407.0;;9.92;12.67;;;;;0.0;;;;;;;;;;;;;;;;;
RENDIC;22;ATACAMA;III - Atacama;Copiapó;Los Carreras 2242;2666.0;CONVENIO;BIODIVERSA;;2025-05-14 00:00:00;RESUMEN;CONTROL DIRECTO;8.7;;661.0;;12.38;94.8;2.0;10;465.22;;0.0;;;;;;;;;;;;;;;;0.15;
RENDIC;32;CHAÑARCILLO;III - Atacama;Copiapó;Chacabuco Nº 231;0.0;CONVENIO;BIODIVERSA;;2025-05-14 00:00:00;RESUMEN;CONTROL DIRECTO;8.5;;279.0;;6.64;51.0;2.0;1.6;82.0;;0.0;;;;;;;;;;;;;;;;0.1;
RENDIC;34;LA CHIMBA;II - Antofagasta;Antofagasta;Pedro Aguirre Cerda 8700;0.0;SIN CONVENIO;;;2025-02-19 00:00:00;RESUMEN;CONTROL DIRECTO;174.0;;1615.0;;23.26;;;;370.0;;0.0;;;;;;;;;;;;;;;;;
RENDIC;472;CALDERA I;III - Atacama;Caldera;Batallon Atacama 319;0.0;CONVENIO;BIODIVERSA;;2025-05-27 00:00:00;RESUMEN;CONTROL DIRECTO;8.43;;143.0;;4.48;7.6;2.0;1;23.0;;0.0;;;;;;;;;;;;;;;;0.19;
RENDIC;482;ABRAZO DE MAIPU;RM - Santiago;Maipú;Av. Jorge Guerra 16190;0.0;SIN CONVENIO;HIDROLAB;;2025-05-24 00:00:00;RESUMEN;CONTROL DIRECTO;2.5;8.03;20.7;;5.5;16.0;2.0;6;92.0;;0.0;;;;;;;;;;;;;;;;;92
RENDIC;519;TRAIGUEN;IX - Araucanía;Traiguén;Santa Cruz 1170;0.0;CONVENIO;AGQ LABS;;2025-05-23 00:00:00;RESUMEN;CONTROL DIRECTO;14.0;;153.0;;8.35;29.1;1.0;0.1;46.0;;0.0;;;;;;;;;;;;;;;;;
RENDIC;519;TRAIGUEN;IX - Araucanía;Traiguén;Santa Cruz 1170;0.0;;AGQ LABS;;2025-05-14 00:00:00;RESUMEN;CONTROL DIRECTO;13.9;7.09;44.8;;3.97;66.9;3.0;1.2;27.0;2.7;81.0;;;;;;;;;;;;;;;;;14.3
RENDIC;576;CASTRO I;X - Los Lagos;Castro;O'Higgins 711;3875.0;SIN CONVENIO;CESMEC;;2025-06-24 00:00:00;RESUMEN;AUTOCONTROL;23.1;6.4;312.0;;11.2;35.7;9.0;0.5;97.0;2;60.0;;;;;;;;;;;;;;;;;10.3
RENDIC;754;TEMUCO IV;IX - Araucanía;Temuco;Avenida Javiera Carrera 1610;0.0;CONVENIO;AGQ LABS;;2025-07-18 00:00:00;RESUMEN;CONTROL DIRECTO;13.1;7.82;226.0;;10.1;93.8;3.0;1.5;108.0;4;120.0;;;;;;;;;;;;;;;;;11.2
RENDIC;777;CENTRAL;X - Los Lagos;Osorno;Patricio Lynch 1278;3684.0;CONVENIO;ANAM;;2025-06-19 00:00:00;RESUMEN;CONTROL DIRECTO;14.0;7.46;170.0;;6.1;3.04;5.0;0.5;95.0;;0.0;;;;;;;;;;;;;;;;;12.8
RENDIC;778;ORIENTE;X - Los Lagos;Osorno;Julio Buschman 2223;2867.0;CONVENIO;ANAM;;2025-06-19 00:00:00;RESUMEN;CONTROL DIRECTO;14.0;7.15;40.0;;1.3;8.4;2.0;2.5;48.0;;0.0;;;;;;;;;;;;;;;;;13.75
RENDIC;959;PUCON;IX - Araucanía;Pucon;Av. O´higgins 774;0.0;SIN CONVENIO;AGQ LABS;;2025-05-19 00:00:00;RESUMEN;CONTROL DIRECTO;2.0;7.824;334.0;;6.88;67.7;1.0;0.1;55.0;2.88;86.39999999999999;;;;;;;;;;;;;;;;;11.52
MAYORISTA;3022;M10 TEMUCO II;IX - Araucanía;Temuco;Pedro De Valdivia 2285;3721.0;CONVENIO;AGQ LABS;;2025-04-25 00:00:00;RESUMEN;CONTROL DIRECTO;2.3;6.88;2.03;;1.06;5.23;1.0;0.1;13.0;1.152;34.559999999999995;;;;;;;;;;;;;;;;;17.15
ALVI;3086;ALVI TEMUCO;IX - Araucanía;Temuco;Av. Balmaceda 1531;0.0;SIN CONVENIO;AGQ LABS;;2025-04-04 00:00:00;RESUMEN;CONTROL DIRECTO;2.0;7.56;206.0;;1.48;135.0;1.0;0.1;135.0;3.744;112.32000000000001;;;;;;;;;;;;;;;;;18.4
MAYORISTA;3143;M10 TEMUCO IV;IX - Araucanía;Temuco;Francisco Salazar 01650;4422.0;CONVENIO;AGQ LABS;;2025-04-07 00:00:00;RESUMEN;CONTROL DIRECTO;2.3;8.445;20.8;;1.43;24.9;1.0;0.3;19.0;3.168;95.04;;;;;;;;;;;;;;;;;19
RENDIC;106;LOS MOLLES;I - Tarapacá;Iquique;Santiago Polanco 2251;4050.0;CONVENIO;HIDROLAB;;2025-05-17 00:00:00;RESUMEN;CONTROL DIRECTO;0.5;8.2;102.0;;4.9;150.0;2.0;0.1;6.0;;0.0;;;;;;;;;;;;;;;;;22.2
RENDIC;459;ALLENDE AUSTRAL;XII - Magallanes;Punta Arenas;Salvador Allende 0399;3735.0;SIN CONVENIO;HIDROLAB;;2025-06-19 00:00:00;RESUMEN;CONTROL DIRECTO;1.6;;232.0;;6.1;13.0;2.0;0.3;87.0;;0.0;;;;;;;;;;;;;;;;;
RENDIC;463;BORIES AUSTRAL;XII - Magallanes;Punta Arenas;Gobernador Bories 647;3739.0;SIN CONVENIO;HIDROLAB;;2025-06-26 00:00:00;RESUMEN;CONTROL DIRECTO;0.5;;65.0;;0.44;2.8;2.0;0.3;33.0;;0.0;;;;;;;;;;;;;;;;;
RENDIC;458;ESPAÑA AUSTRAL;XII - Magallanes;Punta Arenas;Av. España 01375;1306.0;SIN CONVENIO;HIDROLAB;;2025-06-18 00:00:00;RESUMEN;CONTROL DIRECTO;6.6;;153.0;;6.1;7.2;2.0;0.3;118.0;;0.0;;;;;;;;;;;;;;;;;
RENDIC;464;AGUIRRE CERDA AUSTRAL;XII - Magallanes;Punta Arenas;Pedro Aguirre Cerda 0413;0.0;SIN CONVENIO;HIDROLAB;;2025-06-30 00:00:00;RESUMEN;CONTROL DIRECTO;5.3;7.81;298.0;;0.2;34.0;2.0;0.2;89.0;;0.0;;;;;;;;;;;;;;;;;25
RENDIC;7;VALLENAR I;III - Atacama;Vallenar;Brasil 663;0.0;CONVENIO;BIODIVERSA;;2025-05-23 00:00:00;RESUMEN;CONTROL DIRECTO;10.04;;487.0;;10.0;104.0;6.0;1;138.81;;0.0;;;;;;;;;;;;;;;4.5;;
RENDIC;5;LAS COMPAÑIAS;IV - Coquimbo;La Serena;Nicaragua 1571;2644.0;SIN CONVENIO;CESMEC;;2025-05-15 00:00:00;RESUMEN;AUTOCONTROL;9.6;7.96;117.0;;5.0;23.17;2.0;0.7;66.0;0;0.0;;;;;;;;;;;;;;;;;17.38
RENDIC;5;LAS COMPAÑIAS;IV - Coquimbo;La Serena;Nicaragua 1571;2644.0;SIN CONVENIO;CESMEC;;2025-06-26 00:00:00;RESUMEN;AUTOCONTROL;7.1;7.88;192.0;;6.4;20.73;7.0;0.5;52.4;44.064;1321.92;;;;;;;;;;;;;;;;;17.23
RENDIC;7;VALLENAR I;III - Atacama;Vallenar;Brasil 663;0.0;CONVENIO;CESMEC;;2025-06-30 00:00:00;RESUMEN;AUTOCONTROL;8.6;7.51;390.0;;10.0;51.19;5.0;0.5;84.0;11.52;345.59999999999997;;;;;;;;;;;;;;;;;19.29
RENDIC;14;COPIAPO;III - Atacama;Copiapó;Av. Henrriquez N° 523;0.0;CONVENIO;CESMEC;;2025-06-04 00:00:00;RESUMEN;AUTOCONTROL;7.8;7.04;262.0;;6.8;18.16;4.0;0.5;33.0;24.768;743.04;;;;;;;;;;;;;;;;;20.54
RENDIC;16;VALLENAR II;III - Atacama;Vallenar;Arturo Prat 2350;0.0;TERMINADO;CESMEC;;2025-06-30 00:00:00;RESUMEN;AUTOCONTROL;12.2;7.6;546.0;;20.0;5.0;64.0;1.5;215.0;;0.0;;;;;;;;;;;;;;;;;15.4
RENDIC;17;LOS ALAMOS;IV - Coquimbo;Coquimbo;Los Alamos 580;2643.0;TERMINADO;CESMEC;;2025-06-25 00:00:00;RESUMEN;AUTOCONTROL;7.4;8.51;146.0;;7.1;33.12;5.0;0.5;79.0;23.04;691.1999999999999;;;;;;;;;;;;;;;;;14.35
RENDIC;22;ATACAMA;III - Atacama;Copiapó;Los Carreras 2242;2666.0;CONVENIO;CESMEC;;2025-06-02 00:00:00;RESUMEN;AUTOCONTROL;39.1;7.11;387.0;;14.3;52.32;6.0;0.5;163.0;18.72;561.5999999999999;;;;;;;;;;;;;;;;;19.34
RENDIC;23;LOS CARRERAS;III - Atacama;Copiapó;Los Carrera 479;0.0;SIN CONVENIO;CESMEC;;2025-06-09 00:00:00;RESUMEN;AUTOCONTROL;14.9;7.18;443.0;;13.4;47.7;11.0;0.5;67.0;10.944;328.32000000000005;;;;;;;;;;;;;;;;;21.25
RENDIC;32;CHAÑARCILLO;III - Atacama;Copiapó;Chacabuco Nº 231;0.0;CONVENIO;CESMEC;;2025-06-27 00:00:00;RESUMEN;AUTOCONTROL;26.8;7.4;432.0;;9.5;68.36;3.0;0.5;89.0;;0.0;;;;;;;;;;;;;;;;;19.3
RENDIC;344;CURICO ALAMEDA;VII - Maule;Curicó;Estado 43;4530.0;SIN CONVENIO;CESMEC;;2025-06-10 00:00:00;RESUMEN;AUTOCONTROL;16.0;6.85;225.0;;16.6;16.4;2.0;2;176.0;;0.0;;;;;;;;;;;;;;;;;11.26
RENDIC;442;COYHAIQUE;XI - Aysén;Coyhaique;Lautaro 331;1320.0;SIN CONVENIO;CESMEC;;2025-06-12 00:00:00;RESUMEN;AUTOCONTROL;4.4;7.36;292.0;;4.3;16.0;2.0;1;117.0;;0.0;;;;;;;;;;;;;;;;;19
RENDIC;458;ESPAÑA AUSTRAL;XII - Magallanes;Punta Arenas;Av. España 01375;1306.0;SIN CONVENIO;CESMEC;;2025-06-18 00:00:00;RESUMEN;AUTOCONTROL;6.6;7.71;153.0;;6.1;7.2;2.0;0.3;118.0;28;840.0;;;;;;;;;;;;;;;;;9.4
RENDIC;459;ALLENDE AUSTRAL;XII - Magallanes;Punta Arenas;Salvador Allende 0399;3735.0;SIN CONVENIO;CESMEC;;2025-06-18 00:00:00;RESUMEN;AUTOCONTROL;1.6;7.77;232.0;;6.1;12.0;2.0;0.3;87.0;18.88;566.4;;;;;;;;;;;;;;;;;9.7
RENDIC;465;PUERTO NATALES;XII - Magallanes;Puerto Natales;Bulnes 742;1133.0;SIN CONVENIO;CESMEC;;;;AUTOCONTROL;;;;;;;;;;;0.0;;;;;;;;;;;;;;;;;
RENDIC;472;CALDERA I;III - Atacama;Caldera;Batallon Atacama 319;0.0;CONVENIO;CESMEC;;;;AUTOCONTROL;;;;;;;;;;;0.0;;;;;;;;;;;;;;;;;
RENDIC;576;CASTRO I;X - Los Lagos;Castro;O'Higgins 711;3875.0;SIN CONVENIO;CESMEC;;;;AUTOCONTROL;;;;;;;;;;;0.0;;;;;;;;;;;;;;;;;
MAYORISTA;3022;M10 TEMUCO II;IX - Araucanía;Temuco;Pedro De Valdivia 2285;3721.0;CONVENIO;CESMEC;;2025-07-25 00:00:00;RESUMEN;CONTROL DIRECTO;3.6;7.61;101.0;;3.5;21.4;7.0;0.1;28.0;2.52;75.6;;;;;;;;;;;;;;;;;13.1
MAYORISTA;5714;;;;;;;CESMEC;;;;AUTOCONTROL;;;;;;;;;;;0.0;;;;;;;;;;;;;;;;;
RENDIC;9139;CD LO AGUIRRE;RM - Santiago;Pudahuel;CAMINO LO AGUIRRE SUR 537;3552.0;SIN CONVENIO;CESMEC;;2025-07-28 00:00:00;RESUMEN;AUTOCONTROL;11.8;7.84;68.0;;3.2;19.02;4.0;1;1.0;18.72;561.5999999999999;;;;;;;;;;;;;;;;;16.81
RENDIC;106;LOS MOLLES;I - Tarapacá;Iquique;Santiago Polanco 2251;4050.0;CONVENIO;CESMEC;;2025-07-23 00:00:00;RESUMEN;AUTOCONTROL;10.3;6.8;384.0;;4.7;18.75;2.0;2.5;107.0;10.944;328.32000000000005;;;;;;;;;;;;;;;;;19.09
RENDIC;111;CALAMA II;II - Antofagasta;Calama;Aconcagua 2588;2966.0;SIN CONVENIO;CESMEC;;2025-07-28 00:00:00;RESUMEN;AUTOCONTROL;18.0;7.5;329.0;;6.3;9.73;21.0;0.5;52.7;24.48;734.4;;;;;;;;;;;;;;;;;20.16
RENDIC;46;CALAMA I;II - Antofagasta;Calama;Granaderos 3180;3035.0;SIN CONVENIO;CESMEC;;2025-07-28 00:00:00;RESUMEN;AUTOCONTROL;19.6;7.63;371.0;;6.3;10.94;22.0;0.5;58.0;;0.0;;;;;;;;;;;;;;;;;19.28
RENDIC;16;VALLENAR II;III - Atacama;Vallenar;Arturo Prat 2350;0.0;TERMINADO;CESMEC;;2025-07-28 00:00:00;RESUMEN;AUTOCONTROL;3.9;7.56;181.0;;3.1;5.0;74.0;0.5;29.6;8.064;241.92000000000002;;;;;;;;;;;;;;;;;17.45
RENDIC;472;CALDERA I;III - Atacama;Caldera;Batallon Atacama 319;0.0;CONVENIO;CESMEC;;2025-07-29 00:00:00;RESUMEN;AUTOCONTROL;12.5;7.08;399.0;;18.4;40.54;12.0;0.5;47.0;15.840000000000002;475.20000000000005;;;;;;;;;;;;;;;;;12.98
RENDIC;7;VALLENAR I;III - Atacama;Vallenar;Brasil 663;0.0;CONVENIO;CESMEC;;2025-07-28 00:00:00;RESUMEN;AUTOCONTROL;18.4;7.1;408.0;;9.9;20.81;22.0;0.5;96.0;13.248;397.44;;;;;;;;;;;;;;;;;16.89
RENDIC;86;BILBAO;I - Tarapacá;Iquique;Fco.Bilbao 3545;4049.0;CONVENIO;CESMEC;;2025-07-23 00:00:00;RESUMEN;AUTOCONTROL;27.5;6.9;878.0;;5.8;8.53;5.0;1;121.3;14.688;440.64000000000004;;;;;;;;;;;;;;;;;21.34
RENDIC;24;CHACABUCO;III - Atacama;Copiapó;Los Carreras  586;0.0;SIN CONVENIO;CESMEC;;2025-07-21 00:00:00;RESUMEN;AUTOCONTROL;14.2;7.11;350.0;;13.2;52.19;2.0;3;97.0;10.08;302.4;;;;;;;;;;;;;;;;;19.44
RENDIC;472;CALDERA I;III - Atacama;Caldera;Batallon Atacama 319;0.0;CONVENIO;BIODIVERSA;;2025-06-11 00:00:00;RESUMEN;CONTROL DIRECTO;9.17;;678.0;;21.88;39.05;6.0;1;131.67;;0.0;;;;;;;;;;;;;;;;2.14;
RENDIC;32;CHAÑARCILLO;III - Atacama;Copiapó;Chacabuco Nº 231;0.0;CONVENIO;BIODIVERSA;;2025-06-10 00:00:00;RESUMEN;CONTROL DIRECTO;8.36;;373.0;;8.65;32.1;2.0;2.5;221.28;;0.0;;;;;;;;;;;;;;;;5.01;
RENDIC;14;COPIAPO;III - Atacama;Copiapó;Av. Henrriquez N° 523;0.0;CONVENIO;BIODIVERSA;;2025-06-05 00:00:00;RESUMEN;CONTROL DIRECTO;7.24;;283.0;;8.06;30.0;3.0;1;41.0;;0.0;;;;;;;;;;;;;;;;4.74;
RENDIC;7;VALLENAR I;III - Atacama;Vallenar;Brasil 663;0.0;CONVENIO;BIODIVERSA;;2025-06-13 00:00:00;RESUMEN;CONTROL DIRECTO;11.46;;340.0;;11.69;0.28;2.0;2;135.21;;0.0;;;;;;;;;;;;;;;;2.02;
RENDIC;22;ATACAMA;III - Atacama;Copiapó;Los Carreras 2242;2666.0;CONVENIO;BIODIVERSA;;2025-06-10 00:00:00;RESUMEN;CONTROL DIRECTO;6.53;;419.0;;10.04;99.5;2.0;2;186.21;;0.0;;;;;;;;;;;;;;;;3.49;
RENDIC;14;COPIAPO;III - Atacama;Copiapó;Av. Henrriquez N° 523;0.0;CONVENIO;CESMEC;;2025-08-04 00:00:00;RESUMEN;AUTOCONTROL;15.5;7.14;518.0;;9.0;5.0;5.0;0.5;49.0;18.72;561.5999999999999;;;;;;;;;;;;;;;;;22.41
RENDIC;24;CHACABUCO;III - Atacama;Copiapó;Los Carreras  586;0.0;SIN CONVENIO;CESMEC;;2025-08-05 00:00:00;RESUMEN;AUTOCONTROL;42.8;7.14;365.0;;2.5;5.0;3.0;1.5;74.7;;0.0;;;;;;;;;;;;;;;;;18.04
RENDIC;105;IQUIQUE CENTRO;I - Tarapacá;Iquique;Tarapaca 579;4051.0;TERMINADO;CESMEC;;2025-08-05 00:00:00;RESUMEN;AUTOCONTROL;31.2;6.67;112.0;;2.5;8.17;5.0;0.8;141.3;13.536;406.08;;;;;;;;;;;;;;;;;23.63
RENDIC;25;EL PALOMAR;III - Atacama;Copiapó;Av. Palomar 1525;3868.0;TERMINADO;CESMEC;;2025-08-04 00:00:00;RESUMEN;AUTOCONTROL;24.0;7.6;117.0;;4.4;13.28;2.0;1.5;58.7;;0.0;;;;;;;;;;;;;;;;;19.2
RENDIC;555;GRANEROS;VI - O'Higgins;Graneros;Obispo Rafael Lira 042;4574.0;SIN CONVENIO;CESMEC;;2025-08-07 00:00:00;RESUMEN;AUTOCONTROL;35.4;7.42;530.0;;4.7;12.75;2.0;10;370.0;24.48;734.4;;;;;;;;;;;;;;;;;14.74
MAYORISTA;3014;M10 SAN FERNANDO;VI - O'Higgins;San Fernando;Chillan 745;1298.0;TERMINADO;CESMEC;;2025-08-05 00:00:00;COMPLETO;AUTOCONTROL;9.7;7.29;105.0;;3.2;6.75;2.0;9;116.0;22.752;682.56;0.1818;0.002;0.1552;0.01;0.1;0.3579;0.1242;0.05;0.05;10.0;0.0282;0.001;0.05;0.05;246.0;0.5;14.69
RENDIC;23;LOS CARRERAS;III - Atacama;Copiapó;Los Carrera 479;0.0;SIN CONVENIO;CESMEC;;2025-08-08 00:00:00;RESUMEN;AUTOCONTROL;38.5;6.89;622.0;;13.4;45.88;8.0;0.5;81.0;;0.0;;;;;;;;;;;;;;;;;22
RENDIC;674;BRASILIA;II - Antofagasta;Calama;Brasilia 2386;0.0;SIN CONVENIO;ANAM;;2025-05-29 00:00:00;RESUMEN;CONTROL DIRECTO;47.0;7.14;284.0;;2.28;10.22;6.0;2;136.0;3.71;111.3;;;;;;;;;;;;;;;;;18
RENDIC;22;ATACAMA;III - Atacama;Copiapó;Los Carreras 2242;2666.0;CONVENIO;CESMEC;;2025-08-18 00:00:00;RESUMEN;AUTOCONTROL;19.1;7.21;552.0;;24.9;89.98;12.0;0.5;96.0;;0.0;;;;;;;;;;;;;;;;;19.8
RENDIC;6;SINDEMPART;IV - Coquimbo;Coquimbo;El Sauce 981;0.0;SIN CONVENIO;BIODIVERSA;;2025-08-07 00:00:00;RESUMEN;CONTROL DIRECTO;10.9;8.0;327.0;;6.22;44.9;37.0;8;217.31;3.593;107.78999999999999;;;;;;;;;;;;;;;;;15.4
RENDIC;778;ORIENTE;X - Los Lagos;Osorno;Julio Buschman 2223;2867.0;CONVENIO;SURALIS;;2025-07-21 00:00:00;RESUMEN;CONTROL DIRECTO;28.0;7.15;249.0;;9.6;78.69;3.0;12;140.0;9;270.0;;;;;;;;;;;;;;;;;12
RENDIC;777;CENTRAL;X - Los Lagos;Osorno;Patricio Lynch 1278;3684.0;CONVENIO;ANAM;;2025-07-22 00:00:00;RESUMEN;CONTROL DIRECTO;14.0;7.4;262.0;;9.3;1.3;6.0;0.5;87.0;4;120.0;;;;;;;;;;;;;;;;;14.2
RENDIC;626;EL MILAGRO;IV - Coquimbo;La Serena;Santiago Del Apostol 4063;0.0;SIN CONVENIO;BIODIVERSA;;2025-03-12 00:00:00;RESUMEN;CONTROL DIRECTO;24.19;7.7;434.0;;13.78;137.2;21.7;2;209.09;25.344;760.32;;;;;;;;;;;;;;;;;20.7
RENDIC;626;EL MILAGRO;IV - Coquimbo;La Serena;Santiago Del Apostol 4063;0.0;SIN CONVENIO;CESMEC;;2025-06-02 00:00:00;RESUMEN;CONTROL DIRECTO;34.7;;412.0;;8.5;67.21;2.0;0.5;130.0;;0.0;;;;;;;;;;;;;;;;;5.6
RENDIC;32;CHAÑARCILLO;III - Atacama;Copiapó;Chacabuco Nº 231;0.0;CONVENIO;CESMEC;;2025-08-06 00:00:00;RESUMEN;AUTOCONTROL;16.6;7.6;296.0;;10.1;52.57;5.0;0.5;131.0;;0.0;;;;;;;;;;;;;;;;;20.2
RENDIC;103;VIVAR;I - Tarapacá;Iquique;Vivar 786;4420.0;CONVENIO;CESMEC;;2025-08-06 00:00:00;RESUMEN;AUTOCONTROL;5.7;;22.0;;0.7;5.0;2.0;0.5;11.2;10.87;326.09999999999997;;;;;;;;;;;;;;;;;23.19
RENDIC;472;CALDERA I;III - Atacama;Caldera;Batallon Atacama 319;0.0;CONVENIO;CESMEC;;2025-08-21 00:00:00;RESUMEN;AUTOCONTROL;7.0;6.7;488.0;;19.1;42.47;4.0;1;69.0;;0.0;;;;;;;;;;;;;;;;;22
LOGISTICA;9051;CD NUEVO COQUIMBO;IV - Coquimbo;Coquimbo;PAN DE AZUCAR S/N;0.0;SIN CONVENIO;CESMEC;;2025-08-25 00:00:00;COMPLETO;AUTOCONTROL;11.4;7.8;16.0;;18.7;16.9;2.0;;10.4;;0.0;0.3529;0.002;0.2681;0.01;0.1;0.0984;0.05;;0.05;5.0;0.0358;0.001;0.05;0.0143;212.0;0.5;18.1
RENDIC;16;VALLENAR II;III - Atacama;Vallenar;Arturo Prat 2350;0.0;TERMINADO;CESMEC;;2025-08-25 00:00:00;RESUMEN;AUTOCONTROL;89.7;7.55;38.0;;1.8;5.0;13.0;0.5;10.0;;0.0;;;;;;;;;;;;;;;;;21.31
RENDIC;9139;CD LO AGUIRRE;RM - Santiago;Pudahuel;CAMINO LO AGUIRRE SUR 537;3552.0;SIN CONVENIO;CESMEC;;2025-08-29 00:00:00;RESUMEN;AUTOCONTROL;22.6;7.32;177.0;;5.9;37.41;5.0;1.5;70.7;1.68;50.4;;;;;;;;;;10.0;;;;;;;16.14
RENDIC;23;LOS CARRERAS;III - Atacama;Copiapó;Los Carrera 479;0.0;SIN CONVENIO;CESMEC;;2025-07-21 00:00:00;RESUMEN;AUTOCONTROL;14.2;7.11;350.0;;13.2;52.19;2.0;3;97.0;0.35;10.5;;;;;;;;;;;;;;;;;19.44
RENDIC;905;VICENTE VALDES;RM - Santiago;La Florida;Vicuña Mackenna 7802;0.0;SIN CONVENIO;AGUAS ANDINAS;;2025-06-19 00:00:00;RESUMEN;CONTROL DIRECTO;38.0;7.46;801.0;;19.52;17.67;0.8;0.5;322.0;;0.0;;;;;;;;;;;;;;;;;18.9
RENDIC;5;LAS COMPAÑIAS;IV - Coquimbo;La Serena;Nicaragua 1571;2644.0;SIN CONVENIO;CESMEC;;2025-09-16 00:00:00;RESUMEN;AUTOCONTROL;4.0;7.73;151.0;;8.3;3.3;1.0;0.1;76.0;1.19;35.699999999999996;;;;;;;;;;;;;;;;;16.7
RENDIC;17;LOS ALAMOS;IV - Coquimbo;Coquimbo;Los Alamos 580;2643.0;TERMINADO;CESMEC;;2025-09-15 00:00:00;RESUMEN;AUTOCONTROL;15.0;7.98;206.0;;9.5;20.3;0.1;0.1;88.0;0.85;25.5;;;;;;;;;;;;;;;;;16.79
MAYORISTA;3197;ALVI PICARTE VALDIVIA;XIV - Los Ríos;Valdivia;Av. Ramon Picarte 2593;1961.0;CONVENIO;CESMEC;;2025-09-16 00:00:00;RESUMEN;AUTOCONTROL;16.0;7.0;279.0;;13.0;11.3;3.0;0.1;40.0;2.8;84.0;;;;;;;;;;;;;;;;;17.04
RENDIC;16;VALLENAR II;III - Atacama;Vallenar;Arturo Prat 2350;0.0;TERMINADO;CESMEC;;2025-09-24 00:00:00;RESUMEN;AUTOCONTROL;2.0;7.65;69.0;;0.5;0.5;1.0;0.1;28.0;0.56;16.8;;;;;;;;;;;;;;;;;16.99
RENDIC;7;VALLENAR I;III - Atacama;Vallenar;Brasil 663;0.0;CONVENIO;CESMEC;;2025-09-24 00:00:00;RESUMEN;AUTOCONTROL;38.0;8.08;825.0;;11.8;18.2;1.0;0.1;176.0;0.91;27.3;;;;;;;;;;;;;;;;;18.44
RENDIC;777;CENTRAL;X - Los Lagos;Osorno;Patricio Lynch 1278;3684.0;CONVENIO;CESMEC;;2025-09-24 00:00:00;RESUMEN;AUTOCONTROL;4.0;7.11;49.0;;1.3;0.5;1.0;0.1;76.0;2;60.0;;;;;;;;;;;;;;;;;14.3
RENDIC;25;EL PALOMAR;III - Atacama;Copiapó;Av. Palomar 1525;3868.0;TERMINADO;CESMEC;;2025-09-23 00:00:00;RESUMEN;AUTOCONTROL;9.0;8.04;48.0;;4.5;15.3;1.0;0.1;40.0;3.1;93.0;;;;;;;;;;;;;;;;;18.14
RENDIC;22;ATACAMA;III - Atacama;Copiapó;Los Carreras 2242;2666.0;CONVENIO;CESMEC;;2025-09-23 00:00:00;RESUMEN;AUTOCONTROL;12.0;8.1;306.0;;8.5;7.3;1.0;0.2;64.0;;0.0;;;;;;;;;;;;;;;;;18.4
RENDIC;963;FLORIDA;IV - Coquimbo;La Serena;Avenida Las Parcelas ULS PC 304-A;0.0;SIN CONVENIO;BIODIVERSA;;2025-09-09 00:00:00;RESUMEN;CONTROL DIRECTO;17.62;7.2;486.0;;38.2;113.0;2.0;12;705.88;6.029;180.87;;;;;;;;;;;;;;;;;13.2
RENDIC;46;CALAMA I;II - Antofagasta;Calama;Granaderos 3180;3035.0;SIN CONVENIO;CESMEC;;2025-09-23 00:00:00;RESUMEN;AUTOCONTROL;7.0;7.78;909.0;;11.3;1.3;5.0;0.1;532.0;;0.0;;;;;;;;;;;;;;;;;21.38
RENDIC;9139;CD LO AGUIRRE;RM - Santiago;Pudahuel;CAMINO LO AGUIRRE SUR 537;3552.0;SIN CONVENIO;CESMEC;;2025-09-24 00:00:00;COMPLETO;AUTOCONTROL;12.0;6.58;122.0;;7.3;75.5;1.0;2;76.0;1.63;48.9;;;;;;;;;;10.0;;;;;;;19.49
RENDIC;780;VICTORIA;X - Los Lagos;Osorno;Victoria 367 Rahue Bajo;1362.0;SIN CONVENIO;CESMEC;;2025-09-23 00:00:00;RESUMEN;AUTOCONTROL;6.0;7.26;26.0;;5.2;2.9;3.0;0.5;40.0;2;60.0;;;;;;;;;;;;;;;;;11.78
RENDIC;111;CALAMA II;II - Antofagasta;Calama;Aconcagua 2588;2966.0;SIN CONVENIO;CESMEC;;2025-09-24 00:00:00;COMPLETO;AUTOCONTROL;43.0;7.89;43.0;;7.0;15.0;1.0;0.1;136.0;1.08;32.400000000000006;0.08;0.007;3.144;2e-05;0.02;0.0471;0.0887;0.1331;0.01;2.0;0.1;0.0002;0.05;0.03;109.0;;20.74
RENDIC;458;ESPAÑA AUSTRAL;XII - Magallanes;Punta Arenas;Av. España 01375;1306.0;SIN CONVENIO;CESMEC;;2025-09-26 00:00:00;RESUMEN;AUTOCONTROL;2.0;7.14;259.0;;10.6;7.1;2.0;0.5;58.0;1.22;36.6;;;;;;;;;;;;;;;;;9.5
RENDIC;461;ZENTENO AUSTRAL;XII - Magallanes;Punta Arenas;Capitan Guillermo 05;3736.0;SIN CONVENIO;CESMEC;;2025-09-29 00:00:00;RESUMEN;AUTOCONTROL;9.0;7.0;272.0;;8.4;13.88;11.0;0.5;118.0;0.59;17.7;;;;;;;;;;;;;;;;;12.2
RENDIC;463;BORIES AUSTRAL;XII - Magallanes;Punta Arenas;Gobernador Bories 647;3739.0;SIN CONVENIO;CESMEC;;2025-09-26 00:00:00;RESUMEN;AUTOCONTROL;6.0;6.51;429.0;;11.3;9.98;2.0;0.5;64.0;0.14;4.2;;;;;;;;;;;;;;;;;10.2
RENDIC;465;PUERTO NATALES;XII - Magallanes;Puerto Natales;Bulnes 742;1133.0;SIN CONVENIO;CESMEC;;2025-09-28 00:00:00;RESUMEN;AUTOCONTROL;;;;;;;;;;4.39;131.7;;;;;;;;;;;;;;;;;
RENDIC;105;IQUIQUE CENTRO;I - Tarapacá;Iquique;Tarapaca 579;4051.0;TERMINADO;CESMEC;;2025-09-24 00:00:00;RESUMEN;AUTOCONTROL;11.0;6.78;225.0;;7.2;30.6;1.0;0.3;84.0;5.92;177.6;;;;;;;;;;;;;;;;;23.54
LOGISTICA;9051;CD NUEVO COQUIMBO;IV - Coquimbo;Coquimbo;PAN DE AZUCAR S/N;0.0;SIN CONVENIO;CESMEC;;2025-09-29 00:00:00;COMPLETO;AUTOCONTROL;2.0;7.6;24.0;;2.5;12.6;2.0;;17.0;;0.0;0.1;0.002;0.3067;0.01;0.1;0.086;0.05;;0.05;5.0;0.0358;0.001;0.05;0.01;193.0;0.5;17.1
RENDIC;771;MIRASOL;X - Los Lagos;Puerto Montt;Av. La Cruz 2006;3723.0;SIN CONVENIO;CESMEC;;2025-09-30 00:00:00;RESUMEN;AUTOCONTROL;22.0;6.8;61.0;;8.7;18.1;3.0;17;116.0;5;150.0;;;;;;;;;;;;;;;;;14.06
RENDIC;576;CASTRO I;X - Los Lagos;Castro;O'Higgins 711;3875.0;SIN CONVENIO;CESMEC;;2025-09-30 00:00:00;RESUMEN;AUTOCONTROL;6.0;7.39;261.0;;14.8;35.0;5.0;1;64.0;7.935;238.04999999999998;;;;;;;;;;;;;;;;;11.46
RENDIC;344;CURICO ALAMEDA;VII - Maule;Curicó;Estado 43;4530.0;SIN CONVENIO;CESMEC;;2025-09-25 00:00:00;COMPLETO;AUTOCONTROL;6.0;7.49;22.0;;1.5;1.4;1.0;0.3;28.0;8;240.0;0.23;0.003;0.04;0.0003;0.02;0.183;0.079;0.0029;0.01;2.0;0.1;0.0002;0.05;0.03;112.0;;20.25
RENDIC;459;ALLENDE AUSTRAL;XII - Magallanes;Punta Arenas;Salvador Allende 0399;3735.0;SIN CONVENIO;CESMEC;;2025-09-30 00:00:00;RESUMEN;AUTOCONTROL;8.0;6.69;186.0;;6.0;6.2;6.0;0.5;86.0;1.42;42.599999999999994;;;;;;;;;;;;;;;;;16.2
RENDIC;778;ORIENTE;X - Los Lagos;Osorno;Julio Buschman 2223;2867.0;CONVENIO;CESMEC;;2025-09-25 00:00:00;RESUMEN;AUTOCONTROL;114.0;7.3;798.0;;17.0;19.0;1.0;0.1;1668.0;7;210.0;;;;;;;;;;;;;;;;;14.25
RENDIC;103;VIVAR;I - Tarapacá;Iquique;Vivar 786;4420.0;CONVENIO;CESMEC;;2025-09-27 00:00:00;RESUMEN;AUTOCONTROL;2.0;6.65;53.0;;7.7;5.9;1.0;0.1;13.0;8.35;250.5;;;;;;;;;;;;;;;;;22.25
RENDIC;106;LOS MOLLES;I - Tarapacá;Iquique;Santiago Polanco 2251;4050.0;CONVENIO;CESMEC;;2025-09-29 00:00:00;RESUMEN;AUTOCONTROL;21.0;6.93;309.0;;10.7;28.4;3.0;1.3;84.0;8.52;255.6;;;;;;;;;;;;;;;;;23.03
RENDIC;86;BILBAO;I - Tarapacá;Iquique;Fco.Bilbao 3545;4049.0;CONVENIO;CESMEC;;2025-09-30 00:00:00;RESUMEN;AUTOCONTROL;16.0;6.68;348.0;;14.3;28.4;5.0;7;156.0;9.58;287.4;;;;;;;;;;;;;;;;;24.24
RENDIC;5;LAS COMPAÑIAS;IV - Coquimbo;La Serena;Nicaragua 1571;2644.0;SIN CONVENIO;CESMEC;;2025-08-07 00:00:00;RESUMEN;CONTROL DIRECTO;6.66;7.9;98.0;;5.21;22.4;2.0;1;48.0;4.572;137.16;;;;;;;;;;;;;;;;;16.9
RENDIC;3014;M10 SAN FERNANDO;VI - O'Higgins;San Fernando;Chillan 745;1298.0;TERMINADO;CESMEC;;2025-09-29 00:00:00;RESUMEN;AUTOCONTROL;14.0;6.68;300.0;;12.3;17.4;1.0;1.4;112.0;3;90.0;;;;;;;;;;;;;;;;;16.25
RENDIC;34;LA CHIMBA;II - Antofagasta;Antofagasta;Pedro Aguirre Cerda 8700;0.0;SIN CONVENIO;CESMEC;;2025-09-29 00:00:00;RESUMEN;AUTOCONTROL;43.0;7.5;719.0;;6.5;5.8;1.0;1.5;160.0;0.73;21.9;;;;;;;;;;;;;;;;;20.89
RENDIC;375;ARAUCO;XIV - Los Ríos;Valdivia;Arauco 697;3420.0;CONVENIO;ANAM;;2025-09-11 00:00:00;RESUMEN;CONTROL DIRECTO;14.0;6.74;146.0;;5.2;21.03;3.0;4.5;50.0;5.832;174.96;;;;;;;;;;;;;;;;;13.7
RENDIC;375;ARAUCO;XIV - Los Ríos;Valdivia;Arauco 697;3420.0;CONVENIO;ANAM;;2025-09-09 00:00:00;RESUMEN;CONTROL DIRECTO;14.0;8.49;91.0;;5.0;16.13;2.0;1;48.0;1.296;38.88;;;;;;;;;;;;;;;;;12
RENDIC;375;ARAUCO;XIV - Los Ríos;Valdivia;Arauco 697;3420.0;CONVENIO;CESMEC;;2025-10-06 00:00:00;COMPLETO;AUTOCONTROL;2.0;6.59;478.0;;8.8;10.8;3.0;0.2;112.0;8;240.0;0.253;0.003;0.164;0.0008;0.02;6.471;0.0576;0.023;0.01;2.0;0.1;0.0002;0.05;0.03;107.0;0.01;10.37
RENDIC;442;COYHAIQUE;XI - Aysén;Coyhaique;Lautaro 331;1320.0;SIN CONVENIO;AGUAS PATAGONIA;;2025-09-29 00:00:00;RESUMEN;CONTROL DIRECTO;21.0;7.92;836.0;;24.28;40.0;4.0;4;130.0;5.1;153.0;;;;;;;;;;;;;;;;;10.2
RENDIC;472;CALDERA I;III - Atacama;Caldera;Batallon Atacama 319;0.0;CONVENIO;BIODIVERSA;;2025-09-03 00:00:00;RESUMEN;CONTROL DIRECTO;6.65;;161.0;;3.7;3.9;19.0;1;44.6;;0.0;;;;;;;;;;;;;;;;;
RENDIC;16;VALLENAR II;III - Atacama;Vallenar;Arturo Prat 2350;0.0;TERMINADO;BIODIVERSA;;2025-09-04 00:00:00;RESUMEN;CONTROL DIRECTO;39.5;;237.0;;9.1;45.6;74.3;1;240.0;;0.0;;;;;;;;;;;;;;;;;
RENDIC;375;ARAUCO;XIV - Los Ríos;Valdivia;Arauco 697;3420.0;CONVENIO;BIODIVERSA;;2025-10-07 00:00:00;COMPLETO;AUTOCONTROL;2.0;6.58;169.0;;14.5;15.3;1.0;0.5;50.0;18;540.0;0.166;0.003;0.238;2e-05;0.02;0.5249;0.194;0.003;0.01;2.0;0.1;0.0002;0.05;0.03;132.0;0.01;10.76
RENDIC;33;COVIEFI;II - Antofagasta;Antofagasta;Av. Argentina 1910;0.0;SIN CONVENIO;ANAM;;2025-08-28 00:00:00;RESUMEN;CONTROL DIRECTO;14.0;7.93;39.0;;4.54;34.06;0.8;56;35.0;2.984;89.52;;;;;;;;;;;;;;;19.0;0.03;24.9
RENDIC;442;COYHAIQUE;XI - Aysén;Coyhaique;Lautaro 331;1320.0;SIN CONVENIO;AGUAS PATAGONIA;;2025-09-11 00:00:00;COMPLETO;AUTOCONTROL;1.3;7.81;227.0;;13.2;0.57;2.0;1;137.0;0.143;4.29;0.586;0.001;0.073;0.002;0.02;0.179;0.043;0.005;0.005;1.0;0.119;0.0005;0.01;0.02;5.0;0.21;11.9
RENDIC;22;ATACAMA;III - Atacama;Copiapó;Los Carreras 2242;2666.0;CONVENIO;CESMEC;;2025-10-21 00:00:00;RESUMEN;AUTOCONTROL;30.0;8.2;233.0;;11.2;23.9;1.0;1.5;144.0;;0.0;;;;;;;;;;;;;;;;;19.6
RENDIC;25;EL PALOMAR;III - Atacama;Copiapó;Av. Palomar 1525;3868.0;TERMINADO;CESMEC;;2025-10-22 00:00:00;RESUMEN;AUTOCONTROL;21.0;7.55;139.0;;8.2;33.8;1.0;0.2;40.0;30.96;928.8000000000001;;;;;;;;;;;;;;;;;18.7
RENDIC;24;CHACABUCO;III - Atacama;Copiapó;Los Carreras  586;0.0;SIN CONVENIO;CESMEC;;2025-10-22 00:00:00;RESUMEN;AUTOCONTROL;142.0;7.4;242.0;;3.2;12.8;1.0;1;72.0;;0.0;;;;;;;;;;;;;;;;;22.1
RENDIC;472;CALDERA I;III - Atacama;Caldera;Batallon Atacama 319;0.0;CONVENIO;CESMEC;;2025-10-22 00:00:00;RESUMEN;AUTOCONTROL;15.0;6.94;302.0;;22.2;70.7;3.0;0.1;44.0;;0.0;;;;;;;;;;;;;;;;;24.28
RENDIC;34;LA CHIMBA;II - Antofagasta;Antofagasta;Pedro Aguirre Cerda 8700;0.0;SIN CONVENIO;CESMEC;;2025-10-23 00:00:00;RESUMEN;AUTOCONTROL;22.0;7.71;123.0;;6.5;25.6;1.0;0.5;36.0;1.16;34.8;;;;;;;;;;;;;;;;;21.61
RENDIC;7;VALLENAR I;III - Atacama;Vallenar;Brasil 663;0.0;CONVENIO;CESMEC;;2025-10-24 00:00:00;RESUMEN;AUTOCONTROL;2.0;7.91;20.0;;3.1;4.3;1.0;0.3;8.0;1.13;33.9;;;;;;;;;;;;;;;;;22.14
RENDIC;32;CHAÑARCILLO;III - Atacama;Copiapó;Chacabuco Nº 231;0.0;CONVENIO;CESMEC;;2025-10-21 00:00:00;RESUMEN;AUTOCONTROL;9.0;7.9;461.0;;12.0;16.4;3.0;0.1;56.0;;0.0;;;;;;;;;;;;;;;;;18.4
MAYORISTA;3143;M10 TEMUCO IV;IX - Araucanía;Temuco;Francisco Salazar 01650;4422.0;CONVENIO;CESMEC;;2025-10-23 00:00:00;RESUMEN;AUTOCONTROL;4.0;7.24;25.0;;1.7;6.1;1.0;17;4.0;3;90.0;;;;;;;;;;;;;;;;;14.85
MAYORISTA;3022;M10 TEMUCO II;IX - Araucanía;Temuco;Pedro De Valdivia 2285;3721.0;CONVENIO;CESMEC;;2025-10-23 00:00:00;RESUMEN;AUTOCONTROL;4.0;7.3;310.0;;8.7;27.3;10.0;35;84.0;;0.0;;;;;;;;;;;;;;;;;14.9
RENDIC;9139;CD LO AGUIRRE;RM - Santiago;Pudahuel;CAMINO LO AGUIRRE SUR 537;3552.0;SIN CONVENIO;CESMEC;;2025-10-27 00:00:00;RESUMEN;AUTOCONTROL;8.1;7.58;84.0;;3.5;24.88;2.0;0.5;44.0;0.68;20.400000000000002;;;;;;;;;;10.0;;;;;;;21.07
RENDIC;28;PARQUE;II - Antofagasta;Antofagasta;Av. Jose Miguel Carrera 1527;0.0;SIN CONVENIO;CESMEC;;2025-08-27 00:00:00;RESUMEN;CONTROL DIRECTO;14.0;7.51;23.0;;;3.6;0.8;0.2;25.0;4.073;122.19000000000001;;;;;;;;;;;;;;;2726.0;;21.6
RENDIC;6;SINDEMPART;IV - Coquimbo;Coquimbo;El Sauce 981;0.0;SIN CONVENIO;CESMEC;;2025-10-15 00:00:00;RESUMEN;AUTOCONTROL;2.0;8.78;1110.0;;9.8;6.8;5.0;0.1;140.0;0.88;26.4;;;;;;;;;;;;;;;;;17.06
RENDIC;14;COPIAPO;III - Atacama;Copiapó;Av. Henrriquez N° 523;0.0;CONVENIO;CESMEC;;2025-10-23 00:00:00;RESUMEN;AUTOCONTROL;8.0;7.18;238.0;;8.4;17.6;1.0;0.1;40.0;0.77;23.1;;;;;;;;;;;;;;;;;23.92
RENDIC;23;LOS CARRERAS;III - Atacama;Copiapó;Los Carrera 479;0.0;SIN CONVENIO;CESMEC;;2025-10-23 00:00:00;RESUMEN;AUTOCONTROL;9.0;7.7;439.0;;14.4;56.8;3.0;0.1;60.0;;0.0;;;;;;;;;;;;;;;;;22.8
LOGISTICA;9051;CD NUEVO COQUIMBO;IV - Coquimbo;Coquimbo;PAN DE AZUCAR S/N;0.0;SIN CONVENIO;CESMEC;;2025-10-28 00:00:00;COMPLETO;AUTOCONTROL;2.3;7.7;10.0;;1.2;;2.0;;10.0;;0.0;0.1;0.002;0.1863;0.01;0.1;0.05;0.05;;0.05;5.0;0.0159;0.001;0.05;0.01;193.0;0.5;22.3
RENDIC;477;CURAUMA;V - Valparaiso;Valparaíso;Obispo Valdes 1170;2721.0;SIN CONVENIO;CESMEC;;2025-11-03 00:00:00;RESUMEN;AUTOCONTROL;82.7;7.53;481.0;;8.5;30.61;2.0;3;235.7;1.08;32.400000000000006;;;;;;;;;;;;;;;;;20.46
MAYORISTA;3503;S10 PORTALES;RM - Santiago;San Bernardo;Av. Portales Oriente 1701;0.0;SIN CONVENIO;AGUAS ANDINAS;;2025-07-23 00:00:00;RESUMEN;CONTROL DIRECTO;25.0;8.85;150.0;;5.14;34.44;0.8;1;140.0;;0.0;;;;;;;;;;;;;;;;;21.6
RENDIC;465;PUERTO NATALES;XII - Magallanes;Puerto Natales;Bulnes 742;1133.0;SIN CONVENIO;CESMEC;;2025-10-24 00:00:00;RESUMEN;AUTOCONTROL;4.0;7.39;121.0;;3.4;4.77;9.0;0.5;34.0;1.35;40.5;;;;;;;;;;;;;;;;;11.5
RENDIC;3014;M10 SAN FERNANDO;VI - O'Higgins;San Fernando;Chillan 745;1298.0;TERMINADO;CESMEC;;2025-10-02 00:00:00;RESUMEN;AUTOCONTROL;16.0;7.46;290.0;;15.0;33.1;1.0;1;148.0;0.81;24.3;;;;;;;;;;;;;;;;;16.67
ALVI;3197;ALVI PICARTE VALDIVIA;XIV - Los Ríos;Valdivia;Av. Ramon Picarte 2593;1961.0;CONVENIO;ANAM;;2025-10-22 00:00:00;RESUMEN;CONTROL DIRECTO;14.0;8.74;249.0;;9.0;76.63;2.0;1.2;79.0;0.088;2.6399999999999997;;;;;;;;;;;;;;;;;10.3
RENDIC;763;JUAN SOLER;X - Los Lagos;Puerto Montt;Juan Soler Manfredini 51;0.0;SIN CONVENIO;SURALIS;;2025-10-24 00:00:00;RESUMEN;CONTROL DIRECTO;20.0;7.9;381.0;;11.5;72.2;2.0;24;284.0;7;210.0;;;;;;;;;;;;;;;;;15.6
RENDIC;777;CENTRAL;X - Los Lagos;Osorno;Patricio Lynch 1278;3684.0;CONVENIO;ANAM;;2025-10-14 00:00:00;RESUMEN;CONTROL DIRECTO;14.0;7.3;357.0;;10.0;45.8;20.0;1;204.0;2;60.0;;;;;;;;;;;;;;;;;12.4
RENDIC;789;FRUTILLAR III;X - Los Lagos;Frutillar;Arturo Alessandri 381;0.0;SIN CONVENIO;SURALIS;;2025-11-03 00:00:00;RESUMEN;CONTROL DIRECTO;14.0;7.7;227.0;;7.3;45.8;2.0;2;149.0;11;330.0;;;;;;;;;;;;;;;;;13.9
RENDIC;771;MIRASOL;X - Los Lagos;Puerto Montt;Av. La Cruz 2006;3723.0;SIN CONVENIO;SURALIS;;2025-11-06 00:00:00;RESUMEN;CONTROL DIRECTO;14.0;7.62;172.0;;14.5;147.5;2.0;0.5;67.0;;0.0;;;;;;;;;;;;;;;;;19.9
RENDIC;778;ORIENTE;X - Los Lagos;Osorno;Julio Buschman 2223;2867.0;CONVENIO;SURALIS;;2025-10-27 00:00:00;RESUMEN;CONTROL DIRECTO;44.0;8.9;1130.0;;12.2;25.8;2.0;5;640.0;12;360.0;;;;;;;;;;;;;;;;;12.9
RENDIC;780;VICTORIA;X - Los Lagos;Osorno;Victoria 367 Rahue Bajo;1362.0;SIN CONVENIO;SURALIS;;2025-10-24 00:00:00;RESUMEN;CONTROL DIRECTO;14.0;6.9;133.0;;9.0;28.6;2.0;0.5;54.0;1;30.0;;;;;;;;;;;;;;;;;15
RENDIC;111;CALAMA II;II - Antofagasta;Calama;Aconcagua 2588;2966.0;SIN CONVENIO;CESMEC;;2025-11-07 00:00:00;RESUMEN;AUTOCONTROL;23.7;7.73;146.0;;6.0;19.41;2.0;0.5;60.0;1.03;30.900000000000002;;;;;;;;;;;;;;;;;22.94
RENDIC;46;CALAMA I;II - Antofagasta;Calama;Granaderos 3180;3035.0;SIN CONVENIO;CESMEC;;2025-11-07 00:00:00;RESUMEN;AUTOCONTROL;73.6;7.7;629.0;;22.3;8.88;12.0;0.5;178.0;;0.0;;;;;;;;;;;;;;;;;21.44
RENDIC;34;LA CHIMBA;II - Antofagasta;Antofagasta;Pedro Aguirre Cerda 8700;0.0;SIN CONVENIO;CESMEC;;2025-11-05 00:00:00;RESUMEN;AUTOCONTROL;24.6;7.61;212.0;;8.0;30.61;3.0;0.5;77.0;1.04;31.200000000000003;;;;;;;;;;;;;;;;;23.3
RENDIC;7;VALLENAR I;III - Atacama;Vallenar;Brasil 663;0.0;CONVENIO;CESMEC;;;RESUMEN;AUTOCONTROL;;;;;;;;;;0;0.0;;;;;;;;;;;;;;;;;
RENDIC;16;VALLENAR II;III - Atacama;Vallenar;Arturo Prat 2350;0.0;TERMINADO;CESMEC;;;RESUMEN;AUTOCONTROL;;;;;;;;;;0;0.0;;;;;;;;;;;;;;;;;
RENDIC;22;ATACAMA;III - Atacama;Copiapó;Los Carreras 2242;2666.0;CONVENIO;CESMEC;;2025-11-25 00:00:00;RESUMEN;AUTOCONTROL;25.2;7.33;197.0;;12.4;26.2;2.0;0.5;72.7;224;6720.0;;;;;;;;;;;;;;;;;20.85
RENDIC;23;LOS CARRERAS;III - Atacama;Copiapó;Los Carrera 479;0.0;SIN CONVENIO;CESMEC;;2025-11-26 00:00:00;RESUMEN;AUTOCONTROL;9.1;7.55;251.0;;13.2;25.3;7.0;0.5;30.0;0.78;23.400000000000002;;;;;;;;;;;;;;;;;23.14
RENDIC;24;CHACABUCO;III - Atacama;Copiapó;Los Carreras  586;0.0;SIN CONVENIO;CESMEC;;2025-11-25 00:00:00;RESUMEN;AUTOCONTROL;6.3;7.38;11.0;;9.3;23.1;2.0;0.5;10.8;0;0.0;;;;;;;;;;;;;;;;;23.86
RENDIC;32;CHAÑARCILLO;III - Atacama;Copiapó;Chacabuco Nº 231;0.0;CONVENIO;CESMEC;;2025-11-26 00:00:00;RESUMEN;AUTOCONTROL;25.4;7.53;225.0;;12.8;20.1;3.0;1.5;70.7;2.47;74.10000000000001;;;;;;;;;;;;;;;;;22.43
RENDIC;465;PUERTO NATALES;XII - Magallanes;Puerto Natales;Bulnes 742;1133.0;SIN CONVENIO;CESMEC;;;RESUMEN;AUTOCONTROL;;;;;;;;;;0;0.0;;;;;;;;;;;;;;;;;
RENDIC;472;CALDERA I;III - Atacama;Caldera;Batallon Atacama 319;0.0;CONVENIO;CESMEC;;2025-11-24 00:00:00;RESUMEN;AUTOCONTROL;3.8;7.65;55.0;;2.3;19.8;7.0;0.5;15.4;0;0.0;;;;;;;;;;;;;;;;;22.04
MAYORISTA;3014;M10 SAN FERNANDO;VI - O'Higgins;San Fernando;Chillan 745;1298.0;TERMINADO;CESMEC;;2025-11-26 00:00:00;RESUMEN;AUTOCONTROL;70.6;7.58;654.0;;10.8;25.4;11.0;0.5;312.0;0.71;21.299999999999997;;;;;;;;;;;;;;;;;21.56
LOGISTICA;9051;CD NUEVO COQUIMBO;IV - Coquimbo;Coquimbo;PAN DE AZUCAR S/N;0.0;SIN CONVENIO;CESMEC;;2025-11-19 00:00:00;COMPLETO;AUTOCONTROL;9.2;7.8;39.0;;1.4;25.0;2.0;;16.7;0;0.0;0.2253;0.002;0.3102;0.01;0.1;0.057;0.05;0.05;0.05;5.0;0.0247;0.001;0.05;0.01;232.0;0.5;21.9
LOGISTICA;9139;CD LO AGUIRRE;RM - Santiago;Pudahuel;CAMINO LO AGUIRRE SUR 537;3552.0;SIN CONVENIO;CESMEC;;2025-11-25 00:00:00;RESUMEN;AUTOCONTROL;14.5;6.65;66.0;;3.8;25.99;4.0;0.5;12.8;1.77;53.1;;;;;;;;;;10.0;;;;;;;18.61
RENDIC;344;CURICO ALAMEDA;VII - Maule;Curicó;Estado 43;4530.0;SIN CONVENIO;CESMEC;;2025-11-27 00:00:00;RESUMEN;AUTOCONTROL;;;;;;;;;;0.67;20.1;;;;;;;;;;;;;;;;;
RENDIC;555;GRANEROS;VI - O'Higgins;Graneros;Obispo Rafael Lira 042;4574.0;SIN CONVENIO;CESMEC;;2025-11-27 00:00:00;RESUMEN;AUTOCONTROL;24.2;7.5;361.0;;4.5;12.0;37.0;5;167.0;0.33;9.9;;;;;;;;;;;;;;;;;20.89
RENDIC;5;LAS COMPAÑIAS;IV - Coquimbo;La Serena;Nicaragua 1571;2644.0;SIN CONVENIO;CESMEC;;2025-12-18 00:00:00;COMPLETO;AUTOCONTROL;9.1;7.56;231.0;;4.8;18.0;8.0;0.5;41.0;1.08;32.400000000000006;0.5942;0.003;0.5123;0.002;0.002;0.1359;0.0585;0.11;0.04;0.0;0.0648;0.001;0.0747;0.04;246.0;0.03;22.5
RENDIC;7;VALLENAR I;III - Atacama;Vallenar;Brasil 663;0.0;CONVENIO;CESMEC;;2025-12-29 00:00:00;RESUMEN;AUTOCONTROL;3.0;6.84;496.0;;8.3;4.5;15.0;0.6;71.0;;0.0;;;;;;;;;;;;;;;;;21.23
RENDIC;16;VALLENAR II;III - Atacama;Vallenar;Arturo Prat 2350;0.0;TERMINADO;CESMEC;;2025-12-29 00:00:00;RESUMEN;AUTOCONTROL;8.9;7.26;12.0;;0.3;3.9;3.0;0.2;25.0;;0.0;;;;;;;;;;;;;;;;;22.75
RENDIC;17;LOS ALAMOS;IV - Coquimbo;Coquimbo;Los Alamos 580;2643.0;TERMINADO;CESMEC;;2025-12-15 00:00:00;COMPLETO;AUTOCONTROL;12.3;8.04;144.0;;5.5;30.0;2.0;0.3;42.0;3.42;102.6;0.1408;0.005;0.5614;0.002;0.002;0.163;0.0701;0.05;0.03;0.0;0.0279;0.001;0.015;0.04;234.0;0.03;22.8
RENDIC;22;ATACAMA;III - Atacama;Copiapó;Los Carreras 2242;2666.0;CONVENIO;CESMEC;;2025-12-17 00:00:00;RESUMEN;AUTOCONTROL;27.8;7.18;360.0;;12.5;70.0;3.0;0.4;63.0;0.18;5.3999999999999995;;;;;;;;;;;;;;;;;21.34
RENDIC;23;LOS CARRERAS;III - Atacama;Copiapó;Los Carrera 479;0.0;SIN CONVENIO;CESMEC;;2025-12-17 00:00:00;RESUMEN;AUTOCONTROL;16.1;7.53;382.0;;13.0;47.0;10.0;0.2;61.0;5;150.0;;;;;;;;;;;;;;;;;21.86
RENDIC;24;CHACABUCO;III - Atacama;Copiapó;Los Carreras  586;0.0;SIN CONVENIO;CESMEC;;2025-12-29 00:00:00;RESUMEN;AUTOCONTROL;9.8;6.84;13.0;;4.5;13.0;2.0;0.1;7.2;;0.0;;;;;;;;;;;;;;;;;21.23
RENDIC;25;EL PALOMAR;III - Atacama;Copiapó;Av. Palomar 1525;3868.0;TERMINADO;CESMEC;;2025-12-29 00:00:00;RESUMEN;AUTOCONTROL;2.0;7.3;134.0;;8.0;25.0;2.0;0.1;28.0;;313.0;;;;;;;;;;;;;;;;;23.35
RENDIC;32;CHAÑARCILLO;III - Atacama;Copiapó;Chacabuco Nº 231;0.0;CONVENIO;CESMEC;;2025-12-17 00:00:00;RESUMEN;AUTOCONTROL;10.1;7.24;33.0;;10.5;55.0;3.0;1;38.0;0.2;6.0;;;;;;;;;;;;;;;;;21.48
RENDIC;46;CALAMA I;II - Antofagasta;Calama;Granaderos 3180;3035.0;SIN CONVENIO;CESMEC;;2025-12-19 00:00:00;COMPLETO;AUTOCONTROL;110.3;7.61;919.0;;6.8;35.0;5.0;1;258.0;;0.0;0.4713;0.009;4.0279;0.002;0.002;0.2854;0.2066;0.05;0.03;4.9;0.0712;0.001;0.015;0.04;292.0;0.03;22.89
RENDIC;86;BILBAO;I - Tarapacá;Iquique;Fco.Bilbao 3545;4049.0;CONVENIO;CESMEC;;2025-12-22 00:00:00;COMPLETO;AUTOCONTROL;30.4;6.76;420.0;;12.0;26.0;3.0;5;110.0;0.32;9.6;;;;;;;;;;;;;;;;;24.84
RENDIC;103;VIVAR;I - Tarapacá;Iquique;Vivar 786;4420.0;CONVENIO;CESMEC;;2025-12-18 00:00:00;RESUMEN;AUTOCONTROL;9.7;6.96;323.0;;3.1;10.0;13.0;1.2;53.0;18.84;565.2;0.4398;0.006;4.3451;0.002;0.002;0.1549;0.0533;0.05;0.03;0.0;0.0479;0.001;0.015;0.04;397.0;0.03;23.5
RENDIC;105;IQUIQUE CENTRO;I - Tarapacá;Iquique;Tarapaca 579;4051.0;TERMINADO;CESMEC;;2025-12-29 00:00:00;COMPLETO;AUTOCONTROL;2.4;7.86;110.0;;7.0;30.0;2.0;0.3;23.0;1.24;37.2;;;;;;;;;;;;;;;;;23.86
RENDIC;106;LOS MOLLES;I - Tarapacá;Iquique;Santiago Polanco 2251;4050.0;CONVENIO;CESMEC;;2025-12-18 00:00:00;RESUMEN;AUTOCONTROL;8.2;6.83;133.0;;9.0;28.0;2.0;1;35.0;0.31;9.3;;;;;;;;;;;;;;;;;23.34
RENDIC;111;CALAMA II;II - Antofagasta;Calama;Aconcagua 2588;2966.0;SIN CONVENIO;CESMEC;;2025-12-19 00:00:00;RESUMEN;AUTOCONTROL;19.5;7.96;285.0;;6.5;18.0;2.0;1.2;76.0;0.94;28.2;;;;;;;;;;;;;;;;;24.16
RENDIC;344;CURICO ALAMEDA;VII - Maule;Curicó;Estado 43;4530.0;SIN CONVENIO;CESMEC;;2025-12-22 00:00:00;RESUMEN;AUTOCONTROL;14.8;7.36;362.0;;5.5;21.0;2.0;2.5;148.0;0.94;28.2;;;;;;;;;;;;;;;;;23.29
RENDIC;375;ARAUCO;XIV - Los Ríos;Valdivia;Arauco 697;3420.0;CONVENIO;CESMEC;;2025-12-16 00:00:00;COMPLETO;AUTOCONTROL;14.6;6.91;199.0;;7.5;25.0;2.0;0.5;60.0;4;120.0;0.2108;0.003;0.05;0.002;0.002;0.1279;0.083;0.05;0.03;0.0;0.0378;0.001;0.015;0.04;16.0;0.04;13.64
RENDIC;375;ARAUCO;XIV - Los Ríos;Valdivia;Arauco 697;3420.0;CONVENIO;CESMEC;;;COMPLETO;AUTOCONTROL;;;;;;;;;;;0.0;;;;;;;;;;;;;;;;;
RENDIC;465;PUERTO NATALES;XII - Magallanes;Puerto Natales;Bulnes 742;1133.0;SIN CONVENIO;CESMEC;;2025-12-19 00:00:00;VDD;AUTOCONTROL;;;;;;;;;;21.7;651.0;;;;;;;;;;;;;;;;;
RENDIC;458;ESPAÑA AUSTRAL;XII - Magallanes;Punta Arenas;Av. España 01375;1306.0;SIN CONVENIO;CESMEC;;2025-12-26 00:00:00;COMPLETO;AUTOCONTROL;9.0;7.98;281.0;;12.8;54.6;6.0;0.5;128.0;1.66;49.8;0.48;0.002;0.05;0.001;0.01;0.104;0.043;0.01;0.02;2.0;0.04;0.0005;0.01;0.01;44.62;0.1;12.2
RENDIC;459;ALLENDE AUSTRAL;XII - Magallanes;Punta Arenas;Salvador Allende 0399;3735.0;SIN CONVENIO;CESMEC;;2025-12-15 00:00:00;COMPLETO;AUTOCONTROL;7.0;6.13;192.0;;4.3;5.15;17.0;0.5;84.0;6;180.0;0.49;0.001;0.05;0.001;0.01;0.104;0.043;0.01;0.02;2.0;0.04;0.0005;0.01;0.01;32.9;0.2;14.8
RENDIC;461;ZENTENO AUSTRAL;XII - Magallanes;Punta Arenas;Capitan Guillermo 05;3736.0;SIN CONVENIO;CESMEC;;2025-12-17 00:00:00;COMPLETO;AUTOCONTROL;2.0;6.6;90.0;;3.1;3.97;20.0;0.5;12.0;6;180.0;0.27;0.002;0.05;0.001;0.01;0.062;0.021;0.01;0.02;2.0;0.07;0.005;0.01;0.01;39.18;0.1;13.6
RENDIC;463;BORIES AUSTRAL;XII - Magallanes;Punta Arenas;Gobernador Bories 647;3739.0;SIN CONVENIO;CESMEC;;2025-12-17 00:00:00;COMPLETO;AUTOCONTROL;7.0;7.01;181.0;;10.7;10.92;2.0;0.5;82.0;16.45;493.5;0.38;0.003;0.05;0.001;0.01;0.104;0.083;0.01;0.02;2.0;0.06;0.0005;0.01;0.01;3.91;0.1;11.9
RENDIC;472;CALDERA I;III - Atacama;Caldera;Batallon Atacama 319;0.0;CONVENIO;CESMEC;;2025-12-19 00:00:00;RESUMEN;AUTOCONTROL;18.8;6.63;185.0;;4.5;15.0;2.0;0.5;56.0;;394.0;;;;;;;;;;;;;;;;;22.2
RENDIC;576;CASTRO I;X - Los Lagos;Castro;O'Higgins 711;3875.0;SIN CONVENIO;CESMEC;;2025-12-29 00:00:00;COMPLETO;AUTOCONTROL;10.1;6.58;306.0;;6.5;15.0;2.0;5.1;80.0;2.6;78.0;0.7746;0.003;0.05;0.002;0.002;0.2371;0.0572;0.05;0.03;0.17;0.0911;0.001;0.015;0.04;10.0;0.04;9.9
RENDIC;645;MEMBRILLAR;VI - O'Higgins;Rancagua;Av. Membrillar 10;84.0;SIN CONVENIO;CESMEC;;;RESUMEN;AUTOCONTROL;;;;;;;;;;;0.0;;;;;;;;;;;;;;;;;
RENDIC;771;MIRASOL;X - Los Lagos;Puerto Montt;Av. La Cruz 2006;3723.0;SIN CONVENIO;CESMEC;;2025-12-11 00:00:00;COMPLETO;AUTOCONTROL;91.9;6.88;518.0;;8.8;16.5;2.0;14;504.0;2;60.0;3.9428;0.003;0.0649;0.002;0.002;1.2279;0.8822;0.05;0.03;11.45;0.1266;0.001;0.015;0.04;10.0;0.03;20.08
RENDIC;777;CENTRAL;X - Los Lagos;Osorno;Patricio Lynch 1278;3684.0;CONVENIO;CESMEC;;2025-12-30 00:00:00;COMPLETO;AUTOCONTROL;7.8;6.34;223.0;;1.5;3.5;8.0;0.1;77.0;0.8;24.0;0.2889;0.003;0.3757;0.002;0.003;0.1169;0.1327;0.05;0.03;0.0;0.0536;0.001;0.015;0.04;19.0;0.03;19.71
RENDIC;778;ORIENTE;X - Los Lagos;Osorno;Julio Buschman 2223;2867.0;CONVENIO;CESMEC;;2026-12-23 00:00:00;COMPLETO;AUTOCONTROL;29.3;6.09;238.0;;5.8;25.0;2.0;4;98.0;8;240.0;2.4901;0.003;0.0589;0.002;0.002;1.2371;0.2996;0.05;0.03;0.2;0.2323;0.001;0.015;0.04;10.0;0.03;13.77
RENDIC;780;VICTORIA;X - Los Lagos;Osorno;Victoria 367 Rahue Bajo;1362.0;SIN CONVENIO;CESMEC;;2025-12-30 00:00:00;COMPLETO;AUTOCONTROL;11.9;7.2;90.0;;5.1;4.8;3.0;2.5;41.0;0.7;21.0;0.3173;0.003;0.1662;0.002;0.004;0.1221;0.1178;0.05;0.03;0.0;0.0527;0.001;0.015;0.04;46.0;0.03;18.91
MAYORISTA;3014;M10 SAN FERNANDO;VI - O'Higgins;San Fernando;Chillan 745;1298.0;TERMINADO;CESMEC;;2025-12-26 00:00:00;COMPLETO;AUTOCONTROL;12.9;7.46;161.0;;11.0;29.0;10.0;1.5;78.0;2.61;78.3;0.1785;0.003;0.1675;0.002;0.002;0.1724;0.1139;0.05;0.03;0.0;0.0456;0.001;0.015;0.04;217.0;0.03;23.21
MAYORISTA;3022;M10 TEMUCO II;IX - Araucanía;Temuco;Pedro De Valdivia 2285;3721.0;CONVENIO;CESMEC;;;COMPLETO;AUTOCONTROL;;;;;;;;;;;0.0;;;;;;;;;;;;;;;;;
MAYORISTA;3197;ALVI PICARTE VALDIVIA;XIV - Los Ríos;Valdivia;Av. Ramon Picarte 2593;1961.0;CONVENIO;CESMEC;;2025-12-29 00:00:00;COMPLETO;AUTOCONTROL;2.6;6.98;25.0;;11.0;27.0;6.0;0.4;23.0;4;;1.1669;0.003;0.05;0.002;0.002;0.1271;0.0936;0.05;0.03;0.05;0.0211;0.001;0.015;0.04;12.0;0.03;16.56
MAYORISTA;3143;M10 TEMUCO IV;IX - Araucanía;Temuco;Francisco Salazar 01650;4422.0;CONVENIO;CESMEC;;2025-12-17 00:00:00;COMPLETO;AUTOCONTROL;11.6;7.23;45.0;;2.0;8.0;5.0;1.5;17.0;;424.0;;;;;;;;;;;;;;;;;17.34
LOGISTICA;9051;CD NUEVO COQUIMBO;IV - Coquimbo;Coquimbo;PAN DE AZUCAR S/N;0.0;SIN CONVENIO;CESMEC;;2025-12-16 00:00:00;COMPLETO;AUTOCONTROL;9.6;7.5;12.0;;3.3;14.0;2.0;;52.0;;;0.1039;0.003;0.3387;0.002;0.002;0.071;0.006;;0.03;2.0;0.0288;0.001;0.015;0.04;197.0;0.03;23.1
LOGISTICA;9139;CD LO AGUIRRE;RM - Santiago;Pudahuel;CAMINO LO AGUIRRE SUR 537;3552.0;SIN CONVENIO;CESMEC;;2025-12-29 00:00:00;RESUMEN;AUTOCONTROL;4.4;6.89;47.0;;3.0;25.0;4.0;0.4;6.0;59.04;1771.2;;;;;;;;;;0.0;;;;;;;18.95
RENDIC;6;SINDEMPART;IV - Coquimbo;Coquimbo;El Sauce 981;0.0;SIN CONVENIO;CESMEC;;2025-12-23 00:00:00;RESUMEN;AUTOCONTROL;13.9;7.86;214.0;;5.5;14.0;2.0;0.5;33.0;0.71;21.299999999999997;;;;;;;;;;;;;;;;;22.86
RENDIC;442;COYHAIQUE;XI - Aysén;Coyhaique;Lautaro 331;1320.0;SIN CONVENIO;AGUAS PATAGONIA;;2025-12-16 00:00:00;COMPLETO;AUTOCONTROL;0.5;7.27;55.1;;4.15;17.0;2.0;0.1;12.0;41.6;1248.0;0.042;0.001;0.02;0.002;0.02;0.047;0.005;0.005;0.02;0.5;0.01;0.0005;0.01;0.02;15.6;0.1;10.8
RENDIC;905;VICENTE VALDES;RM - Santiago;La Florida;Vicuña Mackenna 7802;0.0;SIN CONVENIO;AGUAS ANDINAS;;2025-10-09 00:00:00;RESUMEN;CONTROL DIRECTO;83.0;8.72;584.0;;8.13;53.02;4.7;10;333.0;0;0.0;;;;;;;;;;;;;;;;;27.1
RENDIC;778;ORIENTE;X - Los Lagos;Osorno;Julio Buschman 2223;2867.0;CONVENIO;SURALIS;;2025-11-14 00:00:00;RESUMEN;CONTROL DIRECTO;14.0;7.3;183.0;;7.9;74.9;2.0;0.5;75.0;11.9;357.0;;;;;;;;;;;;;;;;;13.2
RENDIC;777;CENTRAL;X - Los Lagos;Osorno;Patricio Lynch 1278;3684.0;CONVENIO;ANAM;;2025-11-06 00:00:00;RESUMEN;CONTROL DIRECTO;35.0;6.9;890.0;;8.6;12.85;39.0;0.5;553.0;2.5;75.0;;;;;;;;;;;;;;;;;14.2
RENDIC;576;CASTRO I;X - Los Lagos;Castro;O'Higgins 711;3875.0;SIN CONVENIO;SURALIS;;2025-11-21 00:00:00;RESUMEN;CONTROL DIRECTO;21.0;7.8;409.0;;12.8;49.67;8.0;0.5;165.0;5.5;165.0;;;;;;;;;;;;;;;;;15.4
RENDIC;544;PURRANQUE;X - Los Lagos;Purranque;Eleuterio Ramirez 549;0.0;SIN CONVENIO;SURALIS;;2025-11-30 00:00:00;RESUMEN;CONTROL DIRECTO;26.0;7.6;273.0;;7.6;38.7;2.0;1.5;133.0;4.9;147.0;;;;;;;;;;;;;;;;;19.4
RENDIC;773;LLANQUIHUE;X - Los Lagos;Llanquihue;Baquedano 612;0.0;SIN CONVENIO;SURALIS;;2025-11-21 00:00:00;RESUMEN;CONTROL DIRECTO;16.0;7.8;95.0;;4.3;12.9;2.0;3;64.0;5.3;159.0;;;;;;;;;;;;;;;;;14.4
RENDIC;769;CALBUCO;X - Los Lagos;Calbuco;Federico Errazuriz 211;0.0;SIN CONVENIO;SURALIS;;2025-11-27 00:00:00;RESUMEN;CONTROL DIRECTO;29.0;7.1;546.0;;13.1;68.63;2.0;1.5;252.0;3.6;108.0;;;;;;;;;;;;;;;;;14.8
RENDIC;763;JUAN SOLER;X - Los Lagos;Puerto Montt;Juan Soler Manfredini 51;0.0;SIN CONVENIO;SURALIS;;2025-11-27 00:00:00;RESUMEN;CONTROL DIRECTO;35.0;6.9;232.0;;6.3;36.38;2.0;0.5;110.0;6.85;205.5;;;;;;;;;;;;;;;;;15
RENDIC;17;LOS ALAMOS;IV - Coquimbo;Coquimbo;Los Alamos 580;2643.0;TERMINADO;BIODIVERSA;;2025-11-11 00:00:00;RESUMEN;CONTROL DIRECTO;19.42;8.7;242.0;;6.92;55.8;2.0;1;153.5;0.623;18.69;;;;;;;;;;;;;;;;;18.1
RENDIC;7;VALLENAR I;III - Atacama;Vallenar;Brasil 663;0.0;CONVENIO;CESMEC;;2026-01-16 00:00:00;RESUMEN;AUTOCONTROL;35.7;6.63;520.0;;3.2;6.3;2.0;0.3;66.0;0;0.0;;;;;;;;;;;;;;;;;20.4
RENDIC;14;COPIAPO;III - Atacama;Copiapó;Av. Henrriquez N° 523;0.0;CONVENIO;;;2026-01-05 00:00:00;RESUMEN;AUTOCONTROL;13.5;7.45;296.0;;9.5;45.0;2.0;0.2;38.0;0;0.0;;;;;;;;;;;;;;;;;21.43
RENDIC;16;VALLENAR II;III - Atacama;Vallenar;Arturo Prat 2350;0.0;TERMINADO;CESMEC;;2026-01-16 00:00:00;RESUMEN;AUTOCONTROL;9.8;7.4;16.0;;0.4;8.1;2.0;0.1;5.0;0;0.0;;;;;;;;;;;;;;;;;22.59
RENDIC;23;LOS CARRERAS;III - Atacama;Copiapó;Los Carrera 479;0.0;SIN CONVENIO;CESMEC;;2026-01-08 00:00:00;RESUMEN;AUTOCONTROL;18.9;7.41;344.0;;7.3;15.0;8.0;0.1;50.0;0;0.0;;;;;;;;;;;;;;;;;22.44
RENDIC;24;CHACABUCO;III - Atacama;Copiapó;Los Carreras  586;0.0;SIN CONVENIO;CESMEC;;2026-01-08 00:00:00;RESUMEN;AUTOCONTROL;12.1;7.36;43.0;;2.3;16.0;3.0;0.1;30.0;0;0.0;;;;;;;;;;;;;;;;;21.56
RENDIC;32;CHAÑARCILLO;III - Atacama;Copiapó;Chacabuco Nº 231;0.0;CONVENIO;CESMEC;;2026-01-08 00:00:00;RESUMEN;AUTOCONTROL;21.6;7.45;196.0;;7.2;12.0;6.0;0.5;60.0;0;0.0;;;;;;;;;;;;;;;;;21.43
RENDIC;344;CURICO ALAMEDA;VII - Maule;Curicó;Estado 43;4530.0;SIN CONVENIO;CESMEC;;2026-01-22 00:00:00;RESUMEN;AUTOCONTROL;17.3;7.41;217.0;;5.0;41.3;2.0;1.5;83.0;1.85;55.5;;;;;;;;;;;;;;;;;24.65
RENDIC;465;PUERTO NATALES;XII - Magallanes;Puerto Natales;Bulnes 742;1133.0;SIN CONVENIO;;;;VDD;AUTOCONTROL;;;;;;;;;;0;0.0;;;;;;;;;;;;;;;;;
RENDIC;472;CALDERA I;III - Atacama;Caldera;Batallon Atacama 319;0.0;CONVENIO;CESMEC;;2026-01-19 00:00:00;RESUMEN;AUTOCONTROL;14.0;6.59;375.0;;15.0;16.9;2.0;0.3;55.0;0;0.0;;;;;;;;;;;;;;;;;23.19
RENDIC;477;CURAUMA;V - Valparaiso;Valparaíso;Obispo Valdes 1170;2721.0;SIN CONVENIO;CESMEC;;2026-01-22 00:00:00;RESUMEN;AUTOCONTROL;14.2;7.21;212.0;;5.1;11.8;2.0;0.6;60.0;0.59;17.7;;;;;;;;;;;;;;;;;22.7
RENDIC;555;GRANEROS;VI - O'Higgins;Graneros;Obispo Rafael Lira 042;4574.0;SIN CONVENIO;CESMEC;;2026-01-16 00:00:00;RESUMEN;AUTOCONTROL;50.8;7.05;355.0;;7.5;26.2;4.0;4.5;148.0;2.07;62.099999999999994;;;;;;;;;;;;;;;;;25.18
ALVI;3014;M10 SAN FERNANDO;VI - O'Higgins;San Fernando;Chillan 745;1298.0;TERMINADO;CESMEC;;2026-01-21 00:00:00;RESUMEN;AUTOCONTROL;32.4;7.45;255.0;;7.2;46.2;11.0;3;112.0;1.94;58.199999999999996;;;;;;;;;;;;;;;;;24.59
LOGISTICA;9051;CD NUEVO COQUIMBO;IV - Coquimbo;Coquimbo;PAN DE AZUCAR S/N;0.0;SIN CONVENIO;;;2026-01-10 00:00:00;COMPLETO;AUTOCONTROL;2.6;7.6;92.0;;3.7;;6.0;;10.0;0;0.0;0.0909;0.003;0.3012;0.002;0.004;0.0671;0.0117;;0.03;2.0;0.0225;0.001;0.015;0.04;215.0;0.03;24.1
LOGISTICA;9139;CD LO AGUIRRE;RM - Santiago;Pudahuel;CAMINO LO AGUIRRE SUR 537;3552.0;SIN CONVENIO;CESMEC;;;RESUMEN;AUTOCONTROL;6.0;7.64;68.0;;3.0;23.0;5.0;0.5;11.0;1.14;34.199999999999996;;;;;;;;;;;;;;;;;21.9
RENDIC;375;ARAUCO;XIV - Los Ríos;Valdivia;Arauco 697;3420.0;CONVENIO;CESMEC;;2026-01-21 00:00:00;COMPLETO;AUTOCONTROL;41.7;6.63;299.0;;9.2;26.1;2.0;2;69.0;14;420.0;1.8256;0.003;0.05;0.002;0.002;0.6448;0.1153;0.05;0.03;10.0;0.0256;0.001;0.015;;10.0;0.03;21.44
RENDIC;86;BILBAO;I - Tarapacá;Iquique;Fco.Bilbao 3545;4049.0;CONVENIO;CESMEC;;2026-01-20 00:00:00;COMPLETO;AUTOCONTROL;12.1;6.76;130.0;;10.1;24.9;2.0;0.1;30.0;1.24;37.2;2.1012;0.006;3.2354;0.002;0.002;0.133;0.0207;0.05;0.03;10.0;0.0187;0.001;0.015;0.04;434.0;0.03;24.89
RENDIC;106;LOS MOLLES;I - Tarapacá;Iquique;Santiago Polanco 2251;4050.0;CONVENIO;CESMEC;;2026-01-22 00:00:00;COMPLETO;AUTOCONTROL;7.3;7.21;64.0;;8.3;24.8;6.0;0.1;28.0;0.59;17.7;0.1351;0.008;3.2197;0.002;0.002;0.1127;0.019;0.05;0.03;0.08;0.0268;0.001;0.015;0.04;338.0;0.04;22.45
MAYORISTA;3022;M10 TEMUCO II;IX - Araucanía;Temuco;Pedro De Valdivia 2285;3721.0;CONVENIO;CESMEC;;2026-01-27 00:00:00;;AUTOCONTROL;9.8;7.46;26.0;;0.9;4.6;2.0;1;83.0;0;0.0;0.7995;0.003;0.05;0.002;0.002;0.1903;0.0389;0.05;0.03;0.0;0.0241;0.001;0.015;0.04;44.0;0.03;20.56
RENDIC;645;MEMBRILLAR;VI - O'Higgins;Rancagua;Av. Membrillar 10;84.0;SIN CONVENIO;CESMEC;;2026-01-14 00:00:00;RESUMEN;AUTOCONTROL;12.0;6.88;31.0;;6.3;39.0;12.0;0.5;35.0;1.85;55.5;;;;;;;;;;;;;;;;;19.29
RENDIC;105;IQUIQUE CENTRO;I - Tarapacá;Iquique;Tarapaca 579;4051.0;TERMINADO;;;2026-01-30 00:00:00;COMPLETO;AUTOCONTROL;2.1;7.31;7.0;;0.1;29.6;2.0;0.1;2.5;7.38;221.4;0.1505;0.006;3.9756;0.002;0.002;0.0689;0.006;0.05;0.03;0.0;0.0085;0.001;0.015;0.04;452.0;0.03;22.76
RENDIC;626;EL MILAGRO;IV - Coquimbo;La Serena;Santiago Del Apostol 4063;0.0;SIN CONVENIO;BIODIVERSA;;2025-11-10 00:00:00;RESUMEN;CONTROL DIRECTO;36.23;7.3;292.0;;7.55;95.7;2.0;1;191.0;10.16;304.8;;;;;;;;;;;;;;;;;18.1
RENDIC;111;CALAMA II;II - Antofagasta;Calama;Aconcagua 2588;2966.0;SIN CONVENIO;ANAM;;2025-11-20 00:00:00;RESUMEN;CONTROL DIRECTO;153.0;7.92;516.0;;11.25;33.93;2.0;;320.0;3.635;109.05;;;;;;;;;;;;;;;;;31.2
RENDIC;7;VALLENAR I;III - Atacama;Vallenar;Brasil 663;0.0;CONVENIO;CESMEC;;2026-02-18 00:00:00;RESUMEN;AUTOCONTROL;62.2;6.75;493.1;;8.1;7.6;3.3;1.2;208.6;0;0.0;;;;;;;;;;;;;;;;;21.25
RENDIC;14;COPIAPO;III - Atacama;Copiapó;Av. Henrriquez N° 523;0.0;CONVENIO;CESMEC;;2026-02-06 00:00:00;RESUMEN;AUTOCONTROL;6.3;7.43;116.1;;4.3;16.7;10.3;0.1;18.0;0;0.0;;;;;;;;;;;;;;;;;21.31
RENDIC;22;ATACAMA;III - Atacama;Copiapó;Los Carreras 2242;2666.0;CONVENIO;CESMEC;;2026-02-07 00:00:00;RESUMEN;AUTOCONTROL;9.2;7.1;90.1;;5.3;24.2;4.3;0.2;40.0;0;0.0;;;;;;;;;;;;;;;;;21.05
RENDIC;23;LOS CARRERAS;III - Atacama;Copiapó;Los Carrera 479;0.0;SIN CONVENIO;CESMEC;;2026-02-06 00:00:00;RESUMEN;AUTOCONTROL;9.7;7.01;187.8;;32.3;46.2;21.7;2;29.3;0;0.0;;;;;;;;;;;;;;;;;21.31
RENDIC;32;CHAÑARCILLO;III - Atacama;Copiapó;Chacabuco Nº 231;0.0;CONVENIO;CESMEC;;2026-02-06 00:00:00;RESUMEN;AUTOCONTROL;18.6;7.04;105.9;;7.4;18.4;6.3;0.5;32.0;0;0.0;;;;;;;;;;;;;;;;;20.98
RENDIC;344;CURICO ALAMEDA;VII - Maule;Curicó;Estado 43;4530.0;SIN CONVENIO;PROPIO;;;VDD;AUTOCONTROL;;;;;;;;;;0;0.0;;;;;;;;;;;;;;;;;
RENDIC;375;ARAUCO;XIV - Los Ríos;Valdivia;Arauco 697;3420.0;CONVENIO;CESMEC;;2026-02-26 00:00:00;COMPLETO;AUTOCONTROL;66.9;7.39;743.6;;26.0;38.1;2.3;1.6;150.0;8;240.0;0.32;0.003;0.05;0.004;0.002;0.164;0.185;0.05;0.03;8.43;0.079;0.001;0.015;0.058;38.7;0.03;17.54
RENDIC;465;PUERTO NATALES;XII - Magallanes;Puerto Natales;Bulnes 742;1133.0;SIN CONVENIO;CESMEC;;2026-02-18 00:00:00;COMPLETO;AUTOCONTROL;3.0;7.18;660.0;;13.6;102.18;40.0;0.5;224.0;30.1;903.0;0.44;0.005;0.05;0.001;0.01;0.38;0.033;0.01;0.02;3.0;0.13;0.0005;0.01;0.01;1.45;0.2;16.5
RENDIC;472;CALDERA I;III - Atacama;Caldera;Batallon Atacama 319;0.0;CONVENIO;CESMEC;;;RESUMEN;AUTOCONTROL;;;;;;;;;;0;0.0;;;;;;;;;;;;;;;;;
ALVI;3014;M10 SAN FERNANDO;VI - O'Higgins;San Fernando;Chillan 745;1298.0;TERMINADO;CESMEC;;2026-02-27 00:00:00;RESUMEN;AUTOCONTROL;25.1;7.35;207.5;;11.7;12.3;6.3;30;145.0;3.02;;;;;;;;;;;;;;;;;;22.06
LOGISTICA;9051;CD NUEVO COQUIMBO;IV - Coquimbo;Coquimbo;PAN DE AZUCAR S/N;0.0;SIN CONVENIO;CESMEC;;2026-02-10 00:00:00;COMPLETO;AUTOCONTROL;5.2;7.9;20.2;;5.7;13.6;0.7;;18.0;0;0.0;0.084;0.003;0.415;0.004;0.002;0.071;0.01;;0.03;2.0;0.029;0.001;0.015;0.04;225.5;0.0012;23.08
LOGISTICA;9139;CD LO AGUIRRE;RM - Santiago;Pudahuel;CAMINO LO AGUIRRE SUR 537;3552.0;SIN CONVENIO;CESMEC;;2026-02-19 00:00:00;RESUMEN;AUTOCONTROL;10.0;7.51;94.6;;4.9;5.6;0.7;0.3;16.0;0.82;24.599999999999998;;;;;;;;;;;;;;;;;23.06
RENDIC;27;PAMPINO;II - Antofagasta;Antofagasta;Av. Santos Ossa 2350;0.0;SIN CONVENIO;ANAM;;2025-11-12 00:00:00;RESUMEN;CONTROL DIRECTO;20.0;6.57;118.0;;2.71;16.25;0.8;1;111.0;0;0.0;;;;;;;;;;;;;;;70.0;0.03;21.6
RENDIC;29;GRAN VIA;II - Antofagasta;Antofagasta;Av. Angamos 0159;0.0;SIN CONVENIO;ANAM;;2025-11-12 00:00:00;RESUMEN;CONTROL DIRECTO;72.0;8.57;870.0;;6.65;0.58;12.3;0.5;223.0;0;0.0;;;;;;;;;;;;;;;4839.0;;20.1
RENDIC;778;ORIENTE;X - Los Lagos;Osorno;Julio Buschman 2223;2867.0;CONVENIO;ANAM;;2025-12-10 00:00:00;RESUMEN;CONTROL DIRECTO;14.0;7.9;183.0;;25.7;76.9;2.0;0.5;183.0;15;450.0;;;;;;;;;;;;;;;;;14.4
RENDIC;777;CENTRAL;X - Los Lagos;Osorno;Patricio Lynch 1278;3684.0;CONVENIO;ANAM;;2025-12-03 00:00:00;RESUMEN;CONTROL DIRECTO;14.0;7.5;290.0;;5.6;2.8;8.0;0.5;72.0;52;1560.0;;;;;;;;;;;;;;;;;15.8
RENDIC;777;CENTRAL;X - Los Lagos;Osorno;Patricio Lynch 1278;3684.0;CONVENIO;ANAM;;2025-12-31 00:00:00;RESUMEN;CONTROL DIRECTO;7.8;6.7;223.0;;1.5;3.5;8.0;0.1;77.0;0.8;24.0;0.03;0.003;0.38;0.002;0.003;0.12;0.13;0.05;0.03;2.0;0.05;0.001;0.015;0.04;19.0;19.0;20.1
RENDIC;362;LAS TRANQUERAS;RM - Santiago;Vitacura;Vitacura 8400;0.0;SIN CONVENIO;;;2025-12-12 00:00:00;RESUMEN;CONTROL DIRECTO;34.0;8.8;161.0;;17.2;106.81;0.8;1.2;164.0;4;120.0;;;;;;;;;;;;;;;;;15.1
RENDIC;5;LAS COMPAÑIAS;IV - Coquimbo;La Serena;Nicaragua 1571;2644.0;SIN CONVENIO;CESMEC;;2026-03-18 00:00:00;RESUMEN;AUTOCONTROL;4.8;7.51;119.6;;6.5;26.3;7.3;0.1;53.0;1.01;30.3;;;;;;;;;;;;;;;;;23.7
RENDIC;7;VALLENAR I;III - Atacama;Vallenar;Brasil 663;0.0;CONVENIO;CESMEC;;2026-03-10 00:00:00;RESUMEN;AUTOCONTROL;101.6;7.23;820.8;;5.9;36.3;15.3;0.2;200.0;0;0.0;;;;;;;;;;;;;;;;;20.46
RENDIC;14;COPIAPO;III - Atacama;Copiapó;Av. Henrriquez N° 523;0.0;CONVENIO;CESMEC;;2026-03-09 00:00:00;RESUMEN;AUTOCONTROL;15.3;7.16;251.9;;9.2;12.3;3.3;0.1;19.2;0;0.0;;;;;;;;;;;;;;;;;21.05
RENDIC;16;VALLENAR II;III - Atacama;Vallenar;Arturo Prat 2350;0.0;TERMINADO;CESMEC;;2026-03-10 00:00:00;RESUMEN;AUTOCONTROL;8.6;7.01;4.3;;0.3;13.1;4.3;0.1;12.4;0;0.0;;;;;;;;;;;;;;;;;21.1
RENDIC;17;LOS ALAMOS;IV - Coquimbo;Coquimbo;Los Alamos 580;2643.0;TERMINADO;CESMEC;;2026-03-17 00:00:00;RESUMEN;AUTOCONTROL;11.6;8.0;81.4;;4.6;7.9;2.0;1.7;47.5;0.84;25.2;;;;;;;;;;;;;;;;;23.84
RENDIC;22;ATACAMA;III - Atacama;Copiapó;Los Carreras 2242;2666.0;CONVENIO;CESMEC;;2026-03-14 00:00:00;COMPLETO;AUTOCONTROL;44.6;6.6;225.5;;10.7;36.8;5.3;1;113.0;0;0.0;0.68;0.003;1.473;0.004;0.002;0.683;0.119;0.05;0.03;10.0;0.05;0.001;0.015;0.04;508.7;0.03;21.45
RENDIC;23;LOS CARRERAS;III - Atacama;Copiapó;Los Carrera 479;0.0;SIN CONVENIO;CESMEC;;2026-03-16 00:00:00;RESUMEN;AUTOCONTROL;16.7;6.74;368.8;;9.0;44.3;2.0;2;282.0;0;0.0;;;;;;;;;;;;;;;;;20.96
RENDIC;24;CHACABUCO;III - Atacama;Copiapó;Los Carreras  586;0.0;SIN CONVENIO;CESMEC;;2026-03-21 00:00:00;RESUMEN;AUTOCONTROL;4.2;6.8;15.4;;2.0;11.3;2.0;0.1;22.0;0;0.0;;;;;;;;;;;;;;;;;20.26
RENDIC;25;EL PALOMAR;III - Atacama;Copiapó;Av. Palomar 1525;3868.0;TERMINADO;CESMEC;;2026-03-23 00:00:00;COMPLETO;AUTOCONTROL;6.8;6.55;310.7;;9.6;6.4;7.3;0.3;100.0;0;0.0;1.2;0.0034;1.073;0.004;0.002;0.26;0.074;0.05;0.03;10.0;0.078;0.001;0.015;0.04;212.4;0.03;21.46
RENDIC;32;CHAÑARCILLO;III - Atacama;Copiapó;Chacabuco Nº 231;0.0;CONVENIO;CESMEC;;2026-03-09 00:00:00;RESUMEN;AUTOCONTROL;19.8;7.6;245.7;;10.3;16.8;6.3;0.5;76.0;0;0.0;;;;;;;;;;;;;;;;;21.05
RENDIC;46;CALAMA I;II - Antofagasta;Calama;Granaderos 3180;3035.0;SIN CONVENIO;CESMEC;;2026-03-13 00:00:00;RESUMEN;AUTOCONTROL;27.3;7.66;67.5;;3.4;11.2;3.3;0.1;35.0;0;0.0;;;;;;;;;;;;;;;;;21.71
RENDIC;86;BILBAO;I - Tarapacá;Iquique;Fco.Bilbao 3545;4049.0;CONVENIO;CESMEC;;2026-03-13 00:00:00;RESUMEN;AUTOCONTROL;16.8;7.06;116.0;;6.7;9.7;0.2;1.5;42.7;0.34;10.200000000000001;;;;;;;;;;;;;;;;;23.28
RENDIC;103;VIVAR;I - Tarapacá;Iquique;Vivar 786;4420.0;CONVENIO;CESMEC;;2026-03-11 00:00:00;RESUMEN;AUTOCONTROL;6.8;6.95;122.1;;4.3;9.8;2.0;0.1;22.2;0.2;6.0;;;;;;;;;;;;;;;;;23.53
RENDIC;105;IQUIQUE CENTRO;I - Tarapacá;Iquique;Tarapaca 579;4051.0;TERMINADO;CESMEC;;2026-03-06 00:00:00;COMPLETO;AUTOCONTROL;7.0;6.9;31.5;;5.5;16.1;4.3;0.1;13.6;1.08;32.400000000000006;0.18;0.008;3.407;0.004;0.002;0.054;0.019;0.05;0.03;10.0;0.01;0.001;0.015;0.04;619.7;0.03;26.05
RENDIC;106;LOS MOLLES;I - Tarapacá;Iquique;Santiago Polanco 2251;4050.0;CONVENIO;CESMEC;;2026-03-05 00:00:00;RESUMEN;AUTOCONTROL;16.1;6.93;309.6;;5.5;16.2;8.3;0.8;63.0;1.04;31.200000000000003;;;;;;;;;;;;;;;;;26.48
RENDIC;111;CALAMA II;II - Antofagasta;Calama;Aconcagua 2588;2966.0;SIN CONVENIO;CESMEC;;2026-03-13 00:00:00;RESUMEN;AUTOCONTROL;26.1;7.99;253.8;;12.1;16.8;4.3;2;94.0;0.6;18.0;;;;;;;;;;;;;;;;;21.74
RENDIC;344;CURICO ALAMEDA;VII - Maule;Curicó;Estado 43;4530.0;SIN CONVENIO;CESMEC;;;RESUMEN;AUTOCONTROL;;;;;;;;;;0;0.0;;;;;;;;;;;;;;;;;
RENDIC;375;ARAUCO;XIV - Los Ríos;Valdivia;Arauco 697;3420.0;CONVENIO;CESMEC;;2026-03-29 00:00:00;RESUMEN;AUTOCONTROL;17.0;7.15;248.8;;14.0;27.9;6.3;2;68.0;7;210.0;;;;;;;;;;;;;;;;;16.6
RENDIC;375;ARAUCO;XIV - Los Ríos;Valdivia;Arauco 697;3420.0;CONVENIO;CESMEC;;2026-03-31 00:00:00;RESUMEN;AUTOCONTROL;8.6;7.06;87.1;;3.3;12.3;2.0;1;14.8;7;210.0;;;;;;;;;;;;;;;;;17.13
RENDIC;465;PUERTO NATALES;XII - Magallanes;Puerto Natales;Bulnes 742;1133.0;SIN CONVENIO;PROPIO;;;VDD;AUTOCONTROL;;;;;;;;;;0;0.0;;;;;;;;;;;;;;;;;
RENDIC;458;ESPAÑA AUSTRAL;XII - Magallanes;Punta Arenas;Av. España 01375;1306.0;SIN CONVENIO;CESMEC;;;RESUMEN;AUTOCONTROL;;;;;;;;;;0;0.0;;;;;;;;;;;;;;;;;
RENDIC;459;ALLENDE AUSTRAL;XII - Magallanes;Punta Arenas;Salvador Allende 0399;3735.0;SIN CONVENIO;CESMEC;;;RESUMEN;AUTOCONTROL;;;;;;;;;;0;0.0;;;;;;;;;;;;;;;;;
RENDIC;461;ZENTENO AUSTRAL;XII - Magallanes;Punta Arenas;Capitan Guillermo 05;3736.0;SIN CONVENIO;CESMEC;;;RESUMEN;AUTOCONTROL;;;;;;;;;;0;0.0;;;;;;;;;;;;;;;;;
RENDIC;463;BORIES AUSTRAL;XII - Magallanes;Punta Arenas;Gobernador Bories 647;3739.0;SIN CONVENIO;CESMEC;;;RESUMEN;AUTOCONTROL;;;;;;;;;;0;0.0;;;;;;;;;;;;;;;;;
RENDIC;472;CALDERA I;III - Atacama;Caldera;Batallon Atacama 319;0.0;CONVENIO;CESMEC;;2026-03-16 00:00:00;RESUMEN;AUTOCONTROL;20.6;6.8;180.0;;6.6;16.6;4.3;0.1;69.0;0;0.0;;;;;;;;;;;;;;;;;17.74
RENDIC;576;CASTRO I;X - Los Lagos;Castro;O'Higgins 711;3875.0;SIN CONVENIO;CESMEC;;;RESUMEN;AUTOCONTROL;;;;;;;;;;0;0.0;;;;;;;;;;;;;;;;;
RENDIC;645;MEMBRILLAR;VI - O'Higgins;Rancagua;Av. Membrillar 10;84.0;SIN CONVENIO;CESMEC;;2026-03-13 00:00:00;RESUMEN;AUTOCONTROL;30.1;7.58;298.3;;5.3;7.8;6.3;1;358.0;0.65;19.5;;;;;;;;;;;;;;;;;20.25
RENDIC;771;MIRASOL;X - Los Lagos;Puerto Montt;Av. La Cruz 2006;3723.0;SIN CONVENIO;CESMEC;;2026-03-19 00:00:00;RESUMEN;AUTOCONTROL;12.6;6.63;62.1;;2.2;7.8;2.3;1;66.0;1;30.0;;;;;;;;;;;;;;;;;11.55
RENDIC;777;CENTRAL;X - Los Lagos;Osorno;Patricio Lynch 1278;3684.0;CONVENIO;CESMEC;;2026-03-19 00:00:00;RESUMEN;AUTOCONTROL;16.2;6.78;334.0;;16.3;13.4;9.3;0.5;101.0;1;30.0;;;;;;;;;;;;;;;;;19.06
RENDIC;778;ORIENTE;X - Los Lagos;Osorno;Julio Buschman 2223;2867.0;CONVENIO;CESMEC;;2026-03-19 00:00:00;RESUMEN;AUTOCONTROL;16.1;7.59;203.3;;9.2;10.8;5.3;4;135.0;2;60.0;;;;;;;;;;;;;;;;;20.39
RENDIC;780;VICTORIA;X - Los Lagos;Osorno;Victoria 367 Rahue Bajo;1362.0;SIN CONVENIO;CESMEC;;2026-03-26 00:00:00;RESUMEN;AUTOCONTROL;6.9;7.55;134.9;;0.9;13.8;2.0;6;154.0;1;30.0;;;;;;;;;;;;;;;;;19.16
ALVI;3014;M10 SAN FERNANDO;VI - O'Higgins;San Fernando;Chillan 745;1298.0;TERMINADO;CESMEC;;2026-03-02 00:00:00;RESUMEN;AUTOCONTROL;17.8;7.51;71.5;;11.2;7.3;7.3;2;109.0;2.79;83.7;;;;;;;;;;;;;;;;;22.95
MAYORISTA;3022;M10 TEMUCO II;IX - Araucanía;Temuco;Pedro De Valdivia 2285;3721.0;CONVENIO;CESMEC;;2026-03-19 00:00:00;COMPLETO;AUTOCONTROL;12.1;7.31;149.5;;5.2;14.3;4.3;0.1;76.0;0;0.0;0.33;0.003;0.05;0.004;0.002;0.04;0.027;0.05;0.03;2.12;0.045;0.001;0.015;0.04;111.5;0.03;18.59
ALVI;3197;ALVI PICARTE VALDIVIA;XIV - Los Ríos;Valdivia;Av. Ramon Picarte 2593;1961.0;CONVENIO;CESMEC;;2026-03-31 00:00:00;RESUMEN;AUTOCONTROL;20.1;6.86;198.8;;8.3;13.4;2.0;0.5;72.0;4;120.0;;;;;;;;;;;;;;;;;14.95
ALVI;3143;M10 TEMUCO IV;IX - Araucanía;Temuco;Francisco Salazar 01650;4422.0;CONVENIO;CESMEC;;2026-03-09 00:00:00;RESUMEN;AUTOCONTROL;16.1;6.71;92.4;;2.1;9.2;2.3;10;42.2;4;120.0;;;;;;;;;;;;;;;;;19.81
LOGISTICA;9051;CD NUEVO COQUIMBO;IV - Coquimbo;Coquimbo;PAN DE AZUCAR S/N;0.0;SIN CONVENIO;CESMEC;;2026-03-16 00:00:00;COMPLETO;AUTOCONTROL;7.6;7.9;10.2;;7.2;6.3;2.0;;18.0;0;0.0;0.17;0.003;0.285;0.004;0.002;0.1;0.013;;0.03;2.0;0.019;0.001;0.015;0.04;249.0;0.03;24.3
LOGISTICA;9139;CD LO AGUIRRE;RM - Santiago;Pudahuel;CAMINO LO AGUIRRE SUR 537;3552.0;SIN CONVENIO;CESMEC;;2026-03-16 00:00:00;COMPLETO;AUTOCONTROL;2.1;6.74;3.6;;1.0;3.2;2.0;0.1;8.9;1.58;47.400000000000006;0.16;0.006;0.14;0.004;0.002;0.146;0.015;0.05;0.03;2.0;0.007;0.001;0.015;0.04;121.6;0.03;19.69
RENDIC;442;COYHAIQUE;XI - Aysén;Coyhaique;Lautaro 331;1320.0;SIN CONVENIO;AGUAS PATAGONIA;;2026-03-31 00:00:00;COMPLETO;AUTOCONTROL;1.0;8.4;292.0;;20.1;60.0;2.0;2;187.0;14.124;423.72;0.437;0.006;0.056;0.002;0.02;0.205;0.046;0.005;0.02;1.0;0.132;0.0005;0.01;0.02;49.4;0.12;11.4
RENDIC;777;CENTRAL;X - Los Lagos;Osorno;Patricio Lynch 1278;3684.0;CONVENIO;ANAM;;2026-01-27 00:00:00;RESUMEN;CONTROL DIRECTO;14.0;7.19;241.0;;6.0;7.71;16.0;0.5;40.0;3;90.0;;;;;;;;;;;;;;;;;15.1
RENDIC;778;ORIENTE;X - Los Lagos;Osorno;Julio Buschman 2223;2867.0;CONVENIO;ANAM;;2026-01-20 00:00:00;RESUMEN;CONTROL DIRECTO;14.0;7.7;208.0;;6.9;63.47;2.0;8;81.0;13;390.0;;;;;;;;;;;;;;;;;16.2
RENDIC;375;ARAUCO;XIV - Los Ríos;Valdivia;Arauco 697;3420.0;CONVENIO;ANAM;;2026-01-06 00:00:00;RESUMEN;CONTROL DIRECTO;14.0;7.22;40.0;;1.5;5.6;2.0;2;25.0;0;0.0;;;;;;;;;;;;;;;;;12
RENDIC;519;TRAIGUEN;IX - Araucanía;Traiguén;Santa Cruz 1170;0.0;CONVENIO;;;2025-10-29 00:00:00;RESUMEN;CONTROL DIRECTO;15.0;6.68;154.0;;6.74;60.9;1.0;0.1;64.0;4.6;138.0;;;;;;;;;;;;;;;;;15.9
RENDIC;519;TRAIGUEN;IX - Araucanía;Traiguén;Santa Cruz 1170;0.0;CONVENIO;;;2025-10-20 00:00:00;RESUMEN;CONTROL DIRECTO;2.0;6.41;231.0;;6.85;0.44;1.0;0.1;74.0;1;30.0;;;;;;;;;;;;;;;;;18.4
RENDIC;754;TEMUCO IV;IX - Araucanía;Temuco;Avenida Javiera Carrera 1610;0.0;CONVENIO;AGQ LABS;;2025-10-16 00:00:00;RESUMEN;CONTROL DIRECTO;6.4;7.85;96.6;;1.92;25.4;1.0;3;172.0;46;1380.0;;;;;;;;;;;;;;;;;17.2
RENDIC;17;LOS ALAMOS;IV - Coquimbo;Coquimbo;Los Alamos 580;2643.0;TERMINADO;BIODIVERSA;;2026-01-13 00:00:00;RESUMEN;CONTROL DIRECTO;4.59;8.2;239.0;;6.7;84.9;2.0;11;22.25;2.55;76.5;;;;;;;;;;;;;;;;;21.1
RENDIC;641;VICUÑA;IV - Coquimbo;Vicuña;Chacabuco 302;0.0;SIN CONVENIO;BIODIVERSA;;2026-01-15 00:00:00;RESUMEN;CONTROL DIRECTO;2.0;8.21;171.0;;10.2;65.0;35.7;1;173.0;1.94;58.199999999999996;;;;;;;;;;;;;;;;;17.9
RENDIC;33;COVIEFI;II - Antofagasta;Antofagasta;Av. Argentina 1910;0.0;SIN CONVENIO;ANAM;;2026-02-26 00:00:00;RESUMEN;CONTROL DIRECTO;24.0;7.97;203.0;;7.09;56.5;3.0;0.2;86.0;3.199;95.97;;;;;;;;;;;;;;;;;26.5
RENDIC;789;FRUTILLAR III;X - Los Lagos;Frutillar;Arturo Alessandri 381;0.0;SIN CONVENIO;ANAM;;2026-02-10 00:00:00;RESUMEN;CONTROL DIRECTO;155.0;7.46;664.0;;18.9;82.56;2.0;5.5;522.0;0;0.0;;;;;;;;;;;;;;;;;11.2
RENDIC;778;ORIENTE;X - Los Lagos;Osorno;Julio Buschman 2223;2867.0;CONVENIO;ANAM;;2026-02-06 00:00:00;RESUMEN;CONTROL DIRECTO;14.0;7.15;225.0;;8.9;59.21;2.0;45;67.0;16;480.0;;;;;;;;;;;;;;;;;19.5
RENDIC;777;CENTRAL;X - Los Lagos;Osorno;Patricio Lynch 1278;3684.0;CONVENIO;ANAM;;2026-02-26 00:00:00;RESUMEN;CONTROL DIRECTO;14.0;7.8;73.0;;3.0;1.9;8.0;0.5;42.0;3;90.0;;;;;;;;;;;;;;;;;16.1
RENDIC;769;CALBUCO;X - Los Lagos;Calbuco;Federico Errazuriz 211;0.0;SIN CONVENIO;ANAM;;2026-02-24 00:00:00;RESUMEN;CONTROL DIRECTO;14.0;7.8;126.0;;5.1;8.88;37.0;1.5;61.0;13;390.0;;;;;;;;;;;;;;;;;12.9
ALVI;3086;ALVI TEMUCO;IX - Araucanía;Temuco;Av. Balmaceda 1531;0.0;SIN CONVENIO;AQG LABS;;2025-11-29 00:00:00;RESUMEN;CONTROL DIRECTO;7.5;7.46;48.5;;1.35;13.6;2.0;1;34.7;3.2;96.0;;;;;;;;;;;;;;;;;17.56
RENDIC;9;COQUIMBO;IV - Coquimbo;Coquimbo;Francisco Varela 1480;0.0;SIN CONVENIO;BIODIVERSA;;2026-02-04 00:00:00;RESUMEN;CONTROL DIRECTO;5.85;8.3;53.3;;2.18;28.9;7.7;1;83.5;2.78;83.39999999999999;;;;;;;;;;;;;;;;;24.4
RENDIC;71;PENCO;VIII - Biobío;Penco;Freire 699;0.0;SIN CONVENIO;BIODIVERSA;;2026-01-12 00:00:00;RESUMEN;CONTROL DIRECTO;2.0;6.89;312.2;;0.5;1.0;15.0;1;11.6;0;0.0;;;;;;;;;;;;;;;;;15.4
RENDIC;103;VIVAR;I - Tarapacá;Iquique;Vivar 786;4420.0;CONVENIO;HIDROLAB;;2026-01-21 00:00:00;RESUMEN;CONTROL DIRECTO;0.7;6.29;226.0;;9.7;40.0;2.0;43;303.0;0;0.0;;;;;;;;;;;;;;;;;22.9
RENDIC;7;VALLENAR I;III - Atacama;Vallenar;Brasil 663;0.0;CONVENIO;CESMEC;;2026-04-10 00:00:00;RESUMEN;AUTOCONTROL;16.1;6.61;435.0;;7.6;16.2;13.3;0.8;62.0;4.5;135.0;;;;;;;;;;;;;;;;;20.26
RENDIC;14;COPIAPO;III - Atacama;Copiapó;Av. Henrriquez N° 523;0.0;CONVENIO;CESMEC;;2026-04-13 00:00:00;RESUMEN;AUTOCONTROL;22.6;7.16;262.4;;8.3;21.3;7.3;0.1;54.0;3.06;91.8;;;;;;;;;;;;;;;;;19.7
RENDIC;16;VALLENAR II;III - Atacama;Vallenar;Arturo Prat 2350;0.0;TERMINADO;CESMEC;;2026-04-11 00:00:00;RESUMEN;AUTOCONTROL;8.6;7.35;141.2;;5.8;9.6;5.3;0.1;24.8;2.79;83.7;;;;;;;;;;;;;;;;;20.54
RENDIC;22;ATACAMA;III - Atacama;Copiapó;Los Carreras 2242;2666.0;CONVENIO;CESMEC;;2026-04-14 00:00:00;RESUMEN;AUTOCONTROL;14.6;7.51;387.0;;10.2;26.3;6.3;0.3;42.0;3.06;91.8;;;;;;;;;;;;;;;;;19.56
RENDIC;23;LOS CARRERAS;III - Atacama;Copiapó;Los Carrera 479;0.0;SIN CONVENIO;CESMEC;;2026-04-28 00:00:00;RESUMEN;AUTOCONTROL;17.8;6.71;931.1;;15.2;41.3;7.7;5;364.0;2.93;87.9;;;;;;;;;;;;;;;;;19.41
RENDIC;24;CHACABUCO;III - Atacama;Copiapó;Los Carreras  586;0.0;SIN CONVENIO;CESMEC;;2026-04-27 00:00:00;RESUMEN;AUTOCONTROL;2.6;6.8;13.3;;2.1;12.2;2.0;0.4;8.4;2.97;89.10000000000001;;;;;;;;;;;;;;;;;20.14
RENDIC;25;EL PALOMAR;III - Atacama;Copiapó;Av. Palomar 1525;3868.0;TERMINADO;CESMEC;;2026-04-28 00:00:00;RESUMEN;AUTOCONTROL;21.2;6.75;58.7;;3.3;6.7;4.3;0.5;19.2;2.93;87.9;;;;;;;;;;;;;;;;;20.19
RENDIC;32;CHAÑARCILLO;III - Atacama;Copiapó;Chacabuco Nº 231;0.0;CONVENIO;CESMEC;;2026-04-28 00:00:00;RESUMEN;AUTOCONTROL;24.7;6.83;114.9;;5.5;16.6;5.3;0.8;53.0;3.02;90.6;;;;;;;;;;;;;;;;;19.48
RENDIC;46;CALAMA I;II - Antofagasta;Calama;Granaderos 3180;3035.0;SIN CONVENIO;CESMEC;;2026-04-14 00:00:00;RESUMEN;AUTOCONTROL;22.9;7.93;276.4;;2.8;9.8;2.0;4;168.0;0;0.0;;;;;;;;;;;;;;;;;22
RENDIC;472;CALDERA I;III - Atacama;Caldera;Batallon Atacama 319;0.0;CONVENIO;CESMEC;;2026-04-25 00:00:00;RESUMEN;AUTOCONTROL;9.8;6.83;71.4;;3.6;15.2;2.3;1;17.3;2.88;86.39999999999999;;;;;;;;;;;;;;;;;20.79
RENDIC;477;CURAUMA;V - Valparaiso;Valparaíso;Obispo Valdes 1170;2721.0;SIN CONVENIO;CESMEC;;2026-04-07 00:00:00;RESUMEN;AUTOCONTROL;21.2;6.99;317.6;;10.1;14.2;2.0;13;198.0;2.16;64.80000000000001;;;;;;;;;;;;;;;;;20.35
RENDIC;555;GRANEROS;VI - O'Higgins;Graneros;Obispo Rafael Lira 042;4574.0;SIN CONVENIO;CESMEC;;2026-04-08 00:00:00;COMPLETO;AUTOCONTROL;22.6;7.06;309.1;;8.8;16.8;4.3;27;464.0;2.57;77.1;4.07;0.0051;0.24;0.004;0.002;1.453;0.753;0.05;0.03;2.01;0.164;0.001;0.015;0.04;246.8;0.03;19.53
ALVI;3014;M10 SAN FERNANDO;VI - O'Higgins;San Fernando;Chillan 745;1298.0;TERMINADO;CESMEC;;2026-04-06 00:00:00;RESUMEN;AUTOCONTROL;16.2;6.98;569.0;;2.8;7.6;2.3;0.1;372.0;3.2;96.0;;;;;;;;;;;;;;;;;17.94
LOGISTICA;9051;CD NUEVO COQUIMBO;IV - Coquimbo;Coquimbo;PAN DE AZUCAR S/N;0.0;SIN CONVENIO;CESMEC;;2026-04-15 00:00:00;COMPLETO;AUTOCONTROL;9.8;7.9;53.2;;;6.1;2.0;;24.0;0;0.0;0.17;0.003;0.238;0.004;0.002;0.064;0.009;;0.03;2.0;0.028;0.001;0.015;0.04;199.6;0.03;22.9
LOGISTICA;9139;CD LO AGUIRRE;RM - Santiago;Pudahuel;CAMINO LO AGUIRRE SUR 537;3552.0;SIN CONVENIO;CESMEC;;2026-04-08 00:00:00;RESUMEN;AUTOCONTROL;18.2;7.41;57.0;;4.9;11.8;5.3;1.5;56.0;6.65;199.5;;;;;;;;;;2.01;;;;;;;20.23
RENDIC;344;CURICO ALAMEDA;VII - Maule;Curicó;Estado 43;4530.0;SIN CONVENIO;CESMEC;;2026-04-13 00:00:00;RESUMEN;AUTOCONTROL;19.7;8.25;511.6;;19.6;31.2;5.3;15;366.0;22.41;672.3;;;;;;;;;;;;;;;;;18.88
RENDIC;458;ESPAÑA AUSTRAL;XII - Magallanes;Punta Arenas;Av. España 01375;1306.0;SIN CONVENIO;;;;RESUMEN;;;;;;;;;;;0;0.0;;;;;;;;;;;;;;;;;
RENDIC;459;ALLENDE AUSTRAL;XII - Magallanes;Punta Arenas;Salvador Allende 0399;3735.0;SIN CONVENIO;;;;RESUMEN;;;;;;;;;;;0;0.0;;;;;;;;;;;;;;;;;
RENDIC;461;ZENTENO AUSTRAL;XII - Magallanes;Punta Arenas;Capitan Guillermo 05;3736.0;SIN CONVENIO;;;;RESUMEN;;;;;;;;;;;0;0.0;;;;;;;;;;;;;;;;;
RENDIC;463;BORIES AUSTRAL;XII - Magallanes;Punta Arenas;Gobernador Bories 647;3739.0;SIN CONVENIO;CESMEC;;;RESUMEN;AUTOCONTROL;;;;;;;;;;0;0.0;;;;;;;;;;;;;;;;;
RENDIC;576;CASTRO I;X - Los Lagos;Castro;O'Higgins 711;3875.0;SIN CONVENIO;;;;RESUMEN;;;;;;;;;;;0;0.0;;;;;;;;;;;;;;;;;
RENDIC;327;MANQUEHUE;RM - Santiago;Las Condes;Manquehue 1700;0.0;SIN CONVENIO;AGUAS ANDINAS;;2026-03-26 00:00:00;RESUMEN;CONTROL DIRECTO;14.0;8.44;59.0;;3.28;14.71;0.8;2;73.0;5;150.0;;;;;;;;;;;;;;;;;21.8
RENDIC;408;UNIMARC SANTO DOMINGO II;V - Valparaiso;Santo Domingo;Ruta 66, Esquina Casas de la Boca s/n;0.0;SIN CONVENIO;CESMEC;;2026-03-05 00:00:00;RESUMEN;CONTROL DIRECTO;165.2;;1006.4;;6.1;39.2;9.3;;595.0;0;0.0;;;;;;;;;;;;;;;;261.6;
RENDIC;537;VICTORIA I;IX - Araucanía;Victoria;Pisagua 1354;0.0;CONVENIO;AQG LABS;;2025-12-17 00:00:00;RESUMEN;CONTROL DIRECTO;2.0;7.38;2.0;;0.6;10.2;1.0;0.1;6.0;0.72;21.599999999999998;;;;;;;;;;;;;;;;;20.1
RENDIC;959;PUCON;IX - Araucanía;Pucon;Av. O´higgins 774;0.0;SIN CONVENIO;AQG LABS;;2025-12-31 00:00:00;RESUMEN;CONTROL DIRECTO;15.3;7.89;205.0;;3.21;9.69;1.0;1.9;99.0;5.7;171.0;;;;;;;;;;;;;;;;;20.8
RENDIC;7;VALLENAR I;III - Atacama;Vallenar;Brasil 663;0.0;CONVENIO;CESMEC;;2026-05-07 00:00:00;RESUMEN;AUTOCONTROL;9.3;6.61;304.1;;6.5;29.7;27.7;0.1;59.0;3.02;90.6;;;;;;;;;;;;;;;;;20.41
RENDIC;14;COPIAPO;III - Atacama;Copiapó;Av. Henrriquez N° 523;0.0;CONVENIO;CESMEC;;2026-05-08 00:00:00;RESUMEN;AUTOCONTROL;9.9;6.69;131.4;;8.3;23.1;2.0;0.2;29.0;2.93;87.9;;;;;;;;;;;;;;;;;18.53
RENDIC;16;VALLENAR II;III - Atacama;Vallenar;Arturo Prat 2350;0.0;TERMINADO;CESMEC;;2026-05-06 00:00:00;RESUMEN;AUTOCONTROL;12.1;6.73;31.2;;1.8;14.2;2.0;0.1;13.2;2.97;89.10000000000001;;;;;;;;;;;;;;;;;20.69
RENDIC;22;ATACAMA;III - Atacama;Copiapó;Los Carreras 2242;2666.0;CONVENIO;CESMEC;;2026-05-15 00:00:00;COMPLETO;AUTOCONTROL;34.3;6.68;259.5;;6.5;16.8;3.7;0.5;116.3;3.24;97.2;0.43;0.003;0.894;0.004;0.002;0.252;0.056;0.05;0.03;9.15;0.042;0.001;0.022;0.04;341.4;0.03;20.73
RENDIC;23;LOS CARRERAS;III - Atacama;Copiapó;Los Carrera 479;0.0;SIN CONVENIO;CESMEC;;2026-05-13 00:00:00;RESUMEN;AUTOCONTROL;38.0;6.75;395.5;;15.4;40.4;3.7;1.5;182.0;2.93;87.9;;;;;;;;;;;;;;;;;20.78
RENDIC;24;CHACABUCO;III - Atacama;Copiapó;Los Carreras  586;0.0;SIN CONVENIO;CESMEC;;2026-05-28 00:00:00;RESUMEN;AUTOCONTROL;15.7;6.79;32.3;;3.2;7.6;2.0;0.1;8.3;3.2;96.0;;;;;;;;;;;;;;;;;19.63
RENDIC;25;EL PALOMAR;III - Atacama;Copiapó;Av. Palomar 1525;3868.0;TERMINADO;CESMEC;;2026-05-29 00:00:00;COMPLETO;AUTOCONTROL;31.1;7.55;358.0;;7.5;7.4;2.7;1.5;184.0;3.15;94.5;0.58;0.003;1.925;0.004;0.002;0.257;0.086;0.05;0.03;6.9;0.056;0.001;0.015;0.04;309.5;0.03;20.45
RENDIC;32;CHAÑARCILLO;III - Atacama;Copiapó;Chacabuco Nº 231;0.0;CONVENIO;CESMEC;;2026-05-16 00:00:00;RESUMEN;AUTOCONTROL;3.3;6.79;211.6;;10.8;15.7;2.0;0.5;57.0;2.88;86.39999999999999;;;;;;;;;;;;;;;;;20.69
RENDIC;465;PUERTO NATALES;XII - Magallanes;Puerto Natales;Bulnes 742;1133.0;SIN CONVENIO;CESMEC;;2026-05-16 00:00:00;RESUMEN;AUTOCONTROL;16.6;7.04;172.5;;9.8;11.5;0.2;0.5;79.3;4;120.0;;;;;;;;;;;;;;;;;13.4
RENDIC;458;ESPAÑA AUSTRAL;XII - Magallanes;Punta Arenas;Av. España 01375;1306.0;SIN CONVENIO;CESMEC;;2026-05-29 00:00:00;RESUMEN;AUTOCONTROL;56.3;7.41;572.1;;8.4;36.2;3.7;0.1;160.0;9;270.0;;;;;;;;;;;;;;;;;8.2
RENDIC;459;ALLENDE AUSTRAL;XII - Magallanes;Punta Arenas;Salvador Allende 0399;3735.0;SIN CONVENIO;CESMEC;;2026-05-30 00:00:00;RESUMEN;AUTOCONTROL;23.0;7.43;135.6;;8.7;12.8;2.3;1.7;108.0;8;240.0;;;;;;;;;;;;;;;;;9
RENDIC;461;ZENTENO AUSTRAL;XII - Magallanes;Punta Arenas;Capitan Guillermo 05;3736.0;SIN CONVENIO;CESMEC;;2026-05-14 00:00:00;RESUMEN;AUTOCONTROL;21.0;6.09;78.6;;3.0;12.1;2.0;0.5;28.0;27;810.0;;;;;;;;;;;;;;;;;7.4
RENDIC;463;BORIES AUSTRAL;XII - Magallanes;Punta Arenas;Gobernador Bories 647;3739.0;SIN CONVENIO;CESMEC;;;RESUMEN;AUTOCONTROL;;;;;;;;;;;0.0;;;;;;;;;;;;;;;;;
RENDIC;472;CALDERA I;III - Atacama;Caldera;Batallon Atacama 319;0.0;CONVENIO;CESMEC;;2026-05-08 00:00:00;RESUMEN;AUTOCONTROL;24.6;6.78;206.2;;9.6;15.9;4.7;2;86.3;2.97;89.10000000000001;;;;;;;;;;;;;;;;;19.98
RENDIC;576;CASTRO I;X - Los Lagos;Castro;O'Higgins 711;3875.0;SIN CONVENIO;CESMEC;;2026-05-27 00:00:00;RESUMEN;AUTOCONTROL;12.7;5.43;271.3;;4.3;27.1;3.7;0.5;46.7;389;11670.0;;;;;;;;;;;;;;;;;12.8
ALVI;3014;M10 SAN FERNANDO;VI - O'Higgins;San Fernando;Chillan 745;1298.0;TERMINADO;CESMEC;;2026-05-11 00:00:00;RESUMEN;AUTOCONTROL;36.7;7.33;86.3;;6.4;14.3;2.7;2;82.7;2.39;71.7;;;;;;;;;;;;;;;;;16.49
MAYORISTA;3022;M10 TEMUCO II;IX - Araucanía;Temuco;Pedro De Valdivia 2285;3721.0;CONVENIO;CESMEC;;2026-05-14 00:00:00;RESUMEN;AUTOCONTROL;16.1;6.64;198.0;;3.3;13.4;2.0;4;69.0;28;840.0;;;;;;;;;;;;;;;;;16.78
LOGISTICA;9051;CD NUEVO COQUIMBO;IV - Coquimbo;Coquimbo;PAN DE AZUCAR S/N;0.0;SIN CONVENIO;CESMEC;;2026-05-13 00:00:00;COMPLETO;AUTOCONTROL;12.7;7.8;44.8;;8.7;;2.0;;22.4;;0.0;0.12;0.003;0.23;0.004;0.002;0.149;0.007;;;;0.026;0.001;0.015;0.04;210.1;0.03;20.1
LOGISTICA;9139;CD LO AGUIRRE;RM - Santiago;Pudahuel;CAMINO LO AGUIRRE SUR 537;3552.0;SIN CONVENIO;CESMEC;;2026-05-04 00:00:00;RESUMEN;AUTOCONTROL;12.3;6.89;126.9;;5.5;18.6;6.3;1.5;46.7;9.93;297.9;;;;;;;;;;2.01;;;;;;;22.57
RENDIC;46;CALAMA I;II - Antofagasta;Calama;Granaderos 3180;3035.0;SIN CONVENIO;CESMEC;;2026-05-13 00:00:00;RESUMEN;AUTOCONTROL;23.6;8.0;431.0;;7.0;80.0;2.0;0.5;100.0;6;180.0;;;;;;;;;;;;;;;;;17.19
RENDIC;750;CAÑETE;VIII - Biobío;Cañete;Saavedra 525;0.0;SIN CONVENIO;BIODIVERSA;;2026-03-09 00:00:00;RESUMEN;CONTROL DIRECTO;21.3;7.84;455.0;;2.17;50.4;2.0;;248.0;0.08;2.4;;;;;;;;;;;;;;;;;15.2
RENDIC;111;CALAMA II;II - Antofagasta;Calama;Aconcagua 2588;2966.0;SIN CONVENIO;ANAM;;2026-03-25 00:00:00;RESUMEN;CONTROL DIRECTO;113.0;7.2;810.0;;15.27;23.67;0.8;125;;2;60.0;;;;;;;;;;;;;;;;;21.9
RENDIC;80;ANGOL I;IX - Araucanía;Angol;Av. O'Higgins 1257;0.0;SIN CONVENIO;AQG LABS;;2025-12-13 00:00:00;RESUMEN;CONTROL DIRECTO;5.5;6.98;105.0;;4.74;33.8;3.0;0.1;19.0;0.58;17.4;;;;;;;;;;;;;;;;;21.2
RENDIC;16;VALLENAR II;III - Atacama;Vallenar;Arturo Prat 2350;0.0;TERMINADO;CESMEC;;;RESUMEN;AUTOCONTROL;;;;;;;;;;;0.0;;;;;;;;;;;;;;;;;
RENDIC;24;CHACABUCO;III - Atacama;Copiapó;Los Carreras  586;0.0;SIN CONVENIO;CESMEC;;;RESUMEN;AUTOCONTROL;;;;;;;;;;;0.0;;;;;;;;;;;;;;;;;
RENDIC;23;LOS CARRERAS;III - Atacama;Copiapó;Los Carrera 479;0.0;SIN CONVENIO;CESMEC;;2026-06-09 00:00:00;RESUMEN;AUTOCONTROL;44.0;7.78;149.4;;14.3;41.4;2.0;1;98.0;3.06;91.8;;;;;;;;;;;;;;;;;18.5
RENDIC;32;CHAÑARCILLO;III - Atacama;Copiapó;Chacabuco Nº 231;0.0;CONVENIO;CESMEC;;2026-06-15 00:00:00;RESUMEN;AUTOCONTROL;26.3;7.53;139.9;;8.7;17.8;2.0;1;109.0;3.11;93.3;;;;;;;;;;;;;;;;;19.23
RENDIC;472;CALDERA I;III - Atacama;Caldera;Batallon Atacama 319;0.0;CONVENIO;CESMEC;;2026-06-12 00:00:00;RESUMEN;AUTOCONTROL;20.3;7.45;245.5;;7.4;17.4;2.0;5;85.0;3.02;90.6;;;;;;;;;;;;;;;;;20.83
RENDIC;5;LAS COMPAÑIAS;IV - Coquimbo;La Serena;Nicaragua 1571;2644.0;SIN CONVENIO;CESMEC;;2026-06-09 00:00:00;RESUMEN;AUTOCONTROL;5.0;7.81;204.5;;10.2;27.1;2.0;0.1;78.0;3.6;108.0;;;;;;;;;;;;;;;;;16.01
RENDIC;7;VALLENAR I;III - Atacama;Vallenar;Brasil 663;0.0;CONVENIO;CESMEC;;2026-06-04 00:00:00;RESUMEN;AUTOCONTROL;9.2;7.74;164.0;;5.8;15.3;2.0;0.2;78.0;3.06;91.8;;;;;;;;;;;;;;;;;18.55
RENDIC;14;COPIAPO;III - Atacama;Copiapó;Av. Henrriquez N° 523;0.0;CONVENIO;CESMEC;;2026-06-22 00:00:00;RESUMEN;AUTOCONTROL;13.0;7.44;154.5;;4.6;23.0;3.7;0.3;56.0;2.97;89.10000000000001;;;;;;;;;;;;;;;;;18.5
RENDIC;17;LOS ALAMOS;IV - Coquimbo;Coquimbo;Los Alamos 580;2643.0;TERMINADO;CESMEC;;2026-06-08 00:00:00;RESUMEN;AUTOCONTROL;16.0;7.8;464.7;;9.8;36.7;5.0;0.1;96.0;3.06;91.8;;;;;;;;;;;;;;;;;14.69
RENDIC;22;ATACAMA;III - Atacama;Copiapó;Los Carreras 2242;2666.0;CONVENIO;CESMEC;;;RESUMEN;AUTOCONTROL;;;;;;;;;;;0.0;;;;;;;;;;;;;;;;;
RENDIC;25;EL PALOMAR;III - Atacama;Copiapó;Av. Palomar 1525;3868.0;TERMINADO;CESMEC;;;COMPLETO;AUTOCONTROL;;;;;;;;;;;0.0;;;;;;;;;;;;;;;;;
RENDIC;46;CALAMA I;II - Antofagasta;Calama;Granaderos 3180;3035.0;SIN CONVENIO;CESMEC;;;RESUMEN;AUTOCONTROL;;;;;;;;;;;0.0;;;;;;;;;;;;;;;;;
RENDIC;86;BILBAO;I - Tarapacá;Iquique;Fco.Bilbao 3545;4049.0;CONVENIO;CESMEC;;2026-06-10 00:00:00;RESUMEN;AUTOCONTROL;10.8;6.83;62.8;;9.8;10.9;2.0;4;66.7;1.05;31.5;;;;;;;;;;;;;;;;;23.64
RENDIC;103;VIVAR;I - Tarapacá;Iquique;Vivar 786;4420.0;CONVENIO;CESMEC;;2026-06-17 00:00:00;RESUMEN;AUTOCONTROL;21.9;6.79;157.7;;3.7;10.8;5.0;0.2;45.7;7.47;224.1;;;;;;;;;;;;;;;;;22.44
RENDIC;105;IQUIQUE CENTRO;I - Tarapacá;Iquique;Tarapaca 579;4051.0;TERMINADO;CESMEC;;;RESUMEN;AUTOCONTROL;;;;;;;;;;;0.0;;;;;;;;;;;;;;;;;
RENDIC;106;LOS MOLLES;I - Tarapacá;Iquique;Santiago Polanco 2251;4050.0;CONVENIO;CESMEC;;2026-06-16 00:00:00;RESUMEN;AUTOCONTROL;12.9;6.87;224.1;;4.6;17.3;4.0;0.1;64.0;0.93;27.900000000000002;;;;;;;;;;;;;;;;;22.46
RENDIC;111;CALAMA II;II - Antofagasta;Calama;Aconcagua 2588;2966.0;SIN CONVENIO;CESMEC;;2026-06-22 00:00:00;RESUMEN;AUTOCONTROL;166.1;7.94;888.5;;8.5;38.0;2.7;0.7;564.0;2.48;74.4;;;;;;;;;;;;;;;;;16.18
RENDIC;344;CURICO ALAMEDA;VII - Maule;Curicó;Estado 43;4530.0;SIN CONVENIO;CESMEC;;2026-06-16 00:00:00;RESUMEN;AUTOCONTROL;19.8;7.84;177.4;;8.1;18.1;7.0;22;282.0;3.02;90.6;;;;;;;;;;;;;;;;;18.56
RENDIC;375;ARAUCO;XIV - Los Ríos;Valdivia;Arauco 697;3420.0;CONVENIO;CESMEC;;;RESUMEN;AUTOCONTROL;;;;;;;;;;;0.0;;;;;;;;;;;;;;;;;
RENDIC;375;ARAUCO;XIV - Los Ríos;Valdivia;Arauco 697;3420.0;CONVENIO;CESMEC;;;RESUMEN;AUTOCONTROL;;;;;;;;;;;0.0;;;;;;;;;;;;;;;;;
RENDIC;465;PUERTO NATALES;XII - Magallanes;Puerto Natales;Bulnes 742;1133.0;SIN CONVENIO;PROPIO;;;VDD;AUTOCONTROL;;;;;;;;;;;0.0;;;;;;;;;;;;;;;;;
RENDIC;458;ESPAÑA AUSTRAL;XII - Magallanes;Punta Arenas;Av. España 01375;1306.0;SIN CONVENIO;CESMEC;;;RESUMEN;AUTOCONTROL;;;;;;;;;;;0.0;;;;;;;;;;;;;;;;;
RENDIC;459;ALLENDE AUSTRAL;XII - Magallanes;Punta Arenas;Salvador Allende 0399;3735.0;SIN CONVENIO;CESMEC;;2026-06-16 00:00:00;RESUMEN;AUTOCONTROL;21.8;6.57;191.0;;4.9;9.3;2.0;0.2;55.3;3;90.0;;;;;;;;;;;;;;;;;8.9
RENDIC;461;ZENTENO AUSTRAL;XII - Magallanes;Punta Arenas;Capitan Guillermo 05;3736.0;SIN CONVENIO;CESMEC;;2026-06-17 00:00:00;RESUMEN;AUTOCONTROL;6.3;8.15;195.4;;2.7;15.6;4.0;0.2;50.0;5;150.0;;;;;;;;;;;;;;;;;6.2
RENDIC;463;BORIES AUSTRAL;XII - Magallanes;Punta Arenas;Gobernador Bories 647;3739.0;SIN CONVENIO;CESMEC;;2026-06-19 00:00:00;RESUMEN;AUTOCONTROL;18.0;7.5;388.2;;7.6;14.0;2.0;0.3;79.0;19;570.0;;;;;;;;;;;;;;;;;11.1
RENDIC;576;CASTRO I;X - Los Lagos;Castro;O'Higgins 711;3875.0;SIN CONVENIO;CESMEC;;2026-06-16 00:00:00;RESUMEN;AUTOCONTROL;17.1;7.2;258.7;;5.2;23.6;3.0;0.1;77.0;4;120.0;;;;;;;;;;;;;;;;;15.38
RENDIC;645;MEMBRILLAR;VI - O'Higgins;Rancagua;Av. Membrillar 10;84.0;SIN CONVENIO;CESMEC;;2026-06-04 00:00:00;RESUMEN;AUTOCONTROL;62.6;7.55;333.2;;3.4;13.4;2.0;0.2;130.0;2.79;83.7;;;;;;;;;;;;;;;;;17
RENDIC;771;MIRASOL;X - Los Lagos;Puerto Montt;Av. La Cruz 2006;3723.0;SIN CONVENIO;CESMEC;;2026-06-11 00:00:00;RESUMEN;AUTOCONTROL;144.3;6.76;432.6;;9.7;27.3;9.0;20;388.0;;0.0;;;;;;;;;;;;;;;;;14.1
RENDIC;777;CENTRAL;X - Los Lagos;Osorno;Patricio Lynch 1278;3684.0;CONVENIO;CESMEC;;2026-06-09 00:00:00;RESUMEN;AUTOCONTROL;5.3;7.48;73.3;;3.2;9.9;3.0;1;28.0;2;60.0;;;;;;;;;;;;;;;;;14.23
RENDIC;778;ORIENTE;X - Los Lagos;Osorno;Julio Buschman 2223;2867.0;CONVENIO;CESMEC;;2026-06-09 00:00:00;RESUMEN;AUTOCONTROL;15.2;7.41;148.3;;7.4;17.1;4.0;1.4;59.0;3;90.0;;;;;;;;;;;;;;;;;16.69
RENDIC;780;VICTORIA;X - Los Lagos;Osorno;Victoria 367 Rahue Bajo;1362.0;SIN CONVENIO;CESMEC;;2026-06-10 00:00:00;RESUMEN;AUTOCONTROL;70.6;7.24;449.3;;5.6;26.7;10.0;2;114.0;1;30.0;;;;;;;;;;;;;;;;;15.99
ALVI;3014;M10 SAN FERNANDO;VI - O'Higgins;San Fernando;Chillan 745;1298.0;TERMINADO;CESMEC;;2026-06-05 00:00:00;RESUMEN;AUTOCONTROL;9.7;7.28;42.1;;3.6;12.4;2.0;0.7;50.0;1.94;58.199999999999996;;;;;;;;;;;;;;;;;16.98
MAYORISTA;3022;M10 TEMUCO II;IX - Araucanía;Temuco;Pedro De Valdivia 2285;3721.0;CONVENIO;CESMEC;;2026-06-16 00:00:00;RESUMEN;AUTOCONTROL;11.5;6.79;174.9;;4.2;11.2;3.0;1.5;126.0;32;960.0;;;;;;;;;;;;;;;;;12.81
ALVI;3197;ALVI PICARTE VALDIVIA;XIV - Los Ríos;Valdivia;Av. Ramon Picarte 2593;1961.0;CONVENIO;CESMEC;;;RESUMEN;AUTOCONTROL;;;;;;;;;;;0.0;;;;;;;;;;;;;;;;;
ALVI;3143;M10 TEMUCO IV;IX - Araucanía;Temuco;Francisco Salazar 01650;4422.0;CONVENIO;CESMEC;;2026-06-16 00:00:00;RESUMEN;AUTOCONTROL;21.2;6.63;102.7;;4.7;13.8;2.0;0.2;62.7;32;960.0;;;;;;;;;;;;;;;;;13.18
LOGISTICA;9051;CD NUEVO COQUIMBO;IV - Coquimbo;Coquimbo;PAN DE AZUCAR S/N;0.0;SIN CONVENIO;CESMEC;;2026-06-15 00:00:00;COMPLETO;AUTOCONTROL;26.9;7.7;43.6;;6.4;8.9;2.0;;45.3;;0.0;0.23;0.003;0.221;0.004;0.002;0.09;0.012;;0.03;4.1;0.026;0.001;0.015;0.04;216.1;0.04;19.8
LOGISTICA;9139;CD LO AGUIRRE;RM - Santiago;Pudahuel;CAMINO LO AGUIRRE SUR 537;3552.0;SIN CONVENIO;CESMEC;;2026-06-23 00:00:00;RESUMEN;AUTOCONTROL;2.0;7.07;131.2;;3.8;81.0;2.0;0.2;52.0;6.21;186.3;;;;;;;;;;;;;;;;;18.65
RENDIC;442;COYHAIQUE;XI - Aysén;Coyhaique;Lautaro 331;1320.0;SIN CONVENIO;AGUAS PATAGONIA;;;RESUMEN;AUTOCONTROL;;;;;;;;;;;0.0;;;;;;;;;;;;;;;;;
RENDIC;681;ROTONDA ARICA;XV - Arica y Parinacota;Arica;AVDA 18 SEPTIEMBRE 2501;0.0;SIN CONVENIO;CESMEC;;;RESUMEN;AUTOCONTROL;;;;;;;;;;0;17.4;;;;;;;;;;;;;;;;;
RENDIC;773;LLANQUIHUE;X - Los Lagos;Llanquihue;Baquedano 612;0.0;SIN CONVENIO;ANAM;;2026-04-17 00:00:00;RESUMEN;CONTROL DIRECTO;14.0;7.71;83.0;;2.9;5.55;2.0;0.5;21.0;7.83;234.9;;;;;;;;;;;;;;;;;13.4
RENDIC;778;ORIENTE;X - Los Lagos;Osorno;Julio Buschman 2223;2867.0;CONVENIO;ANAM;;2026-04-17 00:00:00;RESUMEN;AUTOCONTROL;14.0;7.46;122.0;;6.9;37.41;2.0;0.5;62.0;9.8;294.0;;;;;;;;;;;;;;;;;13.4
RENDIC;777;CENTRAL;X - Los Lagos;Osorno;Patricio Lynch 1278;3684.0;CONVENIO;ANAM;;2026-04-10 00:00:00;RESUMEN;CONTROL DIRECTO;14.0;6.88;80.0;;5.4;9.22;2.0;1;54.0;2.592;77.76;;;;;;;;;;;;;;;;;14.9
RENDIC;780;VICTORIA;X - Los Lagos;Osorno;Victoria 367 Rahue Bajo;1362.0;SIN CONVENIO;ANAM;;2026-04-24 00:00:00;RESUMEN;CONTROL DIRECTO;14.0;7.54;120.0;;9.7;30.7;12.0;0.5;47.0;1.181;35.43;;;;;;;;;;;;;;;;;14.3
RENDIC;777;CENTRAL;X - Los Lagos;Osorno;Patricio Lynch 1278;3684.0;CONVENIO;ANAM;;2026-03-19 00:00:00;RESUMEN;CONTROL DIRECTO;14.0;7.4;273.0;;10.9;6.6;4.0;0.5;131.0;3;90.0;;;;;;;;;;;;;;;;;15.7
RENDIC;544;PURRANQUE;X - Los Lagos;Purranque;Eleuterio Ramirez 549;0.0;SIN CONVENIO;ANAM;;2026-03-06 00:00:00;RESUMEN;CONTROL DIRECTO;30.0;7.2;216.0;;5.4;8.1;2.0;0.8;140.0;25;750.0;;;;;;;;;;;;;;;;;15.8
RENDIC;771;MIRASOL;X - Los Lagos;Puerto Montt;Av. La Cruz 2006;3723.0;SIN CONVENIO;ANAM;;2026-03-27 00:00:00;RESUMEN;CONTROL DIRECTO;44.0;7.9;155.0;;11.5;94.8;2.0;1;66.0;0;0.0;;;;;;;;;;;;;;;;;14.6
RENDIC;778;ORIENTE;X - Los Lagos;Osorno;Julio Buschman 2223;2867.0;CONVENIO;ANAM;;2026-03-03 00:00:00;RESUMEN;CONTROL DIRECTO;14.0;7.2;153.0;;8.6;76.6;2.0;0.5;112.0;25;750.0;;;;;;;;;;;;;;;;;14
RENDIC;763;JUAN SOLER;X - Los Lagos;Puerto Montt;Juan Soler Manfredini 51;0.0;SIN CONVENIO;ANAM;;2026-03-27 00:00:00;RESUMEN;CONTROL DIRECTO;14.0;7.2;33.0;;2.7;17.4;2.0;0.5;37.0;63;1890.0;;;;;;;;;;;;;;;;;15.2
RENDIC;576;CASTRO I;X - Los Lagos;Castro;O'Higgins 711;3875.0;SIN CONVENIO;ANAM;;2026-04-10 00:00:00;RESUMEN;CONTROL DIRECTO;14.0;8.0;289.0;;6.6;18.6;2.0;0.5;53.0;5;150.0;;;;;;;;;;;;;;;;;14.4
RENDIC;681;ROTONDA ARICA;XV - Arica y Parinacota;Arica;AVDA 18 SEPTIEMBRE 2501;0.0;SIN CONVENIO;AQG LABS;;2026-03-25 00:00:00;RESUMEN;CONTROL DIRECTO;10.0;6.9;4533.0;;3.5;25.2;1.0;0.1;48.0;;0.0;;;;;;;;;;;;;;;;;23.5
RENDIC;335;SANTA MARIA;RM - Santiago;Vitacura;Santa Maria 6940;0.0;SIN CONVENIO;;;2026-04-17 00:00:00;RESUMEN;CONTROL DIRECTO;14.0;7.78;203.0;;5.22;67.21;5.3;0.2;52.0;4;120.0;;;;;;;;;;;;;;;;;23.7
RENDIC;681;ROTONDA ARICA;XV - Arica y Parinacota;Arica;AVDA 18 SEPTIEMBRE 2501;0.0;SIN CONVENIO;HIDROLAB;;2026-05-15 00:00:00;RESUMEN;CONTROL DIRECTO;0.5;7.87;130.0;;13.7;38.0;2.0;0.1;82.0;10;300.0;;;;;;;;;;;;;;;;;22.3
RENDIC;681;ROTONDA ARICA;XV - Arica y Parinacota;Arica;AVDA 18 SEPTIEMBRE 2501;0.0;SIN CONVENIO;HIDROLAB;;2026-11-26 00:00:00;RESUMEN;CONTROL DIRECTO;0.73;6.7;369.0;;17.53;22.0;2.0;1.5;81.0;5;150.0;;;;;;;;;;;;;;;;;25
RENDIC;923;SANTA MARIA ARICA;XV - Arica y Parinacota;Arica;AV.STA. MARIA  2465;0.0;SIN CONVENIO;HIDROLAB;;2025-11-25 00:00:00;RESUMEN;CONTROL DIRECTO;0.5;7.56;216.0;;8.66;77.0;2.0;5;166.0;0.514;15.42;;;;;;;;;;;;;;;;;25
RENDIC;923;SANTA MARIA ARICA;XV - Arica y Parinacota;Arica;AV.STA. MARIA  2465;0.0;SIN CONVENIO;HIDROLAB;;2026-01-28 00:00:00;RESUMEN;CONTROL DIRECTO;0.5;7.81;279.0;;2.8;35.0;2.0;0.1;5.0;1;30.0;;;;;;;;;;;;;;;;;23.2
RENDIC;963;FLORIDA;IV - Coquimbo;La Serena;Avenida Las Parcelas ULS PC 304-A;0.0;SIN CONVENIO;BIODIVERSA;;2026-04-15 00:00:00;RESUMEN;CONTROL DIRECTO;12.13;7.54;311.0;;10.64;51.0;23.0;1;180.33;5.82;174.60000000000002;;;;;;;;;;;;;;;;;19.91
RENDIC;7;VALLENAR I;III - Atacama;Vallenar;Brasil 663;0.0;CONVENIO;CESMEC;;;RESUMEN;AUTOCONTROL;;;;;;;;;;;0.0;;;;;;;;;;;;;;;;;
RENDIC;14;COPIAPO;III - Atacama;Copiapó;Av. Henrriquez N° 523;0.0;CONVENIO;CESMEC;;;RESUMEN;AUTOCONTROL;;;;;;;;;;;0.0;;;;;;;;;;;;;;;;;
RENDIC;16;VALLENAR II;III - Atacama;Vallenar;Arturo Prat 2350;0.0;TERMINADO;CESMEC;;;RESUMEN;AUTOCONTROL;;;;;;;;;;;0.0;;;;;;;;;;;;;;;;;
RENDIC;22;ATACAMA;III - Atacama;Copiapó;Los Carreras 2242;2666.0;CONVENIO;CESMEC;;;RESUMEN;AUTOCONTROL;;;;;;;;;;;0.0;;;;;;;;;;;;;;;;;
RENDIC;23;LOS CARRERAS;III - Atacama;Copiapó;Los Carrera 479;0.0;SIN CONVENIO;CESMEC;;;RESUMEN;AUTOCONTROL;;;;;;;;;;;0.0;;;;;;;;;;;;;;;;;
RENDIC;24;CHACABUCO;III - Atacama;Copiapó;Los Carreras  586;0.0;SIN CONVENIO;CESMEC;;;RESUMEN;AUTOCONTROL;;;;;;;;;;;0.0;;;;;;;;;;;;;;;;;
RENDIC;25;EL PALOMAR;III - Atacama;Copiapó;Av. Palomar 1525;3868.0;TERMINADO;CESMEC;;;RESUMEN;AUTOCONTROL;;;;;;;;;;;0.0;;;;;;;;;;;;;;;;;
RENDIC;32;CHAÑARCILLO;III - Atacama;Copiapó;Chacabuco Nº 231;0.0;CONVENIO;CESMEC;;;RESUMEN;AUTOCONTROL;;;;;;;;;;;0.0;;;;;;;;;;;;;;;;;
RENDIC;344;CURICO ALAMEDA;VII - Maule;Curicó;Estado 43;4530.0;SIN CONVENIO;PROPIO;;;VDD;AUTOCONTROL;;;;;;;;;;;0.0;;;;;;;;;;;;;;;;;
RENDIC;465;PUERTO NATALES;XII - Magallanes;Puerto Natales;Bulnes 742;1133.0;SIN CONVENIO;PROPIO;;;VDD;AUTOCONTROL;;;;;;;;;;;0.0;;;;;;;;;;;;;;;;;
RENDIC;472;CALDERA I;III - Atacama;Caldera;Batallon Atacama 319;0.0;CONVENIO;CESMEC;;;RESUMEN;AUTOCONTROL;;;;;;;;;;;0.0;;;;;;;;;;;;;;;;;
RENDIC;477;CURAUMA;V - Valparaiso;Valparaíso;Obispo Valdes 1170;2721.0;SIN CONVENIO;CESMEC;;;RESUMEN;AUTOCONTROL;;;;;;;;;;;0.0;;;;;;;;;;;;;;;;;
RENDIC;555;GRANEROS;VI - O'Higgins;Graneros;Obispo Rafael Lira 042;4574.0;SIN CONVENIO;CESMEC;;;RESUMEN;AUTOCONTROL;;;;;;;;;;;0.0;;;;;;;;;;;;;;;;;
ALVI;3014;M10 SAN FERNANDO;VI - O'Higgins;San Fernando;Chillan 745;1298.0;TERMINADO;CESMEC;;;RESUMEN;AUTOCONTROL;;;;;;;;;;;0.0;;;;;;;;;;;;;;;;;
RENDIC;9051;CD NUEVO COQUIMBO;IV - Coquimbo;Coquimbo;PAN DE AZUCAR S/N;0.0;SIN CONVENIO;CESMEC;;;COMPLETO;AUTOCONTROL;;;;;;;;;;;0.0;;;;;;;;;;;;;;;;;
RENDIC;9139;CD LO AGUIRRE;RM - Santiago;Pudahuel;CAMINO LO AGUIRRE SUR 537;3552.0;SIN CONVENIO;CESMEC;;;RESUMEN;AUTOCONTROL;;;;;;;;;;;0.0;;;;;;;;;;;;;;;;;
RENDIC;681;ROTONDA ARICA;XV - Arica y Parinacota;Arica;AVDA 18 SEPTIEMBRE 2501;0.0;SIN CONVENIO;CESMEC;;;RESUMEN;AUTOCONTROL;;;;;;;;;;;0.0;;;;;;;;;;;;;;;;;
RENDIC;576;CASTRO I;X - Los Lagos;Castro;O'Higgins 711;3875.0;SIN CONVENIO;CESMEC;;2026-05-27 00:00:00;RESUMEN;CONTROL DIRECTO;12.7;5.43;271.3;;4.3;27.1;3.7;0.5;46.7;389;11670.0;;;;;;;;;;;;;;;;;12.8
RENDIC;777;CENTRAL;X - Los Lagos;Osorno;Patricio Lynch 1278;3684.0;CONVENIO;CESMEC;;2026-05-12 00:00:00;RESUMEN;CONTROL DIRECTO;22.0;7.1;218.0;;4.9;4.19;2.0;0.8;131.0;4;120.0;;;;;;;;;;;;;;;;;11.9
RENDIC;544;PURRANQUE;X - Los Lagos;Purranque;Eleuterio Ramirez 549;0.0;SIN CONVENIO;ANAM;;2026-05-12 00:00:00;RESUMEN;CONTROL DIRECTO;22.0;7.2;146.0;;8.1;45.4;2.0;1;103.0;10;300.0;;;;;;;;;;;;;;;;;15.8
RENDIC;778;ORIENTE;X - Los Lagos;Osorno;Julio Buschman 2223;2867.0;CONVENIO;ANAM;;2026-05-05 00:00:00;RESUMEN;CONTROL DIRECTO;14.0;7.3;33.0;;1.9;15.7;2.0;0.5;20.0;14;420.0;;;;;;;;;;;;;;;;;13.4
;;;;;;;;;;;;;;;;;;;;;;;;;;;;;;;;;;;;;;;;
;;;;;;;;;;;;;;;;;;;;;;;;;;;;;;;;;;;;;;;;
;;;;;;;;;;;;;;;;;;;;;;;;;;;;;;;;;;;;;;;;
;;;;;;;;;;;;;;;;;;;;;;;;;;;;;;;;;;;;;;;;
;;;;;;;;;;;;;;;;;;;;;;;;;;;;;;;;;;;;;;;;
;;;;;;;;;;;;;;;;;;;;;;;;;;;;;;;;;;;;;;;;
;;;;;;;;;;;;;;;;;;;;;;;;;;;;;;;;;;;;;;;;
;;;;;;;;;;;;;;;;;;;;;;;;;;;;;;;;;;;;;;;;
;;;;;;;;;;;;;;;;;;;;;;;;;;;;;;;;;;;;;;;;
;;;;;;;;;;;;;;;;;;;;;;;;;;;;;;;;;;;;;;;;
;;;;;;;;;;;;;;;;;;;;;;;;;;;;;;;;;;;;;;;;
;;;;;;;;;;;;;;;;;;;;;;;;;;;;;;;;;;;;;;;;
;;;;;;;;;;;;;;;;;;;;;;;;;;;;;;;;;;;;;;;;
;;;;;;;;;;;;;;;;;;;;;;;;;;;;;;;;;;;;;;;;
;;;;;;;;;;;;;;;;;;;;;;;;;;;;;;;;;;;;;;;;
;;;;;;;;;;;;;;;;;;;;;;;;;;;;;;;;;;;;;;;;
;;;;;;;;;;;;;;;;;;;;;;;;;;;;;;;;;;;;;;;;
;;;;;;;;;;;;;;;;;;;;;;;;;;;;;;;;;;;;;;;;
;;;;;;;;;;;;;;;;;;;;;;;;;;;;;;;;;;;;;;;;
;;;;;;;;;;;;;;;;;;;;;;;;;;;;;;;;;;;;;;;;
;;;;;;;;;;;;;;;;;;;;;;;;;;;;;;;;;;;;;;;;
;;;;;;;;;;;;;;;;;;;;;;;;;;;;;;;;;;;;;;;;
;;;;;;;;;;;;;;;;;;;;;;;;;;;;;;;;;;;;;;;;
;;;;;;;;;;;;;;;;;;;;;;;;;;;;;;;;;;;;;;;;
;;;;;;;;;;;;;;;;;;;;;;;;;;;;;;;;;;;;;;;;
;;;;;;;;;;;;;;;;;;;;;;;;;;;;;;;;;;;;;;;;
;;;;;;;;;;;;;;;;;;;;;;;;;;;;;;;;;;;;;;;;
;;;;;;;;;;;;;;;;;;;;;;;;;;;;;;;;;;;;;;;;
;;;;;;;;;;;;;;;;;;;;;;;;;;;;;;;;;;;;;;;;
;;;;;;;;;;;;;;;;;;;;;;;;;;;;;;;;;;;;;;;;
;;;;;;;;;;;;;;;;;;;;;;;;;;;;;;;;;;;;;;;;
;;;;;;;;;;;;;;;;;;;;;;;;;;;;;;;;;;;;;;;;
;;;;;;;;;;;;;;;;;;;;;;;;;;;;;;;;;;;;;;;;
;;;;;;;;;;;;;;;;;;;;;;;;;;;;;;;;;;;;;;;;
;;;;;;;;;;;;;;;;;;;;;;;;;;;;;;;;;;;;;;;;
;;;;;;;;;;;;;;;;;;;;;;;;;;;;;;;;;;;;;;;;
;;;;;;;;;;;;;;;;;;;;;;;;;;;;;;;;;;;;;;;;
;;;;;;;;;;;;;;;;;;;;;;;;;;;;;;;;;;;;;;;;
;;;;;;;;;;;;;;;;;;;;;;;;;;;;;;;;;;;;;;;;
;;;;;;;;;;;;;;;;;;;;;;;;;;;;;;;;;;;;;;;;
;;;;;;;;;;;;;;;;;;;;;;;;;;;;;;;;;;;;;;;;
;;;;;;;;;;;;;;;;;;;;;;;;;;;;;;;;;;;;;;;;
;;;;;;;;;;;;;;;;;;;;;;;;;;;;;;;;;;;;;;;;
;;;;;;;;;;;;;;;;;;;;;;;;;;;;;;;;;;;;;;;;
;;;;;;;;;;;;;;;;;;;;;;;;;;;;;;;;;;;;;;;;
;;;;;;;;;;;;;;;;;;;;;;;;;;;;;;;;;;;;;;;;
;;;;;;;;;;;;;;;;;;;;;;;;;;;;;;;;;;;;;;;;
;;;;;;;;;;;;;;;;;;;;;;;;;;;;;;;;;;;;;;;;
;;;;;;;;;;;;;;;;;;;;;;;;;;;;;;;;;;;;;;;;
;;;;;;;;;;;;;;;;;;;;;;;;;;;;;;;;;;;;;;;;
;;;;;;;;;;;;;;;;;;;;;;;;;;;;;;;;;;;;;;;;
;;;;;;;;;;;;;;;;;;;;;;;;;;;;;;;;;;;;;;;;
;;;;;;;;;;;;;;;;;;;;;;;;;;;;;;;;;;;;;;;;
;;;;;;;;;;;;;;;;;;;;;;;;;;;;;;;;;;;;;;;;
;;;;;;;;;;;;;;;;;;;;;;;;;;;;;;;;;;;;;;;;
;;;;;;;;;;;;;;;;;;;;;;;;;;;;;;;;;;;;;;;;
;;;;;;;;;;;;;;;;;;;;;;;;;;;;;;;;;;;;;;;;
;;;;;;;;;;;;;;;;;;;;;;;;;;;;;;;;;;;;;;;;
;;;;;;;;;;;;;;;;;;;;;;;;;;;;;;;;;;;;;;;;
;;;;;;;;;;;;;;;;;;;;;;;;;;;;;;;;;;;;;;;;
;;;;;;;;;;;;;;;;;;;;;;;;;;;;;;;;;;;;;;;;
;;;;;;;;;;;;;;;;;;;;;;;;;;;;;;;;;;;;;;;;
;;;;;;;;;;;;;;;;;;;;;;;;;;;;;;;;;;;;;;;;
;;;;;;;;;;;;;;;;;;;;;;;;;;;;;;;;;;;;;;;;
;;;;;;;;;;;;;;;;;;;;;;;;;;;;;;;;;;;;;;;;
;;;;;;;;;;;;;;;;;;;;;;;;;;;;;;;;;;;;;;;;
;;;;;;;;;;;;;;;;;;;;;;;;;;;;;;;;;;;;;;;;
;;;;;;;;;;;;;;;;;;;;;;;;;;;;;;;;;;;;;;;;
;;;;;;;;;;;;;;;;;;;;;;;;;;;;;;;;;;;;;;;;
;;;;;;;;;;;;;;;;;;;;;;;;;;;;;;;;;;;;;;;;
;;;;;;;;;;;;;;;;;;;;;;;;;;;;;;;;;;;;;;;;
;;;;;;;;;;;;;;;;;;;;;;;;;;;;;;;;;;;;;;;;
;;;;;;;;;;;;;;;;;;;;;;;;;;;;;;;;;;;;;;;;
;;;;;;;;;;;;;;;;;;;;;;;;;;;;;;;;;;;;;;;;
;;;;;;;;;;;;;;;;;;;;;;;;;;;;;;;;;;;;;;;;
;;;;;;;;;;;;;;;;;;;;;;;;;;;;;;;;;;;;;;;;
;;;;;;;;;;;;;;;;;;;;;;;;;;;;;;;;;;;;;;;;
;;;;;;;;;;;;;;;;;;;;;;;;;;;;;;;;;;;;;;;;
;;;;;;;;;;;;;;;;;;;;;;;;;;;;;;;;;;;;;;;;
;;;;;;;;;;;;;;;;;;;;;;;;;;;;;;;;;;;;;;;;
;;;;;;;;;;;;;;;;;;;;;;;;;;;;;;;;;;;;;;;;
;;;;;;;;;;;;;;;;;;;;;;;;;;;;;;;;;;;;;;;;
;;;;;;;;;;;;;;;;;;;;;;;;;;;;;;;;;;;;;;;;
;;;;;;;;;;;;;;;;;;;;;;;;;;;;;;;;;;;;;;;;
;;;;;;;;;;;;;;;;;;;;;;;;;;;;;;;;;;;;;;;;
;;;;;;;;;;;;;;;;;;;;;;;;;;;;;;;;;;;;;;;;
;;;;;;;;;;;;;;;;;;;;;;;;;;;;;;;;;;;;;;;;
;;;;;;;;;;;;;;;;;;;;;;;;;;;;;;;;;;;;;;;;
;;;;;;;;;;;;;;;;;;;;;;;;;;;;;;;;;;;;;;;;
;;;;;;;;;;;;;;;;;;;;;;;;;;;;;;;;;;;;;;;;
;;;;;;;;;;;;;;;;;;;;;;;;;;;;;;;;;;;;;;;;
;;;;;;;;;;;;;;;;;;;;;;;;;;;;;;;;;;;;;;;;
;;;;;;;;;;;;;;;;;;;;;;;;;;;;;;;;;;;;;;;;
;;;;;;;;;;;;;;;;;;;;;;;;;;;;;;;;;;;;;;;;
;;;;;;;;;;;;;;;;;;;;;;;;;;;;;;;;;;;;;;;;
;;;;;;;;;;;;;;;;;;;;;;;;;;;;;;;;;;;;;;;;
;;;;;;;;;;;;;;;;;;;;;;;;;;;;;;;;;;;;;;;;
;;;;;;;;;;;;;;;;;;;;;;;;;;;;;;;;;;;;;;;;
;;;;;;;;;;;;;;;;;;;;;;;;;;;;;;;;;;;;;;;;
;;;;;;;;;;;;;;;;;;;;;;;;;;;;;;;;;;;;;;;;
;;;;;;;;;;;;;;;;;;;;;;;;;;;;;;;;;;;;;;;;
;;;;;;;;;;;;;;;;;;;;;;;;;;;;;;;;;;;;;;;;
;;;;;;;;;;;;;;;;;;;;;;;;;;;;;;;;;;;;;;;;
;;;;;;;;;;;;;;;;;;;;;;;;;;;;;;;;;;;;;;;;
;;;;;;;;;;;;;;;;;;;;;;;;;;;;;;;;;;;;;;;;
;;;;;;;;;;;;;;;;;;;;;;;;;;;;;;;;;;;;;;;;
;;;;;;;;;;;;;;;;;;;;;;;;;;;;;;;;;;;;;;;;
;;;;;;;;;;;;;;;;;;;;;;;;;;;;;;;;;;;;;;;;
;;;;;;;;;;;;;;;;;;;;;;;;;;;;;;;;;;;;;;;;
;;;;;;;;;;;;;;;;;;;;;;;;;;;;;;;;;;;;;;;;
;;;;;;;;;;;;;;;;;;;;;;;;;;;;;;;;;;;;;;;;
;;;;;;;;;;;;;;;;;;;;;;;;;;;;;;;;;;;;;;;;
;;;;;;;;;;;;;;;;;;;;;;;;;;;;;;;;;;;;;;;;
;;;;;;;;;;;;;;;;;;;;;;;;;;;;;;;;;;;;;;;;
;;;;;;;;;;;;;;;;;;;;;;;;;;;;;;;;;;;;;;;;
;;;;;;;;;;;;;;;;;;;;;;;;;;;;;;;;;;;;;;;;
;;;;;;;;;;;;;;;;;;;;;;;;;;;;;;;;;;;;;;;;
;;;;;;;;;;;;;;;;;;;;;;;;;;;;;;;;;;;;;;;;
;;;;;;;;;;;;;;;;;;;;;;;;;;;;;;;;;;;;;;;;
;;;;;;;;;;;;;;;;;;;;;;;;;;;;;;;;;;;;;;;;
;;;;;;;;;;;;;;;;;;;;;;;;;;;;;;;;;;;;;;;;
;;;;;;;;;;;;;;;;;;;;;;;;;;;;;;;;;;;;;;;;
;;;;;;;;;;;;;;;;;;;;;;;;;;;;;;;;;;;;;;;;
;;;;;;;;;;;;;;;;;;;;;;;;;;;;;;;;;;;;;;;;
;;;;;;;;;;;;;;;;;;;;;;;;;;;;;;;;;;;;;;;;
;;;;;;;;;;;;;;;;;;;;;;;;;;;;;;;;;;;;;;;;
;;;;;;;;;;;;;;;;;;;;;;;;;;;;;;;;;;;;;;;;
;;;;;;;;;;;;;;;;;;;;;;;;;;;;;;;;;;;;;;;;
;;;;;;;;;;;;;;;;;;;;;;;;;;;;;;;;;;;;;;;;
;;;;;;;;;;;;;;;;;;;;;;;;;;;;;;;;;;;;;;;;
;;;;;;;;;;;;;;;;;;;;;;;;;;;;;;;;;;;;;;;;
;;;;;;;;;;;;;;;;;;;;;;;;;;;;;;;;;;;;;;;;
;;;;;;;;;;;;;;;;;;;;;;;;;;;;;;;;;;;;;;;;
;;;;;;;;;;;;;;;;;;;;;;;;;;;;;;;;;;;;;;;;
;;;;;;;;;;;;;;;;;;;;;;;;;;;;;;;;;;;;;;;;
;;;;;;;;;;;;;;;;;;;;;;;;;;;;;;;;;;;;;;;;
;;;;;;;;;;;;;;;;;;;;;;;;;;;;;;;;;;;;;;;;
;;;;;;;;;;;;;;;;;;;;;;;;;;;;;;;;;;;;;;;;
;;;;;;;;;;;;;;;;;;;;;;;;;;;;;;;;;;;;;;;;
;;;;;;;;;;;;;;;;;;;;;;;;;;;;;;;;;;;;;;;;
;;;;;;;;;;;;;;;;;;;;;;;;;;;;;;;;;;;;;;;;
;;;;;;;;;;;;;;;;;;;;;;;;;;;;;;;;;;;;;;;;
;;;;;;;;;;;;;;;;;;;;;;;;;;;;;;;;;;;;;;;;
;;;;;;;;;;;;;;;;;;;;;;;;;;;;;;;;;;;;;;;;
;;;;;;;;;;;;;;;;;;;;;;;;;;;;;;;;;;;;;;;;
;;;;;;;;;;;;;;;;;;;;;;;;;;;;;;;;;;;;;;;;
;;;;;;;;;;;;;;;;;;;;;;;;;;;;;;;;;;;;;;;;
;;;;;;;;;;;;;;;;;;;;;;;;;;;;;;;;;;;;;;;;
;;;;;;;;;;;;;;;;;;;;;;;;;;;;;;;;;;;;;;;;
;;;;;;;;;;;;;;;;;;;;;;;;;;;;;;;;;;;;;;;;
;;;;;;;;;;;;;;;;;;;;;;;;;;;;;;;;;;;;;;;;
;;;;;;;;;;;;;;;;;;;;;;;;;;;;;;;;;;;;;;;;
;;;;;;;;;;;;;;;;;;;;;;;;;;;;;;;;;;;;;;;;
;;;;;;;;;;;;;;;;;;;;;;;;;;;;;;;;;;;;;;;;
;;;;;;;;;;;;;;;;;;;;;;;;;;;;;;;;;;;;;;;;
;;;;;;;;;;;;;;;;;;;;;;;;;;;;;;;;;;;;;;;;
;;;;;;;;;;;;;;;;;;;;;;;;;;;;;;;;;;;;;;;;
;;;;;;;;;;;;;;;;;;;;;;;;;;;;;;;;;;;;;;;;
;;;;;;;;;;;;;;;;;;;;;;;;;;;;;;;;;;;;;;;;
;;;;;;;;;;;;;;;;;;;;;;;;;;;;;;;;;;;;;;;;
;;;;;;;;;;;;;;;;;;;;;;;;;;;;;;;;;;;;;;;;
;;;;;;;;;;;;;;;;;;;;;;;;;;;;;;;;;;;;;;;;
;;;;;;;;;;;;;;;;;;;;;;;;;;;;;;;;;;;;;;;;
;;;;;;;;;;;;;;;;;;;;;;;;;;;;;;;;;;;;;;;;
;;;;;;;;;;;;;;;;;;;;;;;;;;;;;;;;;;;;;;;;
;;;;;;;;;;;;;;;;;;;;;;;;;;;;;;;;;;;;;;;;
;;;;;;;;;;;;;;;;;;;;;;;;;;;;;;;;;;;;;;;;
;;;;;;;;;;;;;;;;;;;;;;;;;;;;;;;;;;;;;;;;
;;;;;;;;;;;;;;;;;;;;;;;;;;;;;;;;;;;;;;;;
;;;;;;;;;;;;;;;;;;;;;;;;;;;;;;;;;;;;;;;;
;;;;;;;;;;;;;;;;;;;;;;;;;;;;;;;;;;;;;;;;
;;;;;;;;;;;;;;;;;;;;;;;;;;;;;;;;;;;;;;;;
;;;;;;;;;;;;;;;;;;;;;;;;;;;;;;;;;;;;;;;;
;;;;;;;;;;;;;;;;;;;;;;;;;;;;;;;;;;;;;;;;
;;;;;;;;;;;;;;;;;;;;;;;;;;;;;;;;;;;;;;;;
;;;;;;;;;;;;;;;;;;;;;;;;;;;;;;;;;;;;;;;;
;;;;;;;;;;;;;;;;;;;;;;;;;;;;;;;;;;;;;;;;
;;;;;;;;;;;;;;;;;;;;;;;;;;;;;;;;;;;;;;;;
;;;;;;;;;;;;;;;;;;;;;;;;;;;;;;;;;;;;;;;;
;;;;;;;;;;;;;;;;;;;;;;;;;;;;;;;;;;;;;;;;
;;;;;;;;;;;;;;;;;;;;;;;;;;;;;;;;;;;;;;;;
;;;;;;;;;;;;;;;;;;;;;;;;;;;;;;;;;;;;;;;;
;;;;;;;;;;;;;;;;;;;;;;;;;;;;;;;;;;;;;;;;
;;;;;;;;;;;;;;;;;;;;;;;;;;;;;;;;;;;;;;;;
;;;;;;;;;;;;;;;;;;;;;;;;;;;;;;;;;;;;;;;;
;;;;;;;;;;;;;;;;;;;;;;;;;;;;;;;;;;;;;;;;
;;;;;;;;;;;;;;;;;;;;;;;;;;;;;;;;;;;;;;;;
;;;;;;;;;;;;;;;;;;;;;;;;;;;;;;;;;;;;;;;;
;;;;;;;;;;;;;;;;;;;;;;;;;;;;;;;;;;;;;;;;
;;;;;;;;;;;;;;;;;;;;;;;;;;;;;;;;;;;;;;;;
;;;;;;;;;;;;;;;;;;;;;;;;;;;;;;;;;;;;;;;;
;;;;;;;;;;;;;;;;;;;;;;;;;;;;;;;;;;;;;;;;
;;;;;;;;;;;;;;;;;;;;;;;;;;;;;;;;;;;;;;;;
;;;;;;;;;;;;;;;;;;;;;;;;;;;;;;;;;;;;;;;;
;;;;;;;;;;;;;;;;;;;;;;;;;;;;;;;;;;;;;;;;
;;;;;;;;;;;;;;;;;;;;;;;;;;;;;;;;;;;;;;;;
;;;;;;;;;;;;;;;;;;;;;;;;;;;;;;;;;;;;;;;;
;;;;;;;;;;;;;;;;;;;;;;;;;;;;;;;;;;;;;;;;
;;;;;;;;;;;;;;;;;;;;;;;;;;;;;;;;;;;;;;;;
;;;;;;;;;;;;;;;;;;;;;;;;;;;;;;;;;;;;;;;;
;;;;;;;;;;;;;;;;;;;;;;;;;;;;;;;;;;;;;;;;
;;;;;;;;;;;;;;;;;;;;;;;;;;;;;;;;;;;;;;;;
;;;;;;;;;;;;;;;;;;;;;;;;;;;;;;;;;;;;;;;;
;;;;;;;;;;;;;;;;;;;;;;;;;;;;;;;;;;;;;;;;
;;;;;;;;;;;;;;;;;;;;;;;;;;;;;;;;;;;;;;;;
;;;;;;;;;;;;;;;;;;;;;;;;;;;;;;;;;;;;;;;;
;;;;;;;;;;;;;;;;;;;;;;;;;;;;;;;;;;;;;;;;
;;;;;;;;;;;;;;;;;;;;;;;;;;;;;;;;;;;;;;;;
;;;;;;;;;;;;;;;;;;;;;;;;;;;;;;;;;;;;;;;;
;;;;;;;;;;;;;;;;;;;;;;;;;;;;;;;;;;;;;;;;
;;;;;;;;;;;;;;;;;;;;;;;;;;;;;;;;;;;;;;;;
;;;;;;;;;;;;;;;;;;;;;;;;;;;;;;;;;;;;;;;;
;;;;;;;;;;;;;;;;;;;;;;;;;;;;;;;;;;;;;;;;
;;;;;;;;;;;;;;;;;;;;;;;;;;;;;;;;;;;;;;;;
;;;;;;;;;;;;;;;;;;;;;;;;;;;;;;;;;;;;;;;;
;;;;;;;;;;;;;;;;;;;;;;;;;;;;;;;;;;;;;;;;
;;;;;;;;;;;;;;;;;;;;;;;;;;;;;;;;;;;;;;;;
;;;;;;;;;;;;;;;;;;;;;;;;;;;;;;;;;;;;;;;;
;;;;;;;;;;;;;;;;;;;;;;;;;;;;;;;;;;;;;;;;
;;;;;;;;;;;;;;;;;;;;;;;;;;;;;;;;;;;;;;;;
;;;;;;;;;;;;;;;;;;;;;;;;;;;;;;;;;;;;;;;;
;;;;;;;;;;;;;;;;;;;;;;;;;;;;;;;;;;;;;;;;
;;;;;;;;;;;;;;;;;;;;;;;;;;;;;;;;;;;;;;;;
;;;;;;;;;;;;;;;;;;;;;;;;;;;;;;;;;;;;;;;;
;;;;;;;;;;;;;;;;;;;;;;;;;;;;;;;;;;;;;;;;
;;;;;;;;;;;;;;;;;;;;;;;;;;;;;;;;;;;;;;;;
;;;;;;;;;;;;;;;;;;;;;;;;;;;;;;;;;;;;;;;;
;;;;;;;;;;;;;;;;;;;;;;;;;;;;;;;;;;;;;;;;
;;;;;;;;;;;;;;;;;;;;;;;;;;;;;;;;;;;;;;;;
;;;;;;;;;;;;;;;;;;;;;;;;;;;;;;;;;;;;;;;;
;;;;;;;;;;;;;;;;;;;;;;;;;;;;;;;;;;;;;;;;
;;;;;;;;;;;;;;;;;;;;;;;;;;;;;;;;;;;;;;;;
;;;;;;;;;;;;;;;;;;;;;;;;;;;;;;;;;;;;;;;;
;;;;;;;;;;;;;;;;;;;;;;;;;;;;;;;;;;;;;;;;
;;;;;;;;;;;;;;;;;;;;;;;;;;;;;;;;;;;;;;;;
;;;;;;;;;;;;;;;;;;;;;;;;;;;;;;;;;;;;;;;;
;;;;;;;;;;;;;;;;;;;;;;;;;;;;;;;;;;;;;;;;
;;;;;;;;;;;;;;;;;;;;;;;;;;;;;;;;;;;;;;;;
;;;;;;;;;;;;;;;;;;;;;;;;;;;;;;;;;;;;;;;;
;;;;;;;;;;;;;;;;;;;;;;;;;;;;;;;;;;;;;;;;
;;;;;;;;;;;;;;;;;;;;;;;;;;;;;;;;;;;;;;;;
;;;;;;;;;;;;;;;;;;;;;;;;;;;;;;;;;;;;;;;;
;;;;;;;;;;;;;;;;;;;;;;;;;;;;;;;;;;;;;;;;
;;;;;;;;;;;;;;;;;;;;;;;;;;;;;;;;;;;;;;;;
;;;;;;;;;;;;;;;;;;;;;;;;;;;;;;;;;;;;;;;;
;;;;;;;;;;;;;;;;;;;;;;;;;;;;;;;;;;;;;;;;
;;;;;;;;;;;;;;;;;;;;;;;;;;;;;;;;;;;;;;;;
;;;;;;;;;;;;;;;;;;;;;;;;;;;;;;;;;;;;;;;;
;;;;;;;;;;;;;;;;;;;;;;;;;;;;;;;;;;;;;;;;
;;;;;;;;;;;;;;;;;;;;;;;;;;;;;;;;;;;;;;;;
;;;;;;;;;;;;;;;;;;;;;;;;;;;;;;;;;;;;;;;;
;;;;;;;;;;;;;;;;;;;;;;;;;;;;;;;;;;;;;;;;
;;;;;;;;;;;;;;;;;;;;;;;;;;;;;;;;;;;;;;;;
;;;;;;;;;;;;;;;;;;;;;;;;;;;;;;;;;;;;;;;;
;;;;;;;;;;;;;;;;;;;;;;;;;;;;;;;;;;;;;;;;
;;;;;;;;;;;;;;;;;;;;;;;;;;;;;;;;;;;;;;;;
;;;;;;;;;;;;;;;;;;;;;;;;;;;;;;;;;;;;;;;;
;;;;;;;;;;;;;;;;;;;;;;;;;;;;;;;;;;;;;;;;
;;;;;;;;;;;;;;;;;;;;;;;;;;;;;;;;;;;;;;;;
;;;;;;;;;;;;;;;;;;;;;;;;;;;;;;;;;;;;;;;;
;;;;;;;;;;;;;;;;;;;;;;;;;;;;;;;;;;;;;;;;
;;;;;;;;;;;;;;;;;;;;;;;;;;;;;;;;;;;;;;;;
;;;;;;;;;;;;;;;;;;;;;;;;;;;;;;;;;;;;;;;;
;;;;;;;;;;;;;;;;;;;;;;;;;;;;;;;;;;;;;;;;
;;;;;;;;;;;;;;;;;;;;;;;;;;;;;;;;;;;;;;;;
;;;;;;;;;;;;;;;;;;;;;;;;;;;;;;;;;;;;;;;;
;;;;;;;;;;;;;;;;;;;;;;;;;;;;;;;;;;;;;;;;
;;;;;;;;;;;;;;;;;;;;;;;;;;;;;;;;;;;;;;;;
;;;;;;;;;;;;;;;;;;;;;;;;;;;;;;;;;;;;;;;;
;;;;;;;;;;;;;;;;;;;;;;;;;;;;;;;;;;;;;;;;
;;;;;;;;;;;;;;;;;;;;;;;;;;;;;;;;;;;;;;;;
;;;;;;;;;;;;;;;;;;;;;;;;;;;;;;;;;;;;;;;;
;;;;;;;;;;;;;;;;;;;;;;;;;;;;;;;;;;;;;;;;
;;;;;;;;;;;;;;;;;;;;;;;;;;;;;;;;;;;;;;;;
;;;;;;;;;;;;;;;;;;;;;;;;;;;;;;;;;;;;;;;;
;;;;;;;;;;;;;;;;;;;;;;;;;;;;;;;;;;;;;;;;
;;;;;;;;;;;;;;;;;;;;;;;;;;;;;;;;;;;;;;;;
;;;;;;;;;;;;;;;;;;;;;;;;;;;;;;;;;;;;;;;;
;;;;;;;;;;;;;;;;;;;;;;;;;;;;;;;;;;;;;;;;
;;;;;;;;;;;;;;;;;;;;;;;;;;;;;;;;;;;;;;;;
;;;;;;;;;;;;;;;;;;;;;;;;;;;;;;;;;;;;;;;;
;;;;;;;;;;;;;;;;;;;;;;;;;;;;;;;;;;;;;;;;
;;;;;;;;;;;;;;;;;;;;;;;;;;;;;;;;;;;;;;;;
;;;;;;;;;;;;;;;;;;;;;;;;;;;;;;;;;;;;;;;;
;;;;;;;;;;;;;;;;;;;;;;;;;;;;;;;;;;;;;;;;
;;;;;;;;;;;;;;;;;;;;;;;;;;;;;;;;;;;;;;;;
;;;;;;;;;;;;;;;;;;;;;;;;;;;;;;;;;;;;;;;;
;;;;;;;;;;;;;;;;;;;;;;;;;;;;;;;;;;;;;;;;
;;;;;;;;;;;;;;;;;;;;;;;;;;;;;;;;;;;;;;;;
;;;;;;;;;;;;;;;;;;;;;;;;;;;;;;;;;;;;;;;;
;;;;;;;;;;;;;;;;;;;;;;;;;;;;;;;;;;;;;;;;
;;;;;;;;;;;;;;;;;;;;;;;;;;;;;;;;;;;;;;;;
;;;;;;;;;;;;;;;;;;;;;;;;;;;;;;;;;;;;;;;;
;;;;;;;;;;;;;;;;;;;;;;;;;;;;;;;;;;;;;;;;
;;;;;;;;;;;;;;;;;;;;;;;;;;;;;;;;;;;;;;;;
;;;;;;;;;;;;;;;;;;;;;;;;;;;;;;;;;;;;;;;;
;;;;;;;;;;;;;;;;;;;;;;;;;;;;;;;;;;;;;;;;
;;;;;;;;;;;;;;;;;;;;;;;;;;;;;;;;;;;;;;;;
;;;;;;;;;;;;;;;;;;;;;;;;;;;;;;;;;;;;;;;;
;;;;;;;;;;;;;;;;;;;;;;;;;;;;;;;;;;;;;;;;
;;;;;;;;;;;;;;;;;;;;;;;;;;;;;;;;;;;;;;;;
;;;;;;;;;;;;;;;;;;;;;;;;;;;;;;;;;;;;;;;;
;;;;;;;;;;;;;;;;;;;;;;;;;;;;;;;;;;;;;;;;
;;;;;;;;;;;;;;;;;;;;;;;;;;;;;;;;;;;;;;;;
;;;;;;;;;;;;;;;;;;;;;;;;;;;;;;;;;;;;;;;;
;;;;;;;;;;;;;;;;;;;;;;;;;;;;;;;;;;;;;;;;
;;;;;;;;;;;;;;;;;;;;;;;;;;;;;;;;;;;;;;;;
;;;;;;;;;;;;;;;;;;;;;;;;;;;;;;;;;;;;;;;;
;;;;;;;;;;;;;;;;;;;;;;;;;;;;;;;;;;;;;;;;
;;;;;;;;;;;;;;;;;;;;;;;;;;;;;;;;;;;;;;;;
;;;;;;;;;;;;;;;;;;;;;;;;;;;;;;;;;;;;;;;;
;;;;;;;;;;;;;;;;;;;;;;;;;;;;;;;;;;;;;;;;
;;;;;;;;;;;;;;;;;;;;;;;;;;;;;;;;;;;;;;;;
;;;;;;;;;;;;;;;;;;;;;;;;;;;;;;;;;;;;;;;;
;;;;;;;;;;;;;;;;;;;;;;;;;;;;;;;;;;;;;;;;
;;;;;;;;;;;;;;;;;;;;;;;;;;;;;;;;;;;;;;;;
;;;;;;;;;;;;;;;;;;;;;;;;;;;;;;;;;;;;;;;;
;;;;;;;;;;;;;;;;;;;;;;;;;;;;;;;;;;;;;;;;
;;;;;;;;;;;;;;;;;;;;;;;;;;;;;;;;;;;;;;;;
;;;;;;;;;;;;;;;;;;;;;;;;;;;;;;;;;;;;;;;;
;;;;;;;;;;;;;;;;;;;;;;;;;;;;;;;;;;;;;;;;
;;;;;;;;;;;;;;;;;;;;;;;;;;;;;;;;;;;;;;;;
;;;;;;;;;;;;;;;;;;;;;;;;;;;;;;;;;;;;;;;;
;;;;;;;;;;;;;;;;;;;;;;;;;;;;;;;;;;;;;;;;
;;;;;;;;;;;;;;;;;;;;;;;;;;;;;;;;;;;;;;;;
;;;;;;;;;;;;;;;;;;;;;;;;;;;;;;;;;;;;;;;;
;;;;;;;;;;;;;;;;;;;;;;;;;;;;;;;;;;;;;;;;
;;;;;;;;;;;;;;;;;;;;;;;;;;;;;;;;;;;;;;;;
;;;;;;;;;;;;;;;;;;;;;;;;;;;;;;;;;;;;;;;;
;;;;;;;;;;;;;;;;;;;;;;;;;;;;;;;;;;;;;;;;
;;;;;;;;;;;;;;;;;;;;;;;;;;;;;;;;;;;;;;;;
;;;;;;;;;;;;;;;;;;;;;;;;;;;;;;;;;;;;;;;;
;;;;;;;;;;;;;;;;;;;;;;;;;;;;;;;;;;;;;;;;
;;;;;;;;;;;;;;;;;;;;;;;;;;;;;;;;;;;;;;;;
;;;;;;;;;;;;;;;;;;;;;;;;;;;;;;;;;;;;;;;;
;;;;;;;;;;;;;;;;;;;;;;;;;;;;;;;;;;;;;;;;
;;;;;;;;;;;;;;;;;;;;;;;;;;;;;;;;;;;;;;;;
;;;;;;;;;;;;;;;;;;;;;;;;;;;;;;;;;;;;;;;;
;;;;;;;;;;;;;;;;;;;;;;;;;;;;;;;;;;;;;;;;
;;;;;;;;;;;;;;;;;;;;;;;;;;;;;;;;;;;;;;;;
;;;;;;;;;;;;;;;;;;;;;;;;;;;;;;;;;;;;;;;;
;;;;;;;;;;;;;;;;;;;;;;;;;;;;;;;;;;;;;;;;
;;;;;;;;;;;;;;;;;;;;;;;;;;;;;;;;;;;;;;;;
;;;;;;;;;;;;;;;;;;;;;;;;;;;;;;;;;;;;;;;;
;;;;;;;;;;;;;;;;;;;;;;;;;;;;;;;;;;;;;;;;
;;;;;;;;;;;;;;;;;;;;;;;;;;;;;;;;;;;;;;;;
;;;;;;;;;;;;;;;;;;;;;;;;;;;;;;;;;;;;;;;;
;;;;;;;;;;;;;;;;;;;;;;;;;;;;;;;;;;;;;;;;
;;;;;;;;;;;;;;;;;;;;;;;;;;;;;;;;;;;;;;;;
;;;;;;;;;;;;;;;;;;;;;;;;;;;;;;;;;;;;;;;;
;;;;;;;;;;;;;;;;;;;;;;;;;;;;;;;;;;;;;;;;
;;;;;;;;;;;;;;;;;;;;;;;;;;;;;;;;;;;;;;;;
;;;;;;;;;;;;;;;;;;;;;;;;;;;;;;;;;;;;;;;;
;;;;;;;;;;;;;;;;;;;;;;;;;;;;;;;;;;;;;;;;
;;;;;;;;;;;;;;;;;;;;;;;;;;;;;;;;;;;;;;;;
;;;;;;;;;;;;;;;;;;;;;;;;;;;;;;;;;;;;;;;;
;;;;;;;;;;;;;;;;;;;;;;;;;;;;;;;;;;;;;;;;
;;;;;;;;;;;;;;;;;;;;;;;;;;;;;;;;;;;;;;;;
;;;;;;;;;;;;;;;;;;;;;;;;;;;;;;;;;;;;;;;;
;;;;;;;;;;;;;;;;;;;;;;;;;;;;;;;;;;;;;;;;
;;;;;;;;;;;;;;;;;;;;;;;;;;;;;;;;;;;;;;;;
;;;;;;;;;;;;;;;;;;;;;;;;;;;;;;;;;;;;;;;;
;;;;;;;;;;;;;;;;;;;;;;;;;;;;;;;;;;;;;;;;
;;;;;;;;;;;;;;;;;;;;;;;;;;;;;;;;;;;;;;;;
;;;;;;;;;;;;;;;;;;;;;;;;;;;;;;;;;;;;;;;;
;;;;;;;;;;;;;;;;;;;;;;;;;;;;;;;;;;;;;;;;
;;;;;;;;;;;;;;;;;;;;;;;;;;;;;;;;;;;;;;;;
;;;;;;;;;;;;;;;;;;;;;;;;;;;;;;;;;;;;;;;;
;;;;;;;;;;;;;;;;;;;;;;;;;;;;;;;;;;;;;;;;
;;;;;;;;;;;;;;;;;;;;;;;;;;;;;;;;;;;;;;;;
;;;;;;;;;;;;;;;;;;;;;;;;;;;;;;;;;;;;;;;;
;;;;;;;;;;;;;;;;;;;;;;;;;;;;;;;;;;;;;;;;
;;;;;;;;;;;;;;;;;;;;;;;;;;;;;;;;;;;;;;;;
;;;;;;;;;;;;;;;;;;;;;;;;;;;;;;;;;;;;;;;;
;;;;;;;;;;;;;;;;;;;;;;;;;;;;;;;;;;;;;;;;
;;;;;;;;;;;;;;;;;;;;;;;;;;;;;;;;;;;;;;;;
;;;;;;;;;;;;;;;;;;;;;;;;;;;;;;;;;;;;;;;;
;;;;;;;;;;;;;;;;;;;;;;;;;;;;;;;;;;;;;;;;
;;;;;;;;;;;;;;;;;;;;;;;;;;;;;;;;;;;;;;;;
;;;;;;;;;;;;;;;;;;;;;;;;;;;;;;;;;;;;;;;;
;;;;;;;;;;;;;;;;;;;;;;;;;;;;;;;;;;;;;;;;
;;;;;;;;;;;;;;;;;;;;;;;;;;;;;;;;;;;;;;;;
;;;;;;;;;;;;;;;;;;;;;;;;;;;;;;;;;;;;;;;;
;;;;;;;;;;;;;;;;;;;;;;;;;;;;;;;;;;;;;;;;
;;;;;;;;;;;;;;;;;;;;;;;;;;;;;;;;;;;;;;;;
;;;;;;;;;;;;;;;;;;;;;;;;;;;;;;;;;;;;;;;;
;;;;;;;;;;;;;;;;;;;;;;;;;;;;;;;;;;;;;;;;
;;;;;;;;;;;;;;;;;;;;;;;;;;;;;;;;;;;;;;;;
;;;;;;;;;;;;;;;;;;;;;;;;;;;;;;;;;;;;;;;;
;;;;;;;;;;;;;;;;;;;;;;;;;;;;;;;;;;;;;;;;
;;;;;;;;;;;;;;;;;;;;;;;;;;;;;;;;;;;;;;;;
;;;;;;;;;;;;;;;;;;;;;;;;;;;;;;;;;;;;;;;;
;;;;;;;;;;;;;;;;;;;;;;;;;;;;;;;;;;;;;;;;
;;;;;;;;;;;;;;;;;;;;;;;;;;;;;;;;;;;;;;;;
;;;;;;;;;;;;;;;;;;;;;;;;;;;;;;;;;;;;;;;;
;;;;;;;;;;;;;;;;;;;;;;;;;;;;;;;;;;;;;;;;
;;;;;;;;;;;;;;;;;;;;;;;;;;;;;;;;;;;;;;;;
;;;;;;;;;;;;;;;;;;;;;;;;;;;;;;;;;;;;;;;;
;;;;;;;;;;;;;;;;;;;;;;;;;;;;;;;;;;;;;;;;
;;;;;;;;;;;;;;;;;;;;;;;;;;;;;;;;;;;;;;;;
;;;;;;;;;;;;;;;;;;;;;;;;;;;;;;;;;;;;;;;;
;;;;;;;;;;;;;;;;;;;;;;;;;;;;;;;;;;;;;;;;
;;;;;;;;;;;;;;;;;;;;;;;;;;;;;;;;;;;;;;;;
;;;;;;;;;;;;;;;;;;;;;;;;;;;;;;;;;;;;;;;;
;;;;;;;;;;;;;;;;;;;;;;;;;;;;;;;;;;;;;;;;
;;;;;;;;;;;;;;;;;;;;;;;;;;;;;;;;;;;;;;;;
;;;;;;;;;;;;;;;;;;;;;;;;;;;;;;;;;;;;;;;;
;;;;;;;;;;;;;;;;;;;;;;;;;;;;;;;;;;;;;;;;
;;;;;;;;;;;;;;;;;;;;;;;;;;;;;;;;;;;;;;;;
;;;;;;;;;;;;;;;;;;;;;;;;;;;;;;;;;;;;;;;;
;;;;;;;;;;;;;;;;;;;;;;;;;;;;;;;;;;;;;;;;
;;;;;;;;;;;;;;;;;;;;;;;;;;;;;;;;;;;;;;;;
;;;;;;;;;;;;;;;;;;;;;;;;;;;;;;;;;;;;;;;;
;;;;;;;;;;;;;;;;;;;;;;;;;;;;;;;;;;;;;;;;
;;;;;;;;;;;;;;;;;;;;;;;;;;;;;;;;;;;;;;;;
;;;;;;;;;;;;;;;;;;;;;;;;;;;;;;;;;;;;;;;;
;;;;;;;;;;;;;;;;;;;;;;;;;;;;;;;;;;;;;;;;
;;;;;;;;;;;;;;;;;;;;;;;;;;;;;;;;;;;;;;;;
;;;;;;;;;;;;;;;;;;;;;;;;;;;;;;;;;;;;;;;;
;;;;;;;;;;;;;;;;;;;;;;;;;;;;;;;;;;;;;;;;
;;;;;;;;;;;;;;;;;;;;;;;;;;;;;;;;;;;;;;;;
;;;;;;;;;;;;;;;;;;;;;;;;;;;;;;;;;;;;;;;;
;;;;;;;;;;;;;;;;;;;;;;;;;;;;;;;;;;;;;;;;
;;;;;;;;;;;;;;;;;;;;;;;;;;;;;;;;;;;;;;;;
;;;;;;;;;;;;;;;;;;;;;;;;;;;;;;;;;;;;;;;;
;;;;;;;;;;;;;;;;;;;;;;;;;;;;;;;;;;;;;;;;
;;;;;;;;;;;;;;;;;;;;;;;;;;;;;;;;;;;;;;;;
;;;;;;;;;;;;;;;;;;;;;;;;;;;;;;;;;;;;;;;;
;;;;;;;;;;;;;;;;;;;;;;;;;;;;;;;;;;;;;;;;
;;;;;;;;;;;;;;;;;;;;;;;;;;;;;;;;;;;;;;;;
;;;;;;;;;;;;;;;;;;;;;;;;;;;;;;;;;;;;;;;;
;;;;;;;;;;;;;;;;;;;;;;;;;;;;;;;;;;;;;;;;
;;;;;;;;;;;;;;;;;;;;;;;;;;;;;;;;;;;;;;;;
;;;;;;;;;;;;;;;;;;;;;;;;;;;;;;;;;;;;;;;;
;;;;;;;;;;;;;;;;;;;;;;;;;;;;;;;;;;;;;;;;
;;;;;;;;;;;;;;;;;;;;;;;;;;;;;;;;;;;;;;;;
;;;;;;;;;;;;;;;;;;;;;;;;;;;;;;;;;;;;;;;;
;;;;;;;;;;;;;;;;;;;;;;;;;;;;;;;;;;;;;;;;
;;;;;;;;;;;;;;;;;;;;;;;;;;;;;;;;;;;;;;;;
;;;;;;;;;;;;;;;;;;;;;;;;;;;;;;;;;;;;;;;;
;;;;;;;;;;;;;;;;;;;;;;;;;;;;;;;;;;;;;;;;
;;;;;;;;;;;;;;;;;;;;;;;;;;;;;;;;;;;;;;;;
;;;;;;;;;;;;;;;;;;;;;;;;;;;;;;;;;;;;;;;;
;;;;;;;;;;;;;;;;;;;;;;;;;;;;;;;;;;;;;;;;
;;;;;;;;;;;;;;;;;;;;;;;;;;;;;;;;;;;;;;;;
;;;;;;;;;;;;;;;;;;;;;;;;;;;;;;;;;;;;;;;;
;;;;;;;;;;;;;;;;;;;;;;;;;;;;;;;;;;;;;;;;
;;;;;;;;;;;;;;;;;;;;;;;;;;;;;;;;;;;;;;;;
;;;;;;;;;;;;;;;;;;;;;;;;;;;;;;;;;;;;;;;;
;;;;;;;;;;;;;;;;;;;;;;;;;;;;;;;;;;;;;;;;
;;;;;;;;;;;;;;;;;;;;;;;;;;;;;;;;;;;;;;;;
;;;;;;;;;;;;;;;;;;;;;;;;;;;;;;;;;;;;;;;;
;;;;;;;;;;;;;;;;;;;;;;;;;;;;;;;;;;;;;;;;
;;;;;;;;;;;;;;;;;;;;;;;;;;;;;;;;;;;;;;;;
;;;;;;;;;;;;;;;;;;;;;;;;;;;;;;;;;;;;;;;;
;;;;;;;;;;;;;;;;;;;;;;;;;;;;;;;;;;;;;;;;
;;;;;;;;;;;;;;;;;;;;;;;;;;;;;;;;;;;;;;;;
;;;;;;;;;;;;;;;;;;;;;;;;;;;;;;;;;;;;;;;;
;;;;;;;;;;;;;;;;;;;;;;;;;;;;;;;;;;;;;;;;
;;;;;;;;;;;;;;;;;;;;;;;;;;;;;;;;;;;;;;;;
;;;;;;;;;;;;;;;;;;;;;;;;;;;;;;;;;;;;;;;;
;;;;;;;;;;;;;;;;;;;;;;;;;;;;;;;;;;;;;;;;
;;;;;;;;;;;;;;;;;;;;;;;;;;;;;;;;;;;;;;;;
;;;;;;;;;;;;;;;;;;;;;;;;;;;;;;;;;;;;;;;;
;;;;;;;;;;;;;;;;;;;;;;;;;;;;;;;;;;;;;;;;
;;;;;;;;;;;;;;;;;;;;;;;;;;;;;;;;;;;;;;;;
;;;;;;;;;;;;;;;;;;;;;;;;;;;;;;;;;;;;;;;;
;;;;;;;;;;;;;;;;;;;;;;;;;;;;;;;;;;;;;;;;
;;;;;;;;;;;;;;;;;;;;;;;;;;;;;;;;;;;;;;;;
;;;;;;;;;;;;;;;;;;;;;;;;;;;;;;;;;;;;;;;;
;;;;;;;;;;;;;;;;;;;;;;;;;;;;;;;;;;;;;;;;
;;;;;;;;;;;;;;;;;;;;;;;;;;;;;;;;;;;;;;;;
;;;;;;;;;;;;;;;;;;;;;;;;;;;;;;;;;;;;;;;;
;;;;;;;;;;;;;;;;;;;;;;;;;;;;;;;;;;;;;;;;
;;;;;;;;;;;;;;;;;;;;;;;;;;;;;;;;;;;;;;;;
;;;;;;;;;;;;;;;;;;;;;;;;;;;;;;;;;;;;;;;;
;;;;;;;;;;;;;;;;;;;;;;;;;;;;;;;;;;;;;;;;
;;;;;;;;;;;;;;;;;;;;;;;;;;;;;;;;;;;;;;;;
;;;;;;;;;;;;;;;;;;;;;;;;;;;;;;;;;;;;;;;;
;;;;;;;;;;;;;;;;;;;;;;;;;;;;;;;;;;;;;;;;
;;;;;;;;;;;;;;;;;;;;;;;;;;;;;;;;;;;;;;;;
;;;;;;;;;;;;;;;;;;;;;;;;;;;;;;;;;;;;;;;;
;;;;;;;;;;;;;;;;;;;;;;;;;;;;;;;;;;;;;;;;
;;;;;;;;;;;;;;;;;;;;;;;;;;;;;;;;;;;;;;;;
;;;;;;;;;;;;;;;;;;;;;;;;;;;;;;;;;;;;;;;;
;;;;;;;;;;;;;;;;;;;;;;;;;;;;;;;;;;;;;;;;
;;;;;;;;;;;;;;;;;;;;;;;;;;;;;;;;;;;;;;;;
;;;;;;;;;;;;;;;;;;;;;;;;;;;;;;;;;;;;;;;;
;;;;;;;;;;;;;;;;;;;;;;;;;;;;;;;;;;;;;;;;
;;;;;;;;;;;;;;;;;;;;;;;;;;;;;;;;;;;;;;;;
;;;;;;;;;;;;;;;;;;;;;;;;;;;;;;;;;;;;;;;;
;;;;;;;;;;;;;;;;;;;;;;;;;;;;;;;;;;;;;;;;
;;;;;;;;;;;;;;;;;;;;;;;;;;;;;;;;;;;;;;;;
;;;;;;;;;;;;;;;;;;;;;;;;;;;;;;;;;;;;;;;;
;;;;;;;;;;;;;;;;;;;;;;;;;;;;;;;;;;;;;;;;
;;;;;;;;;;;;;;;;;;;;;;;;;;;;;;;;;;;;;;;;
;;;;;;;;;;;;;;;;;;;;;;;;;;;;;;;;;;;;;;;;
;;;;;;;;;;;;;;;;;;;;;;;;;;;;;;;;;;;;;;;;
;;;;;;;;;;;;;;;;;;;;;;;;;;;;;;;;;;;;;;;;
;;;;;;;;;;;;;;;;;;;;;;;;;;;;;;;;;;;;;;;;
;;;;;;;;;;;;;;;;;;;;;;;;;;;;;;;;;;;;;;;;
;;;;;;;;;;;;;;;;;;;;;;;;;;;;;;;;;;;;;;;;
;;;;;;;;;;;;;;;;;;;;;;;;;;;;;;;;;;;;;;;;
;;;;;;;;;;;;;;;;;;;;;;;;;;;;;;;;;;;;;;;;
;;;;;;;;;;;;;;;;;;;;;;;;;;;;;;;;;;;;;;;;
;;;;;;;;;;;;;;;;;;;;;;;;;;;;;;;;;;;;;;;;
;;;;;;;;;;;;;;;;;;;;;;;;;;;;;;;;;;;;;;;;
;;;;;;;;;;;;;;;;;;;;;;;;;;;;;;;;;;;;;;;;
;;;;;;;;;;;;;;;;;;;;;;;;;;;;;;;;;;;;;;;;
;;;;;;;;;;;;;;;;;;;;;;;;;;;;;;;;;;;;;;;;
;;;;;;;;;;;;;;;;;;;;;;;;;;;;;;;;;;;;;;;;
;;;;;;;;;;;;;;;;;;;;;;;;;;;;;;;;;;;;;;;;
;;;;;;;;;;;;;;;;;;;;;;;;;;;;;;;;;;;;;;;;
;;;;;;;;;;;;;;;;;;;;;;;;;;;;;;;;;;;;;;;;
;;;;;;;;;;;;;;;;;;;;;;;;;;;;;;;;;;;;;;;;
;;;;;;;;;;;;;;;;;;;;;;;;;;;;;;;;;;;;;;;;
;;;;;;;;;;;;;;;;;;;;;;;;;;;;;;;;;;;;;;;;
;;;;;;;;;;;;;;;;;;;;;;;;;;;;;;;;;;;;;;;;
;;;;;;;;;;;;;;;;;;;;;;;;;;;;;;;;;;;;;;;;
;;;;;;;;;;;;;;;;;;;;;;;;;;;;;;;;;;;;;;;;
;;;;;;;;;;;;;;;;;;;;;;;;;;;;;;;;;;;;;;;;
;;;;;;;;;;;;;;;;;;;;;;;;;;;;;;;;;;;;;;;;
;;;;;;;;;;;;;;;;;;;;;;;;;;;;;;;;;;;;;;;;
;;;;;;;;;;;;;;;;;;;;;;;;;;;;;;;;;;;;;;;;
;;;;;;;;;;;;;;;;;;;;;;;;;;;;;;;;;;;;;;;;
;;;;;;;;;;;;;;;;;;;;;;;;;;;;;;;;;;;;;;;;
;;;;;;;;;;;;;;;;;;;;;;;;;;;;;;;;;;;;;;;;
;;;;;;;;;;;;;;;;;;;;;;;;;;;;;;;;;;;;;;;;
;;;;;;;;;;;;;;;;;;;;;;;;;;;;;;;;;;;;;;;;
;;;;;;;;;;;;;;;;;;;;;;;;;;;;;;;;;;;;;;;;
;;;;;;;;;;;;;;;;;;;;;;;;;;;;;;;;;;;;;;;;
;;;;;;;;;;;;;;;;;;;;;;;;;;;;;;;;;;;;;;;;
;;;;;;;;;;;;;;;;;;;;;;;;;;;;;;;;;;;;;;;;
;;;;;;;;;;;;;;;;;;;;;;;;;;;;;;;;;;;;;;;;
;;;;;;;;;;;;;;;;;;;;;;;;;;;;;;;;;;;;;;;;
;;;;;;;;;;;;;;;;;;;;;;;;;;;;;;;;;;;;;;;;
;;;;;;;;;;;;;;;;;;;;;;;;;;;;;;;;;;;;;;;;
;;;;;;;;;;;;;;;;;;;;;;;;;;;;;;;;;;;;;;;;
;;;;;;;;;;;;;;;;;;;;;;;;;;;;;;;;;;;;;;;;
;;;;;;;;;;;;;;;;;;;;;;;;;;;;;;;;;;;;;;;;
;;;;;;;;;;;;;;;;;;;;;;;;;;;;;;;;;;;;;;;;
;;;;;;;;;;;;;;;;;;;;;;;;;;;;;;;;;;;;;;;;
;;;;;;;;;;;;;;;;;;;;;;;;;;;;;;;;;;;;;;;;
;;;;;;;;;;;;;;;;;;;;;;;;;;;;;;;;;;;;;;;;
;;;;;;;;;;;;;;;;;;;;;;;;;;;;;;;;;;;;;;;;
;;;;;;;;;;;;;;;;;;;;;;;;;;;;;;;;;;;;;;;;
;;;;;;;;;;;;;;;;;;;;;;;;;;;;;;;;;;;;;;;;
;;;;;;;;;;;;;;;;;;;;;;;;;;;;;;;;;;;;;;;;
;;;;;;;;;;;;;;;;;;;;;;;;;;;;;;;;;;;;;;;;
;;;;;;;;;;;;;;;;;;;;;;;;;;;;;;;;;;;;;;;;
;;;;;;;;;;;;;;;;;;;;;;;;;;;;;;;;;;;;;;;;
;;;;;;;;;;;;;;;;;;;;;;;;;;;;;;;;;;;;;;;;
;;;;;;;;;;;;;;;;;;;;;;;;;;;;;;;;;;;;;;;;
;;;;;;;;;;;;;;;;;;;;;;;;;;;;;;;;;;;;;;;;
;;;;;;;;;;;;;;;;;;;;;;;;;;;;;;;;;;;;;;;;
;;;;;;;;;;;;;;;;;;;;;;;;;;;;;;;;;;;;;;;;
;;;;;;;;;;;;;;;;;;;;;;;;;;;;;;;;;;;;;;;;
;;;;;;;;;;;;;;;;;;;;;;;;;;;;;;;;;;;;;;;;
;;;;;;;;;;;;;;;;;;;;;;;;;;;;;;;;;;;;;;;;
;;;;;;;;;;;;;;;;;;;;;;;;;;;;;;;;;;;;;;;;
;;;;;;;;;;;;;;;;;;;;;;;;;;;;;;;;;;;;;;;;
;;;;;;;;;;;;;;;;;;;;;;;;;;;;;;;;;;;;;;;;
;;;;;;;;;;;;;;;;;;;;;;;;;;;;;;;;;;;;;;;;
;;;;;;;;;;;;;;;;;;;;;;;;;;;;;;;;;;;;;;;;
;;;;;;;;;;;;;;;;;;;;;;;;;;;;;;;;;;;;;;;;
;;;;;;;;;;;;;;;;;;;;;;;;;;;;;;;;;;;;;;;;
;;;;;;;;;;;;;;;;;;;;;;;;;;;;;;;;;;;;;;;;
;;;;;;;;;;;;;;;;;;;;;;;;;;;;;;;;;;;;;;;;
;;;;;;;;;;;;;;;;;;;;;;;;;;;;;;;;;;;;;;;;
;;;;;;;;;;;;;;;;;;;;;;;;;;;;;;;;;;;;;;;;
;;;;;;;;;;;;;;;;;;;;;;;;;;;;;;;;;;;;;;;;
;;;;;;;;;;;;;;;;;;;;;;;;;;;;;;;;;;;;;;;;
;;;;;;;;;;;;;;;;;;;;;;;;;;;;;;;;;;;;;;;;
;;;;;;;;;;;;;;;;;;;;;;;;;;;;;;;;;;;;;;;;
;;;;;;;;;;;;;;;;;;;;;;;;;;;;;;;;;;;;;;;;
;;;;;;;;;;;;;;;;;;;;;;;;;;;;;;;;;;;;;;;;
;;;;;;;;;;;;;;;;;;;;;;;;;;;;;;;;;;;;;;;;
;;;;;;;;;;;;;;;;;;;;;;;;;;;;;;;;;;;;;;;;
;;;;;;;;;;;;;;;;;;;;;;;;;;;;;;;;;;;;;;;;
;;;;;;;;;;;;;;;;;;;;;;;;;;;;;;;;;;;;;;;;
;;;;;;;;;;;;;;;;;;;;;;;;;;;;;;;;;;;;;;;;
;;;;;;;;;;;;;;;;;;;;;;;;;;;;;;;;;;;;;;;;
;;;;;;;;;;;;;;;;;;;;;;;;;;;;;;;;;;;;;;;;
;;;;;;;;;;;;;;;;;;;;;;;;;;;;;;;;;;;;;;;;
;;;;;;;;;;;;;;;;;;;;;;;;;;;;;;;;;;;;;;;;
;;;;;;;;;;;;;;;;;;;;;;;;;;;;;;;;;;;;;;;;
;;;;;;;;;;;;;;;;;;;;;;;;;;;;;;;;;;;;;;;;
;;;;;;;;;;;;;;;;;;;;;;;;;;;;;;;;;;;;;;;;
;;;;;;;;;;;;;;;;;;;;;;;;;;;;;;;;;;;;;;;;
;;;;;;;;;;;;;;;;;;;;;;;;;;;;;;;;;;;;;;;;
;;;;;;;;;;;;;;;;;;;;;;;;;;;;;;;;;;;;;;;;
;;;;;;;;;;;;;;;;;;;;;;;;;;;;;;;;;;;;;;;;
;;;;;;;;;;;;;;;;;;;;;;;;;;;;;;;;;;;;;;;;
;;;;;;;;;;;;;;;;;;;;;;;;;;;;;;;;;;;;;;;;
;;;;;;;;;;;;;;;;;;;;;;;;;;;;;;;;;;;;;;;;
;;;;;;;;;;;;;;;;;;;;;;;;;;;;;;;;;;;;;;;;
;;;;;;;;;;;;;;;;;;;;;;;;;;;;;;;;;;;;;;;;
;;;;;;;;;;;;;;;;;;;;;;;;;;;;;;;;;;;;;;;;
;;;;;;;;;;;;;;;;;;;;;;;;;;;;;;;;;;;;;;;;
;;;;;;;;;;;;;;;;;;;;;;;;;;;;;;;;;;;;;;;;
;;;;;;;;;;;;;;;;;;;;;;;;;;;;;;;;;;;;;;;;
;;;;;;;;;;;;;;;;;;;;;;;;;;;;;;;;;;;;;;;;
;;;;;;;;;;;;;;;;;;;;;;;;;;;;;;;;;;;;;;;;
;;;;;;;;;;;;;;;;;;;;;;;;;;;;;;;;;;;;;;;;
;;;;;;;;;;;;;;;;;;;;;;;;;;;;;;;;;;;;;;;;
;;;;;;;;;;;;;;;;;;;;;;;;;;;;;;;;;;;;;;;;
;;;;;;;;;;;;;;;;;;;;;;;;;;;;;;;;;;;;;;;;
;;;;;;;;;;;;;;;;;;;;;;;;;;;;;;;;;;;;;;;;
;;;;;;;;;;;;;;;;;;;;;;;;;;;;;;;;;;;;;;;;
;;;;;;;;;;;;;;;;;;;;;;;;;;;;;;;;;;;;;;;;
;;;;;;;;;;;;;;;;;;;;;;;;;;;;;;;;;;;;;;;;
;;;;;;;;;;;;;;;;;;;;;;;;;;;;;;;;;;;;;;;;
;;;;;;;;;;;;;;;;;;;;;;;;;;;;;;;;;;;;;;;;
;;;;;;;;;;;;;;;;;;;;;;;;;;;;;;;;;;;;;;;;
;;;;;;;;;;;;;;;;;;;;;;;;;;;;;;;;;;;;;;;;
;;;;;;;;;;;;;;;;;;;;;;;;;;;;;;;;;;;;;;;;
;;;;;;;;;;;;;;;;;;;;;;;;;;;;;;;;;;;;;;;;
;;;;;;;;;;;;;;;;;;;;;;;;;;;;;;;;;;;;;;;;
;;;;;;;;;;;;;;;;;;;;;;;;;;;;;;;;;;;;;;;;
;;;;;;;;;;;;;;;;;;;;;;;;;;;;;;;;;;;;;;;;
;;;;;;;;;;;;;;;;;;;;;;;;;;;;;;;;;;;;;;;;
;;;;;;;;;;;;;;;;;;;;;;;;;;;;;;;;;;;;;;;;
;;;;;;;;;;;;;;;;;;;;;;;;;;;;;;;;;;;;;;;;
;;;;;;;;;;;;;;;;;;;;;;;;;;;;;;;;;;;;;;;;
;;;;;;;;;;;;;;;;;;;;;;;;;;;;;;;;;;;;;;;;
;;;;;;;;;;;;;;;;;;;;;;;;;;;;;;;;;;;;;;;;
;;;;;;;;;;;;;;;;;;;;;;;;;;;;;;;;;;;;;;;;
;;;;;;;;;;;;;;;;;;;;;;;;;;;;;;;;;;;;;;;;
;;;;;;;;;;;;;;;;;;;;;;;;;;;;;;;;;;;;;;;;
;;;;;;;;;;;;;;;;;;;;;;;;;;;;;;;;;;;;;;;;
;;;;;;;;;;;;;;;;;;;;;;;;;;;;;;;;;;;;;;;;
;;;;;;;;;;;;;;;;;;;;;;;;;;;;;;;;;;;;;;;;
;;;;;;;;;;;;;;;;;;;;;;;;;;;;;;;;;;;;;;;;
;;;;;;;;;;;;;;;;;;;;;;;;;;;;;;;;;;;;;;;;
;;;;;;;;;;;;;;;;;;;;;;;;;;;;;;;;;;;;;;;;
;;;;;;;;;;;;;;;;;;;;;;;;;;;;;;;;;;;;;;;;
;;;;;;;;;;;;;;;;;;;;;;;;;;;;;;;;;;;;;;;;
;;;;;;;;;;;;;;;;;;;;;;;;;;;;;;;;;;;;;;;;
;;;;;;;;;;;;;;;;;;;;;;;;;;;;;;;;;;;;;;;;
;;;;;;;;;;;;;;;;;;;;;;;;;;;;;;;;;;;;;;;;
;;;;;;;;;;;;;;;;;;;;;;;;;;;;;;;;;;;;;;;;
;;;;;;;;;;;;;;;;;;;;;;;;;;;;;;;;;;;;;;;;
;;;;;;;;;;;;;;;;;;;;;;;;;;;;;;;;;;;;;;;;
;;;;;;;;;;;;;;;;;;;;;;;;;;;;;;;;;;;;;;;;
;;;;;;;;;;;;;;;;;;;;;;;;;;;;;;;;;;;;;;;;
;;;;;;;;;;;;;;;;;;;;;;;;;;;;;;;;;;;;;;;;
;;;;;;;;;;;;;;;;;;;;;;;;;;;;;;;;;;;;;;;;
;;;;;;;;;;;;;;;;;;;;;;;;;;;;;;;;;;;;;;;;
;;;;;;;;;;;;;;;;;;;;;;;;;;;;;;;;;;;;;;;;
;;;;;;;;;;;;;;;;;;;;;;;;;;;;;;;;;;;;;;;;
;;;;;;;;;;;;;;;;;;;;;;;;;;;;;;;;;;;;;;;;
;;;;;;;;;;;;;;;;;;;;;;;;;;;;;;;;;;;;;;;;
;;;;;;;;;;;;;;;;;;;;;;;;;;;;;;;;;;;;;;;;
;;;;;;;;;;;;;;;;;;;;;;;;;;;;;;;;;;;;;;;;
;;;;;;;;;;;;;;;;;;;;;;;;;;;;;;;;;;;;;;;;
;;;;;;;;;;;;;;;;;;;;;;;;;;;;;;;;;;;;;;;;
;;;;;;;;;;;;;;;;;;;;;;;;;;;;;;;;;;;;;;;;
;;;;;;;;;;;;;;;;;;;;;;;;;;;;;;;;;;;;;;;;
;;;;;;;;;;;;;;;;;;;;;;;;;;;;;;;;;;;;;;;;
;;;;;;;;;;;;;;;;;;;;;;;;;;;;;;;;;;;;;;;;
;;;;;;;;;;;;;;;;;;;;;;;;;;;;;;;;;;;;;;;;
;;;;;;;;;;;;;;;;;;;;;;;;;;;;;;;;;;;;;;;;
;;;;;;;;;;;;;;;;;;;;;;;;;;;;;;;;;;;;;;;;
;;;;;;;;;;;;;;;;;;;;;;;;;;;;;;;;;;;;;;;;
;;;;;;;;;;;;;;;;;;;;;;;;;;;;;;;;;;;;;;;;
;;;;;;;;;;;;;;;;;;;;;;;;;;;;;;;;;;;;;;;;
;;;;;;;;;;;;;;;;;;;;;;;;;;;;;;;;;;;;;;;;
;;;;;;;;;;;;;;;;;;;;;;;;;;;;;;;;;;;;;;;;
;;;;;;;;;;;;;;;;;;;;;;;;;;;;;;;;;;;;;;;;
;;;;;;;;;;;;;;;;;;;;;;;;;;;;;;;;;;;;;;;;
;;;;;;;;;;;;;;;;;;;;;;;;;;;;;;;;;;;;;;;;
;;;;;;;;;;;;;;;;;;;;;;;;;;;;;;;;;;;;;;;;
;;;;;;;;;;;;;;;;;;;;;;;;;;;;;;;;;;;;;;;;
;;;;;;;;;;;;;;;;;;;;;;;;;;;;;;;;;;;;;;;;
;;;;;;;;;;;;;;;;;;;;;;;;;;;;;;;;;;;;;;;;
;;;;;;;;;;;;;;;;;;;;;;;;;;;;;;;;;;;;;;;;
;;;;;;;;;;;;;;;;;;;;;;;;;;;;;;;;;;;;;;;;
;;;;;;;;;;;;;;;;;;;;;;;;;;;;;;;;;;;;;;;;
;;;;;;;;;;;;;;;;;;;;;;;;;;;;;;;;;;;;;;;;
;;;;;;;;;;;;;;;;;;;;;;;;;;;;;;;;;;;;;;;;
;;;;;;;;;;;;;;;;;;;;;;;;;;;;;;;;;;;;;;;;
;;;;;;;;;;;;;;;;;;;;;;;;;;;;;;;;;;;;;;;;
;;;;;;;;;;;;;;;;;;;;;;;;;;;;;;;;;;;;;;;;
;;;;;;;;;;;;;;;;;;;;;;;;;;;;;;;;;;;;;;;;
;;;;;;;;;;;;;;;;;;;;;;;;;;;;;;;;;;;;;;;;
;;;;;;;;;;;;;;;;;;;;;;;;;;;;;;;;;;;;;;;;
;;;;;;;;;;;;;;;;;;;;;;;;;;;;;;;;;;;;;;;;
;;;;;;;;;;;;;;;;;;;;;;;;;;;;;;;;;;;;;;;;
;;;;;;;;;;;;;;;;;;;;;;;;;;;;;;;;;;;;;;;;
;;;;;;;;;;;;;;;;;;;;;;;;;;;;;;;;;;;;;;;;
;;;;;;;;;;;;;;;;;;;;;;;;;;;;;;;;;;;;;;;;
;;;;;;;;;;;;;;;;;;;;;;;;;;;;;;;;;;;;;;;;
;;;;;;;;;;;;;;;;;;;;;;;;;;;;;;;;;;;;;;;;
;;;;;;;;;;;;;;;;;;;;;;;;;;;;;;;;;;;;;;;;
;;;;;;;;;;;;;;;;;;;;;;;;;;;;;;;;;;;;;;;;
;;;;;;;;;;;;;;;;;;;;;;;;;;;;;;;;;;;;;;;;
;;;;;;;;;;;;;;;;;;;;;;;;;;;;;;;;;;;;;;;;
;;;;;;;;;;;;;;;;;;;;;;;;;;;;;;;;;;;;;;;;
;;;;;;;;;;;;;;;;;;;;;;;;;;;;;;;;;;;;;;;;
;;;;;;;;;;;;;;;;;;;;;;;;;;;;;;;;;;;;;;;;
;;;;;;;;;;;;;;;;;;;;;;;;;;;;;;;;;;;;;;;;
;;;;;;;;;;;;;;;;;;;;;;;;;;;;;;;;;;;;;;;;
;;;;;;;;;;;;;;;;;;;;;;;;;;;;;;;;;;;;;;;;
;;;;;;;;;;;;;;;;;;;;;;;;;;;;;;;;;;;;;;;;
;;;;;;;;;;;;;;;;;;;;;;;;;;;;;;;;;;;;;;;;
;;;;;;;;;;;;;;;;;;;;;;;;;;;;;;;;;;;;;;;;
;;;;;;;;;;;;;;;;;;;;;;;;;;;;;;;;;;;;;;;;
;;;;;;;;;;;;;;;;;;;;;;;;;;;;;;;;;;;;;;;;
;;;;;;;;;;;;;;;;;;;;;;;;;;;;;;;;;;;;;;;;
;;;;;;;;;;;;;;;;;;;;;;;;;;;;;;;;;;;;;;;;
;;;;;;;;;;;;;;;;;;;;;;;;;;;;;;;;;;;;;;;;
;;;;;;;;;;;;;;;;;;;;;;;;;;;;;;;;;;;;;;;;
;;;;;;;;;;;;;;;;;;;;;;;;;;;;;;;;;;;;;;;;
;;;;;;;;;;;;;;;;;;;;;;;;;;;;;;;;;;;;;;;;
;;;;;;;;;;;;;;;;;;;;;;;;;;;;;;;;;;;;;;;;
;;;;;;;;;;;;;;;;;;;;;;;;;;;;;;;;;;;;;;;;
;;;;;;;;;;;;;;;;;;;;;;;;;;;;;;;;;;;;;;;;
;;;;;;;;;;;;;;;;;;;;;;;;;;;;;;;;;;;;;;;;
;;;;;;;;;;;;;;;;;;;;;;;;;;;;;;;;;;;;;;;;
;;;;;;;;;;;;;;;;;;;;;;;;;;;;;;;;;;;;;;;;
;;;;;;;;;;;;;;;;;;;;;;;;;;;;;;;;;;;;;;;;
;;;;;;;;;; ;;;;;;;;;;;;;;;;;;;;;;;;;;;;;;
